split,random_state,country,satellite,bands,num_features,points,month_range,year_range,limit_months,crop_mask,weighted_avg,hot_encode,total_n,train_n,test_n,best_reg_param,mean_of_val_R2,val_R2,val_r,val_r2,train_R2,train_r,train_r2,test_R2,test_r,test_r2,demean_cv_R2,demean_cv_r,demean_cv_r2,demean_test_R2,demean_test_r,demean_test_r2
0,670487,ZMB,sentinel-2-l2a,2-3-4,1000,20,4-9,2016-2022,True,True,False,False,504,403,101,[0.09999999999999999],[0.3577375281464688],0.39734744290222457,0.6453910342330199,0.41652958706836707,0.7367724070886805,0.8614895270341159,0.7421642051894646,0.5006631998151139,0.7138816853138273,0.5096270606265104,-0.5556255641087207,0.18802896914168207,0.03535489323648363,0.05831368378190005,0.497163065328056,0.24717111352638887
0,670487,ZMB,sentinel-2-l2a,2-3-4,1000,20,4-9,2016-2022,True,True,True,False,504,403,101,[0.09999999999999999],[0.3271456358616211],0.368164989282155,0.6237066789603746,0.38901002137977975,0.7299384976257379,0.8577056328640578,0.7356589526467339,0.4920304889847873,0.7083572209595981,0.5017699524856049,-0.5983957377412319,0.17825859654375675,0.03177612724174985,0.061386669513311065,0.4981144779111683,0.24811803310471578
0,670487,ZMB,sentinel-2-l2a,2-3-4-8,1000,15,4-9,2016-2022,True,False,False,False,504,403,101,[1.0],[0.5720532280470197],0.5965026537867386,0.7756253971113938,0.6015947566442073,0.7604967412376425,0.8728302863285216,0.7618327087323289,0.6355997448045341,0.8001455328889909,0.6402328738022073,-0.13769483948196393,0.34225988665365253,0.11714183001217109,0.33119911715084516,0.5929621668315269,0.35160413129353957
0,670487,ZMB,sentinel-2-l2a,2-3-4-8,1000,15,4-9,2016-2022,True,False,True,False,504,403,101,[1.0],[0.4953697464051244],0.5148266197617539,0.7190755707773306,0.5170696764887438,0.6967599709632111,0.8366621904882893,0.7000036209926624,0.5901023853448438,0.773894630795008,0.5989128995733417,-0.14612818151819962,0.35692369361596554,0.12739452306446364,0.242236470593716,0.5646359212160594,0.3188137235275081
0,670487,ZMB,sentinel-2-l2a,2-3-4-8,1000,15,4-9,2016-2022,True,True,False,False,504,403,101,[1.0],[0.5937065552750249],0.6117225853391084,0.7824232357499876,0.6121861198414807,0.7511708631011079,0.8678217738142111,0.7531146311060438,0.6941400416283183,0.8427211263312949,0.7101788967650864,0.03580937527716288,0.4017330058340387,0.16138940797645177,0.46017450477107835,0.6802706627538246,0.4627681746035278
0,670487,ZMB,sentinel-2-l2a,2-3-4-8,1000,15,4-9,2016-2022,True,True,True,False,504,403,101,[1.0],[0.5213079474115097],0.5380893243368609,0.7339889915483289,0.5387398397141328,0.6983517116286428,0.8374371350053547,0.7013009550859766,0.6133920354599532,0.7896234852112297,0.6235052483971291,-0.06133633611348288,0.38290484556059157,0.14661612075378047,0.35073292310118376,0.6413514216306693,0.4113316460276805
0,670487,ZMB,landsat-8-c2-l2,1-2-3-4-5-6-7,1000,15,4-9,2013-2021,True,True,False,False,648,518,130,[1.0],[0.5640255662954446],0.5854694042647088,0.7697714371701367,0.5925480654829778,0.7984220309105743,0.8950889192874795,0.8011841734312279,0.656381363656412,0.8103052653266648,0.6565946230161166,-0.3892592724707573,0.2553121923488083,0.06518431556195489,0.3345910115062125,0.5820885701917807,0.3388271035479116
0,670487,ZMB,landsat-8-c2-l2,1-2-3-4-5-6-7,1000,15,4-9,2013-2021,True,False,False,False,648,518,130,[10.0],[0.5474836729555307],0.5678440809124148,0.7562584613417956,0.5719268603510602,0.7270680514398131,0.8540048277320844,0.7293242457897072,0.6447719221397639,0.8040775989490181,0.646540785131618,-0.1997500220912245,0.28157613038299933,0.07928511720146385,0.31300220246256205,0.5713433954529247,0.3264332755276771
0,670487,ZMB,sentinel-2-l2a,2-3-4,1000,15,4-9,2016-2022,True,True,True,False,504,403,101,[1.0],[0.27958376603078133],0.3125709109218128,0.5911123046035491,0.34941375665371904,0.7130923642972218,0.8475288796639738,0.7183052018644707,0.39155487896788743,0.6337846163421965,0.40168293991202525,-0.49332831391451415,0.33817232700107025,0.11436052274931878,0.00955060136498298,0.5509887336237809,0.3035885845803378
0,670487,ZMB,sentinel-2-l2a,2-3-4,1000,15,4-9,2016-2022,True,False,True,False,504,403,101,[1.0],[0.2586502812248759],0.2926042086670274,0.5774333800492146,0.33342930839506074,0.702886303826456,0.8416204616840008,0.7083250015251907,0.3768319291125489,0.6210088739711679,0.38565202155093786,-0.4847950993218788,0.34051631302100677,0.11595135943342026,0.009557330173671552,0.5459281005392007,0.29803749095833965
0,670487,ZMB,sentinel-2-l2a,2-3-4,1000,15,4-9,2016-2022,True,False,False,False,504,403,101,[10.0],[0.3811444924776673],0.4075632218313795,0.6443483984378369,0.41518485856940535,0.6312596542640436,0.7983561841422577,0.6373725967581866,0.48745216276684245,0.701805425251369,0.4925308549122549,-0.11817902817295178,0.38887471280259944,0.1512235422573042,0.3767060358200548,0.6536837598235442,0.427302457857045
0,670487,ZMB,sentinel-2-l2a,2-3-4,1000,15,4-9,2016-2022,True,True,False,False,504,403,101,[10.0],[0.31222348918512477],0.33829312617366136,0.5955133397278889,0.354636137793864,0.6060734552444831,0.7822186780193661,0.6118660602423647,0.4709316023390584,0.6940778794346683,0.48174410272052587,-0.18659509188006718,0.37182266326530866,0.13825209291770713,0.3456100601168638,0.6282126702679636,0.3946511590852051
0,670487,ZMB,landsat-8-c2-l2,1-2-3-4-5-6-7,1000,15,4-9,2013-2021,True,False,True,False,648,518,130,[1.0],[0.5186277440816005],0.5358303164981182,0.7390167581566799,0.5461457688364086,0.7867985660169081,0.8889827170005812,0.7902902711257354,0.6216133102443254,0.7893790004749464,0.6231192063908254,-0.3751961151580194,0.30999950544526267,0.09609969337630744,0.4190635933912126,0.6763367872842546,0.4574314498339871
0,670487,ZMB,landsat-8-c2-l2,1-2-3-4-5-6-7,1000,15,4-9,2013-2021,True,True,True,False,648,518,130,[1.0],[0.5329782678900862],0.5493386719237545,0.7452625580661342,0.555416280455278,0.7875433452761201,0.8894856305075474,0.7911846868794091,0.6475340606754475,0.8059186973369609,0.649504946717304,-0.36440588403509144,0.30004364238439063,0.0900261873352921,0.3709038291520447,0.6319333427999563,0.39933974974232705
0,670487,ZMB,sentinel-2-l2a,2-3-4,1000,4,4-9,2016-2022,True,False,True,False,504,403,101,[0.09999999999999999],[0.5177420125498676],0.5438874555853457,0.7436928927201415,0.5530791186824519,0.7757983015478237,0.8828116203265555,0.7793563569835983,0.6038425700391992,0.7894773958006633,0.6232745584801972,-0.4176324485426952,0.22919176207529998,0.05252886380318091,0.460260511273033,0.7267221091151237,0.5281250238767338
0,670487,ZMB,sentinel-2-l2a,2-3-4,1000,4,4-9,2016-2022,True,True,True,False,504,403,101,[0.09999999999999999],[0.5148271661907529],0.5426182826657093,0.7432068833026959,0.5523564713885071,0.776694033424745,0.8832975268633221,0.7802145209628611,0.6012215616971792,0.7878490870964932,0.6207061840387776,-0.42381587612959915,0.2244600734304661,0.050382324564410226,0.4562852771029007,0.7275347794509763,0.5293068553107808
0,670487,ZMB,landsat-8-c2-l2,1-2-3-4-5-6-7,1000,20,4-9,2013-2021,True,True,False,False,648,518,130,[0.09999999999999999],[0.47374231014134766],0.49788380963542866,0.7283904958446683,0.5305527144368417,0.811044650484233,0.9018458879407998,0.8133260055957297,0.690644060768261,0.833737359572509,0.6951179847469392,-0.6603739472015941,0.334248947580409,0.11172235895861102,0.40455075220442027,0.6908445522762248,0.47726619540973747
0,670487,ZMB,landsat-8-c2-l2,1-2-3-4-5-6-7,1000,20,4-9,2013-2021,True,True,True,False,648,518,130,[0.09999999999999999],[0.4770622352573791],0.5014378407872063,0.7284366164958953,0.530619904251988,0.8099818956060598,0.9012901085267557,0.8123238597281711,0.684031181325645,0.8296466000816454,0.6883134810270336,-0.6388724043108553,0.33963208951959706,0.11534995623144759,0.4138233623555039,0.6915866059377653,0.4782920335125179
0,670487,ZMB,sentinel-2-l2a,2-3-4,1000,20,1-12,2016-2022,False,True,True,False,490,392,98,[1.0],[0.563022437881148],0.5895698522222862,0.7779911963864194,0.6052703016547722,0.8403828467537713,0.9176988790237388,0.8421712325614268,0.46047853355301616,0.6928331672368611,0.4800177976234603,-0.2689311891769137,0.4425842488407137,0.19588081732189877,-1.9265036691251871,-0.01051291511138528,0.00011052138413919298
0,670487,ZMB,landsat-8-c2-l2,1-2-3-4-5-6-7,1000,15,1-12,2014-2021,False,False,False,False,384,307,77,[100.0],[0.6499787691554106],0.6657980018324302,0.8187554967585925,0.6703605634724096,0.8276009941801558,0.9109372778948827,0.8298067242585386,0.46791566221409675,0.7110856075894048,0.5056427413207929,-0.0701747935168815,0.39084820161808487,0.15276231670809112,-0.07236649343041113,0.250338848685197,0.06266953916102996
0,670487,ZMB,sentinel-2-l2a,2-3-4,1000,4,1-12,2016-2022,False,True,True,False,497,397,100,[1.0],[0.5561544723822633],0.5844579407964984,0.7709014555870725,0.5942890542262671,0.814985753915271,0.9040832071087571,0.8173664453760559,0.6458403470130365,0.8063995389468711,0.6502802164137262,-0.1409626319073376,0.40714730186839665,0.1657689254187153,-0.046718287302547123,0.5847457115874763,0.34192754721994406
0,670487,ZMB,sentinel-2-l2a,2-3-4,1000,4,1-12,2016-2022,False,True,False,False,497,397,100,[0.09999999999999999],[0.5451159458525436],0.5718634128798031,0.769772911523698,0.5925503353156709,0.9059095835544307,0.9529266815537971,0.9080692604171319,0.6721761502973973,0.8289346430215354,0.6871326424012404,-0.2874854737002892,0.38164366728273685,0.14565188877701635,-0.3605962091685324,0.5261185311032535,0.2768007087702451
0,670487,ZMB,sentinel-2-l2a,2-3-4,1000,4,1-12,2016-2022,False,False,True,False,497,397,100,[1.0],[0.5362504351186008],0.5646355263451523,0.7597712653922581,0.5772523757157532,0.8083275687031026,0.900396599206081,0.810714035861876,0.6059496326195883,0.7826161820506732,0.6124880884075724,-0.1913639458612102,0.3879974452780527,0.1505420175422955,-0.17953380065230506,0.5813437611682646,0.33796056864926427
0,670487,ZMB,sentinel-2-l2a,2-3-4,1000,4,1-12,2016-2022,False,False,False,False,497,397,100,[1.0],[0.505368855488968],0.5317199652025604,0.7358105217908109,0.5414171239780653,0.7843917833175045,0.8873415844224521,0.7873750874453478,0.6563867716540994,0.8126029877343142,0.660323615674734,-0.19235774888235935,0.359404470222713,0.12917157321606898,-0.3406764108429856,0.5199742682725597,0.27037323966558385
0,670487,ZMB,landsat-8-c2-l2,1-2-3-4-5-6-7,1000,15,1-12,2014-2021,False,False,True,False,384,307,77,[100.0],[0.6011257990488493],0.6093673207714196,0.7851555151148695,0.6164691829152961,0.8034087719649916,0.8976176238954199,0.8057173987276595,0.4228513443074253,0.6867981236869422,0.4716916626999043,-0.15698684943156693,0.3796685549227903,0.14414821159715982,-0.2405411851704813,0.11032512631649699,0.012171633496751016
0,670487,ZMB,landsat-8-c2-l2,1-2-3-4-5-6-7,1000,15,1-12,2014-2021,False,True,False,False,384,307,77,[100.0],[0.609788513470945],0.63110337340589,0.796707090258206,0.6347421876676972,0.7940630520139564,0.8925635184535887,0.7966696344742498,0.4029996023703104,0.6585683836958438,0.43371231600375615,-0.15505031278254866,0.3633036146603811,0.13198951642529866,-0.15005711632397833,0.13977373630571457,0.01953669736085943
0,670487,ZMB,landsat-8-c2-l2,1-2-3-4-5-6-7,1000,15,1-12,2014-2021,False,True,True,False,384,307,77,[100.0],[0.5898551111896969],0.6009646267561985,0.7796343827838126,0.6078297708186964,0.7926679114098629,0.8916648674301948,0.7950662358093069,0.4543728576726037,0.7054774774369004,0.4976984711707323,-0.19822505308009797,0.36458905316409373,0.13292517768709036,-0.10978399783123804,0.22483990673492904,0.050552983660571586
0,670487,ZMB,landsat-c2-l2,r-g-b-nir-swir16-swir22,1024,20,4-9,2009-2021,True,True,True,False,936,748,188,[1.0],[0.5095080431382376],0.5132363377062918,0.7197942796803285,0.518103805060523,0.7036549569854817,0.8417943987838457,0.7086178098238561,0.5510797449805225,0.7468330038883613,0.5577595356969131,0.06432912788594092,0.420323125988035,0.17667153024035354,-0.031111789840732706,0.3854340176153923,0.14855938193514254
0,670487,ZMB,landsat-c2-l2,r-g-b-nir-swir16-swir22,1024,20,4-9,2009-2021,True,True,False,False,936,748,188,[1.0],[0.5108872156734575],0.5140123194173731,0.720844312672466,0.5196165231122398,0.7064772848329224,0.8433427077128506,0.7112269226524425,0.5504316804740763,0.7470312502657566,0.5580556888736194,0.05262423392369153,0.4192268571577128,0.17575115776233333,-0.08046329974272703,0.36269336617588854,0.13154647786799717
0,670487,ZMB,landsat-8-c2-l2,1-2-3-4-5-6-7,1000,20,1-12,2014-2021,False,True,False,False,376,300,76,[1000.0],[0.5065165796701716],0.5154664942362308,0.718020215745309,0.5155530302189402,0.6430105124624008,0.8056349042753967,0.6490475989868276,0.611721540300194,0.7824725903004897,0.6122633545715579,0.043967531741474164,0.4198574014503813,0.17628023755266664,-0.039329732405971374,0.25749680268674646,0.06630460339389724
0,670487,ZMB,sentinel-2-l2a,2-3-4-8,1000,15,1-12,2016-2022,False,True,True,False,490,392,98,[10.0],[0.559593638707282],0.5893245338139779,0.7689538847122024,0.591290076813987,0.7764315074669614,0.8830022456629385,0.7796929658457924,0.63647437445926,0.8023561516733506,0.6437753941280688,0.04592751753374269,0.4912408501013575,0.24131757280830438,-0.8109373423193711,0.19222267156307202,0.036949555462844653
0,670487,ZMB,sentinel-2-l2a,2-3-4-8,1000,15,1-12,2016-2022,False,False,True,False,497,397,100,[10.0],[0.554890722968317],0.5702411864495777,0.7558966235920008,0.5713797055577869,0.7597747310941243,0.8740142948200401,0.763900987549772,0.6730027855586487,0.8224025539962472,0.6763459608195502,0.008824551698907834,0.4424082048840932,0.1957250197487658,-0.40382480221622896,0.4872071441923271,0.237370801352043
0,670487,ZMB,sentinel-2-l2a,2-3-4-8,1000,15,1-12,2016-2022,False,False,False,False,497,397,100,[10.0],[0.582675897502668],0.6012593714675745,0.7776444578476857,0.604730902821221,0.7878987471803678,0.889432695127421,0.7910905191616278,0.6590580657258098,0.8131389614200706,0.661194970579311,-0.009541536657142746,0.420634459732529,0.17693334871447655,0.059469143740915054,0.5787731491484227,0.33497835817518234
0,670487,ZMB,landsat-8-c2-l2,1-2-3-4-5-6-7,1000,20,1-12,2014-2021,False,True,True,False,376,300,76,[1000.0],[0.5148002118812208],0.5235052220429908,0.7235976904686119,0.523593617651509,0.65021196350601,0.8099531978056203,0.6560241826355502,0.6134671202063513,0.7833251473344642,0.6135982864465601,0.045061443077845764,0.4250690726813293,0.1806837165501652,-0.06809040273196754,0.24612562779976827,0.06057782465983006
0,670487,ZMB,sentinel-2-l2a,2-3-4-8,1000,15,1-12,2016-2022,False,True,False,False,490,392,98,[1.0],[0.6289483957306564],0.6560570823627359,0.8149541571306862,0.6641502782245872,0.8816791494163947,0.9398826537764778,0.8833794028699146,0.6410950003806144,0.8034301502387304,0.6455000063126289,-0.057592706759771906,0.48595034995566944,0.23614774262203758,-0.3058802634267952,0.3055598270122154,0.093366807883735
0,670487,ZMB,sentinel-2-l2a,2-3-4,1000,4,4-9,2016-2022,True,True,False,False,504,403,101,[0.09999999999999999],[0.5471727006076238],0.5723904851108279,0.7585269106231792,0.5753630741395446,0.775912318282536,0.8829440354038383,0.7795901696552144,0.6498138404260059,0.8152944122042742,0.664704978571513,-0.26490111796874194,0.27879590549978595,0.07772715692344558,0.465823287222198,0.7258886782308189,0.5269143731836854
0,670487,ZMB,sentinel-2-l2a,2-3-4,1000,4,4-9,2016-2022,True,False,False,False,504,403,101,[0.09999999999999999],[0.5108322159441349],0.5360200995864541,0.7362582882363365,0.5420762669967004,0.7588811426697222,0.8733277394971364,0.7627013405751781,0.6339909953608545,0.8045258229011627,0.647261799714793,-0.29440237272040837,0.272855912344415,0.07445034890130307,0.47492395989314096,0.7238066549761544,0.5238960737877698
0,670487,ZMB,sentinel-2-l2a,2-3-4,1000,20,1-12,2016-2022,False,True,False,False,490,392,98,[1.0],[0.5774887542616483],0.6032444062157929,0.7856350207844203,0.6172223858829364,0.8461134084110613,0.9208642699149567,0.8479910036060063,0.4538422807618202,0.6881061483523055,0.4734900714002451,-0.2392686400281554,0.4549557502881161,0.20698473472022264,-1.9494718433929212,-0.007253642287655744,5.2615326437267656e-05
0,670487,ZMB,sentinel-2-l2a,2-3-4,1000,15,1-12,2016-2022,False,True,False,False,490,392,98,[10.0],[0.5203471844209154],0.5502437678567667,0.750485532343893,0.5632285342574965,0.8294991732732028,0.912240739769129,0.8321831672945278,0.52882345550436,0.7331161544400878,0.5374592959010227,-0.09760143704749646,0.5099543926302654,0.2600534825629029,-1.0292368094634665,0.33770019129573303,0.11404141920117468
0,670487,ZMB,sentinel-2-l2a,2-3-4,1000,15,1-12,2016-2022,False,True,True,False,490,392,98,[100.0],[0.41363046814353704],0.4448146205443212,0.6741714468857816,0.4545071397960682,0.70618143729492,0.8433115178603274,0.7111743161558893,0.5019587018147053,0.7127132219541735,0.507960136748299,-0.02009607892113552,0.4975063676757918,0.24751258587796016,-0.828897857591649,0.23760150440927275,0.05645447489754966
0,670487,ZMB,sentinel-2-l2a,2-3-4,1000,15,1-12,2016-2022,False,False,True,False,497,397,100,[100.0],[0.4292864644459005],0.4515797628996474,0.6803241091173593,0.4628408934463286,0.6968521762652675,0.8382087858207516,0.7025939686270987,0.548012450201274,0.7471564360568133,0.5582427399411188,-0.020116700752618177,0.4895857573778903,0.23969421382728245,-0.3022301997086436,0.5028582014846453,0.25286637080037216
0,670487,ZMB,sentinel-2-l2a,2-3-4,1000,15,1-12,2016-2022,False,False,False,False,497,397,100,[100.0],[0.4737733150384672],0.4976138134775534,0.7096062662650006,0.5035410531225549,0.7074429510738875,0.8443459305981346,0.7129200505176299,0.5737789049706704,0.7617830815438388,0.580313463326427,0.035005880705106796,0.49605428786144795,0.24606985650572827,-0.03249312584390762,0.5803958096451036,0.33685929585359536
0,670487,ZMB,landsat-c2-l2,r-g-b-nir-swir16-swir22,1024,20,1-12,2009-2021,False,True,True,False,923,738,185,[10.0],[0.45552125507601915],0.4509561104088796,0.6849745622767051,0.4691901509661637,0.718349718503413,0.8500528246647557,0.7225898047205299,0.49180324415578613,0.7196782117696593,0.5179367284959746,-0.15933884467214088,0.27604288178700837,0.07619967258527627,-0.07600422386925532,0.35991573750825584,0.1295393381061117
0,670487,ZMB,landsat-c2-l2,r-g-b-nir-swir16-swir22,1024,20,1-12,2009-2021,False,True,False,False,923,738,185,[10.0],[0.46834458230984044],0.4633101523313343,0.6926274529530264,0.4797327885841968,0.7216164199112691,0.8519111246906425,0.7257525643716753,0.47756295370011703,0.7139800895204274,0.5097675682315974,-0.13539918831939257,0.29288414850344724,0.08578112444458934,-0.11768791801794154,0.34465480343392263,0.11878693353007584
0,670487,ZMB,sentinel-2-l2a,2-3-4,1000,15,4-9,2016-2022,True,True,False,True,504,403,101,"[[0.09999999999999999, 0.0009999999999999998]]","[[0.3179574994479923, 0.6820192520455175]]",0.6910098756794576,0.8322767882038717,0.6926846521829524,0.8800660077339513,0.9392907703944411,0.8822671513481827,0.7481717755981881,0.8693931708407572,0.755844485504546,-0.1830853378053252,0.24820337874524329,0.06160491722055469,0.48195769097697905,0.6967613921175062,0.4854764375455252
0,670487,ZMB,landsat-8-c2-l2,1-2-3-4-5-6-7,1000,15,4-9,2013-2021,True,False,False,True,648,518,130,"[[0.009999999999999998, 0.0009999999999999998]]","[[0.5441967937231051, 0.7099576346489392]]",0.7295640883082986,0.8571592520995827,0.7347219834599159,0.8916308141664395,0.9447947093086827,0.8926370427376783,0.7774318246353724,0.8821731627383063,0.7782294890557062,-0.3842701402788009,0.14104299305593146,0.019893125890175528,0.3963901721731623,0.6301822084992379,0.39712961590897694
0,670487,ZMB,sentinel-2-l2a,2-3-4-8,1000,15,4-9,2016-2022,True,False,False,True,504,403,101,"[[0.009999999999999998, 0.0009999999999999998]]","[[0.5818635870707222, 0.6913438293782492]]",0.7079154114409311,0.8427080613846276,0.7101568767226373,0.8832590961115652,0.9404490147005661,0.8844443492512656,0.7684368799331169,0.8812773703519625,0.7766498034944701,-0.24753671323967907,0.19247443333752368,0.037046407488600844,0.4714605778205113,0.6866968486083845,0.4715525618886866
0,670487,ZMB,sentinel-2-l2a,2-3-4,1000,15,4-9,2016-2022,True,False,True,True,504,403,101,"[[1.0, 0.0009999999999999998]]","[[0.26109588961934027, 0.6935038005702208]]",0.7040195951537023,0.8394370395688432,0.7046545434001036,0.8614460827210768,0.929440961603921,0.8638605011072213,0.7075421454621023,0.845012613764728,0.7140463174214974,-0.1440806956725511,0.215173281539948,0.046299541088669724,0.4229325759094459,0.6540691101302051,0.42780640082651833
0,670487,ZMB,sentinel-2-l2a,2-3-4,1000,15,4-9,2016-2022,True,True,True,True,504,403,101,"[[0.009999999999999998, 0.0009999999999999998]]","[[0.29033218431722424, 0.6570013366830506]]",0.6700308680662361,0.8211875580649106,0.674349005520611,0.9077471279798555,0.9539608193031448,0.9100412447655273,0.7458978389534279,0.8662024431564791,0.7503066725302534,-0.2525510472661696,0.2850800023909986,0.08127060776325178,0.4143480948189887,0.6887636832223769,0.4743954113260548
0,670487,ZMB,sentinel-2-l2a,2-3-4,1000,15,4-9,2016-2022,True,False,False,True,504,403,101,"[[0.009999999999999998, 0.0009999999999999998]]","[[0.3915028837315986, 0.6609049258816245]]",0.6749563254248887,0.8252042404224258,0.6809620384111527,0.9029298648032237,0.9512387475762532,0.9048551548904387,0.7888637516576857,0.8902266934173954,0.7925035656728692,-0.3405305797981706,0.25959511263411994,0.06738962250352142,0.6103234867428724,0.784616035814417,0.6156223236571304
0,670487,ZMB,sentinel-2-l2a,2-3-4-8,1000,15,4-9,2016-2022,True,True,True,True,504,403,101,"[[0.0009999999999999998, 0.0009999999999999998]]","[[0.5278885224887125, 0.6495859262449857]]",0.6655755079980216,0.8191468187978017,0.6710015107465586,0.9026384805640165,0.9508707897772621,0.9041552588516343,0.7836495209649401,0.8883774238010206,0.7892144471193381,-0.2878630254000929,0.25009691449315424,0.0625484666389961,0.49663603403058354,0.7119439603473126,0.5068642026750158
0,670487,ZMB,sentinel-2-l2a,2-3-4-8,1000,15,4-9,2016-2022,True,False,True,True,504,403,101,"[[0.0009999999999999998, 0.0009999999999999998]]","[[0.490182899101692, 0.6498143103299392]]",0.6681355090135994,0.8212079658109259,0.6743825231113189,0.907125901269976,0.9532596562868116,0.9087039723040503,0.7709525421833971,0.8802847327580503,0.7749012107269121,-0.28426572512803494,0.2609559011659266,0.06809798235332085,0.4208244626808306,0.6604575724588955,0.43620420501829715
0,670487,ZMB,sentinel-2-l2a,2-3-4-8,1000,15,4-9,2016-2022,True,True,False,True,504,403,101,"[[0.0009999999999999998, 0.0009999999999999998]]","[[0.5985675422206993, 0.6669928479835937]]",0.6827678631263085,0.8291603370127765,0.6875068644751411,0.8994387414528656,0.9488748921851509,0.9003635610193816,0.7908069876047512,0.8924890905305771,0.7965367767160967,-0.2140859554863459,0.2554488749807011,0.06525412772890588,0.5602406243854474,0.7491273622018508,0.561191804799503
0,670487,ZMB,landsat-8-c2-l2,1-2-3-4-5-6-7,1000,15,4-9,2013-2021,True,False,True,True,648,518,130,"[[0.0009999999999999998, 0.0009999999999999998]]","[[0.5330517067339847, 0.7057026222805449]]",0.7250560672331343,0.8555729486822431,0.7320050705168282,0.9216953458438214,0.9607686033921476,0.9230763092640979,0.7688559248190562,0.8769964842759276,0.7691228334323373,-0.3415706196908954,0.2581359592528857,0.06663417345940746,0.43442392852535194,0.6708964129603479,0.45010199692306163
0,670487,ZMB,landsat-8-c2-l2,1-2-3-4-5-6-7,1000,15,4-9,2013-2021,True,True,True,True,648,518,130,"[[0.0009999999999999998, 9.999999999999998e-05]]","[[0.5422307352322498, 0.703271494837477]]",0.7227833211407317,0.8574823078839213,0.7352759083339361,0.9256540760876977,0.9622889718511561,0.9260000653463552,0.7655073178087026,0.8769640401679514,0.7690659277476962,-0.37417095178626436,0.2274463081327698,0.05173182308322687,0.3365006098955954,0.5849424813027893,0.34215770643266397
0,670487,ZMB,landsat-8-c2-l2,1-2-3-4-5-6-7,1000,15,4-9,2013-2021,True,True,False,True,648,518,130,"[[0.009999999999999998, 0.0009999999999999998]]","[[0.5557681831265332, 0.751014976686972]]",0.7661994965731035,0.876174274238038,0.7676813588365525,0.8886199940584277,0.9433151586049928,0.8898434884539628,0.765019716262969,0.8751335575450447,0.7658587435414461,-0.1947249814330596,0.19633999142375258,0.03854939223227924,0.3668828116116716,0.6057668429807399,0.3669534680548524
0,670487,ZMB,sentinel-2-l2a,2-3-4,1000,20,4-9,2016-2022,True,True,False,True,504,403,101,"[[9.999999999999998e-05, 0.0009999999999999998]]","[[0.35488847041169264, 0.5459707330844976]]",0.5756564578152716,0.7730996613746728,0.5976830864176337,0.9145954983235729,0.957389661751364,0.9165949644283912,0.7512579764442371,0.8688648932173462,0.7549262026655904,-0.7884263374062155,0.07260825047645783,0.0052719580372520385,0.30252129934300975,0.6287512365865735,0.3953281175091453
0,670487,ZMB,landsat-8-c2-l2,1-2-3-4-5-6-7,1000,20,4-9,2013-2021,True,True,True,True,648,518,130,"[[0.0009999999999999998, 9.999999999999998e-05]]","[[0.47944896237290424, 0.7782863398290293]]",0.7917413288476235,0.8934469305451747,0.7982474177005942,0.9272863114747096,0.9630979518042109,0.9275576647694661,0.7946404726562096,0.8928391781014569,0.797161797952885,-0.05150268769725841,0.341176947154825,0.11640170926988624,0.4982556267579604,0.7060457095590036,0.49850054398667687
0,670487,ZMB,landsat-8-c2-l2,1-2-3-4-5-6-7,1000,20,4-9,2013-2021,True,True,False,True,648,518,130,"[[0.0009999999999999998, 9.999999999999998e-05]]","[[0.4783519849584697, 0.7799975342197806]]",0.7932863196195757,0.894265179897714,0.7997102119774908,0.9272985524691126,0.9631091518197366,0.9275792383189323,0.7943540906818151,0.8926305891304707,0.7967893686514111,-0.04457936192247325,0.3456072864270673,0.11944439643148093,0.49114111627732127,0.700825795602865,0.49115679578238863
0,670487,ZMB,sentinel-2-l2a,2-3-4,1000,4,4-9,2016-2022,True,False,True,True,504,403,101,"[[0.0009999999999999998, 0.0009999999999999998]]","[[0.5061556145104905, 0.6448337607047991]]",0.6633648640189276,0.8170974750242757,0.6676482836910468,0.8742839624411007,0.9359202393434258,0.8759466944126555,0.7854791586561336,0.8934385829510512,0.7982325015055823,-0.3720325746626958,0.12184200192319385,0.014845473432651572,0.5581478962501949,0.7505842284719844,0.563376684030884
0,670487,ZMB,sentinel-2-l2a,2-3-4,1000,4,4-9,2016-2022,True,True,True,True,504,403,101,"[[0.0009999999999999998, 0.0009999999999999998]]","[[0.5060155247929351, 0.6448416942278545]]",0.6637182571974356,0.8173233477301665,0.6680174547448466,0.8742702989674097,0.9359039946995171,0.8759162872945138,0.7832390009256376,0.8920637634744962,0.795777758104282,-0.37551519277721934,0.11908911169274955,0.014182216523768177,0.5533529547035365,0.7481472371261801,0.5597242884195368
0,670487,ZMB,sentinel-2-l2a,2-3-4,1000,4,4-9,2016-2022,True,False,False,True,504,403,101,"[[9.999999999999998e-05, 0.0009999999999999998]]","[[0.5261856328922144, 0.6406647938948657]]",0.6610327623611185,0.8174175396398573,0.6681714341108776,0.9078737520371487,0.9536122784449839,0.9093763776010334,0.7793504927100062,0.8861112441640052,0.7851931370338813,-0.41579744160744925,0.19636104123974735,0.038557658516757756,0.3885792981797658,0.7007426375150948,0.49104024403161156
0,670487,ZMB,sentinel-2-l2a,2-3-4,1000,4,4-9,2016-2022,True,True,False,True,504,403,101,"[[9.999999999999998e-05, 0.0009999999999999998]]","[[0.5556167580110024, 0.6501995237713863]]",0.6687464554837513,0.8213979789767392,0.6746946398670717,0.9087924029954758,0.9540661776588568,0.9102422713525813,0.7754478940287783,0.8839663803243658,0.7813965615437614,-0.3974379549893776,0.1858840878572296,0.034552894118514255,0.35795903148795805,0.7195572382061907,0.5177626190549206
0,670487,ZMB,sentinel-2-l2a,2-3-4,1000,20,4-9,2016-2022,True,True,True,True,504,403,101,"[[0.0009999999999999998, 0.0009999999999999998]]","[[0.32695962587901317, 0.5813379598703707]]",0.6071205117366265,0.7859612092872597,0.6177350225042916,0.8784487022175969,0.938463680520898,0.8807140796568301,0.7443590084093614,0.8670955374932656,0.7518546711407352,-0.5874955618231461,0.043067673346968496,0.0018548244875211807,0.3850138824162954,0.6326716938799077,0.4002734722368717
0,670487,ZMB,landsat-c2-l2,r-g-b-nir-swir16-swir22,1024,20,4-9,2009-2021,True,True,False,True,936,748,188,"[[0.0009999999999999998, 0.0009999999999999998]]","[[0.5051870706680754, 0.6204754879898398]]",0.6192668215943637,0.7928367090279071,0.6285900471822023,0.8144495326478319,0.9037339947069604,0.8167351331890003,0.6084150275556055,0.7914488463923635,0.626391276455803,0.06635264931215434,0.4052107662608748,0.16419576509372533,0.023329813327253812,0.35948601364801375,0.12923019400853994
0,670487,ZMB,landsat-c2-l2,r-g-b-nir-swir16-swir22,1024,20,4-9,2009-2021,True,True,True,True,936,748,188,"[[0.0009999999999999998, 0.0009999999999999998]]","[[0.5114245071441204, 0.6091593053285258]]",0.6076871382652578,0.7872253211600757,0.6197237062755844,0.8139319452782102,0.9034631457208709,0.8162456556758517,0.6173858973429489,0.7961055254326008,0.6337840076243174,0.06175633986169626,0.40261636604311424,0.16209993820576296,0.049598004846968635,0.37851441169652955,0.14327315986196987
0,670487,ZMB,landsat-8-c2-l2,1-2-3-4-5-6-7,1000,15,1-12,2014-2021,False,True,False,True,384,307,77,"[[1.0, 0.0009999999999999998]]","[[0.6141401969641492, 0.7899745652285218]]",0.7991238382655542,0.8943843612284421,0.7999233856100084,0.8980382739233894,0.9482346160504764,0.8991488870763945,0.559842028303186,0.7825447594678642,0.6123763005706174,0.006875977254580001,0.3339980320032728,0.11155468538205926,0.02991012949488736,0.24356567069153798,0.05932423593941872
0,670487,ZMB,landsat-8-c2-l2,1-2-3-4-5-6-7,1000,15,1-12,2014-2021,False,True,True,True,384,307,77,"[[1.0, 0.0009999999999999998]]","[[0.588311296696255, 0.7849710700946033]]",0.7925734934908036,0.8909395175263992,0.793773223890173,0.9008431459206979,0.9496451429774168,0.9018258975805983,0.5933874779036423,0.8033201535383752,0.6453232690809186,-0.016646766320862483,0.33548150824700207,0.11254784237568331,0.08147812744705396,0.320281129452951,0.10258000188365796
0,670487,ZMB,sentinel-2-l2a,2-3-4-8,1000,15,1-12,2016-2022,False,True,False,True,490,392,98,"[[0.009999999999999998, 0.0009999999999999998]]","[[0.6249921533030044, 0.7214097785107653]]",0.7431973245278019,0.8647899548021416,0.7478616659266901,0.9194120468515035,0.959360460497639,0.920372493166242,0.6997560468396438,0.8372100898133437,0.7009207344852669,-0.03471229670536302,0.40789873007149186,0.16638137399393577,-0.12646157212479592,0.34491595066610836,0.11896701302390529
0,670487,ZMB,landsat-8-c2-l2,1-2-3-4-5-6-7,1000,15,1-12,2014-2021,False,False,True,True,384,307,77,"[[0.09999999999999999, 0.0009999999999999998]]","[[0.5982842990732581, 0.7659691478049115]]",0.7738318641048638,0.8824411478080807,0.7787023793448429,0.9297729418073282,0.9646018659786728,0.9304567598495375,0.49619101404302046,0.7597985150487723,0.5772937834703195,-0.0884671527844263,0.37470648553656627,0.14040495030316494,-0.09727847136141388,0.1948573811027945,0.03796939897023969
0,670487,ZMB,landsat-8-c2-l2,1-2-3-4-5-6-7,1000,15,1-12,2014-2021,False,False,False,True,384,307,77,"[[1.0, 0.0009999999999999998]]","[[0.6504603594396728, 0.7885665571550422]]",0.7973525430328815,0.8938173708699079,0.7989094924687944,0.9003810997324562,0.9493172539272721,0.9012032486040168,0.5651086397161402,0.7936383419283249,0.6298618177787408,-0.004259912034138891,0.3297091024767762,0.10870809225604132,0.0938773208189293,0.3475254971276747,0.12077397115383745
0,670487,ZMB,sentinel-2-l2a,2-3-4,1000,15,1-12,2016-2022,False,True,True,True,490,392,98,"[[0.09999999999999999, 9.999999999999998e-05]]","[[0.42650328036315566, 0.7769909096675967]]",0.7922386287611245,0.8954447272524944,0.801821259564294,0.9411472423873165,0.9702223423259684,0.9413313935484886,0.675195163832697,0.8318126140910018,0.6919122249609059,0.14912977739651567,0.5357781260578116,0.2870582003620203,-0.30162747086206787,0.31939595011491395,0.1020137729498086
0,670487,ZMB,sentinel-2-l2a,2-3-4-8,1000,15,1-12,2016-2022,False,True,True,True,490,392,98,"[[0.009999999999999998, 0.0009999999999999998]]","[[0.5699958382543425, 0.728099164302305]]",0.7493849358101845,0.8678917575771896,0.7532361028704233,0.9218724297350123,0.9607124715826287,0.9229684530544032,0.6935608923376018,0.8333976412969362,0.6945516285192966,-0.018741117277307318,0.4256331553342244,0.181163582919768,-0.46178512571308916,0.24585313829011982,0.060443765607100776
0,670487,ZMB,sentinel-2-l2a,2-3-4,1000,15,1-12,2016-2022,False,False,True,True,497,397,100,"[[1.0, 9.999999999999998e-05]]","[[0.42982686363537803, 0.773654575848459]]",0.7840372495691172,0.8872538522780038,0.7872193983821578,0.9116361349057931,0.9549592023193768,0.9119470780944604,0.8161466428490849,0.9056535759731127,0.8202083996728866,0.09380004601699188,0.4429032074158834,0.19616325113927705,0.35712183991347146,0.648469953805198,0.42051328098811563
0,670487,ZMB,sentinel-2-l2a,2-3-4,1000,20,1-12,2016-2022,False,True,False,True,490,392,98,"[[0.009999999999999998, 0.0009999999999999998]]","[[0.56495071273514, 0.6900227747328395]]",0.715098267593753,0.8535177666530227,0.7284925779923637,0.9189505606463587,0.9591456249465256,0.9199603298540611,0.7144207576936175,0.8466938882091695,0.7168905403307616,-0.15439844625999144,0.40777396596577953,0.16627960731946073,-0.21668676994662284,0.3056439469760249,0.09341822232308314
0,670487,ZMB,sentinel-2-l2a,2-3-4,1000,15,1-12,2016-2022,False,True,False,True,490,392,98,"[[0.09999999999999999, 0.0009999999999999998]]","[[0.523065057091921, 0.7867074043361753]]",0.8016240320056736,0.8959694562186342,0.8027612664767151,0.9364440621048246,0.9684604286195184,0.9379156018019014,0.6974691145763563,0.8405652557543881,0.7065499491814399,0.2046124900743822,0.5569946432108778,0.31024303256561303,-0.2504795441215022,0.3867767342682046,0.14959624217117734
0,670487,ZMB,landsat-8-c2-l2,1-2-3-4-5-6-7,1000,20,1-12,2014-2021,False,True,True,True,376,300,76,"[[1.0, 0.0009999999999999998]]","[[0.5263259709310827, 0.7939762492270634]]",0.8037024426382107,0.8968836304115689,0.8044002465002358,0.9078743327940973,0.9534169473709646,0.9090038755341687,0.6868596334161663,0.8460092209464107,0.7157316019263528,0.052543748886738295,0.39980876831234297,0.15984705121943274,-0.00894899928357229,0.2494797039201483,0.06224012266808485
0,670487,ZMB,landsat-8-c2-l2,1-2-3-4-5-6-7,1000,20,1-12,2014-2021,False,True,False,True,376,300,76,"[[1.0, 0.0009999999999999998]]","[[0.519466160928342, 0.7919456692337012]]",0.802322837466201,0.8960953831874812,0.8029869357699188,0.9071658722986287,0.9530627813460846,0.9083286651871346,0.6898513841108966,0.8465887806011726,0.7167125634397804,0.04429900730135261,0.394230880688604,0.15541798728851233,-0.005563114658866608,0.248088252671798,0.061547781113745884
0,670487,ZMB,sentinel-2-l2a,2-3-4,1000,15,1-12,2016-2022,False,False,False,True,497,397,100,"[[0.09999999999999999, 9.999999999999998e-05]]","[[0.47457256715651, 0.7718423506856855]]",0.7842413215985811,0.8890012121780436,0.790323155254031,0.9358677425806952,0.9675494644350098,0.9361519661284743,0.8326520736549037,0.9164467051977199,0.8398745634677565,0.08957097667194047,0.4839085718096394,0.23416750587084495,0.399149856651869,0.6898445437383331,0.475885494525549
0,670487,ZMB,landsat-c2-l2,r-g-b-nir-swir16-swir22,1024,20,1-12,2009-2021,False,True,True,True,923,738,185,"[[0.009999999999999998, 0.0009999999999999998]]","[[0.46233551042322957, 0.5206719184072681]]",0.5262948956109204,0.7407291446278839,0.5486796657011564,0.8102975092840761,0.9014875041717696,0.8126797201778463,0.604846382243593,0.7881452463130691,0.6211729292858884,-0.19656714443150558,0.2459984898737113,0.06051525702014645,0.14525813278532496,0.4544592690948211,0.20653322726619902
0,670487,ZMB,landsat-c2-l2,r-g-b-nir-swir16-swir22,1024,20,1-12,2009-2021,False,True,False,True,923,738,185,"[[0.009999999999999998, 0.0009999999999999998]]","[[0.4767748754684923, 0.5229326387223774]]",0.529229969568044,0.742581080514378,0.5514266611379012,0.8114025550570353,0.9020580911933096,0.8137087998873173,0.5994311596259568,0.7864653809452704,0.6185277954253893,-0.18884640598624358,0.25438819931623663,0.06471335595135734,0.12980937552739302,0.4466530344357814,0.19949893317069134
0,670487,ZMB,sentinel-2-l2a,2-3-4,1000,4,1-12,2016-2022,False,False,True,True,497,397,100,"[[0.009999999999999998, 9.999999999999998e-05]]","[[0.5405067977540119, 0.7356172300469715]]",0.7504539136849158,0.870894041667785,0.7584564318124496,0.9141402507288768,0.9562120139824773,0.9143414156844255,0.7748766014986105,0.8831004580313614,0.7798664189752003,-0.044042197380743,0.38955909405939493,0.1517562877643765,0.12638608605448942,0.5254423701859258,0.2760896843866035
0,670487,ZMB,sentinel-2-l2a,2-3-4,1000,20,1-12,2016-2022,False,True,True,True,490,392,98,"[[0.009999999999999998, 0.0009999999999999998]]","[[0.5561850018969767, 0.6826120013769833]]",0.7090857708170999,0.8504417654474985,0.723251196417458,0.917524424493388,0.9584011650659086,0.918532793199691,0.7205757143106741,0.8501025019333863,0.722674263793403,-0.17843863622549883,0.3963999646692248,0.15713293198976266,-0.20164071556115215,0.3011081384469996,0.09066611103901746
0,670487,ZMB,sentinel-2-l2a,2-3-4-8,1000,15,1-12,2016-2022,False,False,False,True,497,397,100,"[[0.009999999999999998, 0.0009999999999999998]]","[[0.5898117284474722, 0.684585499837366]]",0.6994624358058759,0.8444872905931425,0.7131587839733468,0.923041108611083,0.9613197564908069,0.9241356742195443,0.7136174103809896,0.8516861832694665,0.7253693547721114,-0.24551788699368116,0.31884708551550456,0.10166346394173148,0.07999476816682682,0.5668690829812184,0.32134055723996746
0,670487,ZMB,sentinel-2-l2a,2-3-4-8,1000,15,1-12,2016-2022,False,False,True,True,497,397,100,"[[0.009999999999999998, 0.0009999999999999998]]","[[0.5548297131674202, 0.7006007342339418]]",0.7168395308892129,0.8515774779504364,0.725184200952426,0.9200382375429458,0.9599078127961758,0.921423009067138,0.7472310849557449,0.8702025966176411,0.757252559160085,-0.15646502160299858,0.3657151201877118,0.13374754913391249,-0.1371727413803534,0.5238069209507497,0.27437369043590487
0,670487,ZMB,sentinel-2-l2a,2-3-4,1000,4,1-12,2016-2022,False,True,True,True,497,397,100,"[[0.009999999999999998, 9.999999999999998e-05]]","[[0.5561185544486522, 0.7258286446535512]]",0.7406517241586147,0.86615763314477,0.75022904545495,0.9134289132789182,0.9558310822361465,0.9136130577687231,0.7776236459132956,0.884730270623895,0.7827476517582305,-0.08106369370211297,0.37552189151098203,0.14101669100398576,0.17667204386872093,0.5368799675707113,0.28824009957872804
0,670487,ZMB,sentinel-2-l2a,2-3-4,1000,4,1-12,2016-2022,False,False,False,True,497,397,100,"[[0.0009999999999999998, 9.999999999999998e-05]]","[[0.5165328164365647, 0.7041651103591751]]",0.7199350977922958,0.8591614257932759,0.7381583555711347,0.934967109496802,0.9670790827201236,0.9352419522347956,0.7725903594007544,0.8828933021835039,0.779500583040492,-0.16357367935028422,0.3764360408741313,0.14170409286899063,0.03185601332579013,0.5016727726637212,0.25167557083210573
0,670487,ZMB,sentinel-2-l2a,2-3-4,1000,4,1-12,2016-2022,False,True,False,True,497,397,100,"[[0.0009999999999999998, 9.999999999999998e-05]]","[[0.5561948750982574, 0.7034231012183755]]",0.7198992149107808,0.8585157744304897,0.7370493349459833,0.9377006930897294,0.9684824116352749,0.9379581816468782,0.7412850793399146,0.8701154014436479,0.7571008118294404,-0.16406151728903984,0.38572107480258777,0.14878074754686352,-0.10182231541894704,0.43871581703121565,0.19247156811336708
