country,year_range,satellite_1,bands_1,num_features_1,points_1,month_range_1,limit_months_1,crop_mask_1,weighted_avg_1,satellite_2,bands_2,num_features_2,points_2,month_range_2,limit_months_2,crop_mask_2,weighted_avg_2,hot_encode,total_n,train_n,test_n,best_reg_param,mean_of_val_R2,val_R2,val_r,val_r2,train_R2,train_r,train_r2,test_R2,test_r,test_r2,demean_cv_R2,demean_cv_r,demean_cv_r2
ZMB,2016-2022,sentinel-2-l2a,2-3-4,1000,15,1-12,False,True,False,sentinel-2-l2a,2-3-4,1000,4,1-12,False,True,False,True,490,392,98,"[[1000.0, 10.0, 0.001]]","[[0.5524674212880196, 0.5880404357994291, 0.7482183273468852]]",0.7519396508344411,0.867688610298191,0.752883524441206,0.9256298675060183,0.9639796528694735,0.9292567711463506,0.8612773775979039,0.9336508151260069,0.8717038445854571,-0.052958279792372887,0.30189735245104105,0.0911420114169481
ZMB,2016-2022,sentinel-2-l2a,2-3-4,1000,15,1-12,False,True,False,sentinel-2-l2a,2-3-4,1000,4,1-12,False,True,True,True,490,392,98,"[[100.0, 10.0, 0.001]]","[[0.5575088257634034, 0.5960444841839504, 0.7420896701913847]]",0.7458871421951752,0.8647274050897621,0.7477534851132736,0.930543345328665,0.9662356867814719,0.9336114024100626,0.8487353657714098,0.9269678186951888,0.8592693368965165,-0.06794066131690024,0.3335967543888368,0.1112867945387659
ZMB,2016-2022,sentinel-2-l2a,2-3-4,1000,15,1-12,False,True,False,sentinel-2-l2a,2-3-4,1000,4,4-9,True,False,False,True,490,392,98,"[[1.0, 10.0, 9.999999999999999e-05]]","[[0.5578903170331315, 0.5826045791474139, 0.7042548766068363]]",0.7075299906976269,0.8565554930929452,0.7336873127476985,0.9672427441378569,0.983783818913048,0.9678306023551408,0.8453637958107376,0.9204625668933362,0.8472513370518694,-0.19358677868822527,0.364715632555679,0.13301749263048906
ZMB,2016-2022,sentinel-2-l2a,2-3-4,1000,15,1-12,False,True,False,sentinel-2-l2a,2-3-4,1000,4,4-9,True,False,True,True,490,392,98,"[[1.0, 10.0, 0.001]]","[[0.5724903583445611, 0.5952688576194701, 0.7005393020298978]]",0.7056218924133757,0.8465402464719736,0.7166303888968297,0.9633688843016752,0.9824549464223563,0.9652177217497551,0.7629783819811309,0.8739282075102941,0.7637505118821557,-0.14796398633204388,0.38852114180143243,0.15094867762668876
ZMB,2016-2022,sentinel-2-l2a,2-3-4,1000,15,1-12,False,True,False,sentinel-2-l2a,2-3-4,1000,4,4-9,True,True,False,True,490,392,98,"[[10.0, 10.0, 0.001]]","[[0.5467838499255204, 0.5777939175177866, 0.7390318636375276]]",0.7441130233150843,0.864586283506542,0.7475094416276546,0.929078822680743,0.9653443255699415,0.9318896669100853,0.845612192249364,0.9253624767377788,0.8562957133542762,-0.06330969401652586,0.34517949059928665,0.11914888073038302
ZMB,2016-2022,sentinel-2-l2a,2-3-4,1000,15,1-12,False,True,False,sentinel-2-l2a,2-3-4,1000,4,4-9,True,True,True,True,490,392,98,"[[1.0, 10.0, 0.001]]","[[0.5722090590687529, 0.5952234317322742, 0.7007957197770912]]",0.7059682434214267,0.8467104623255893,0.7169186070116133,0.9634338241013766,0.9824884767582878,0.9652836069628206,0.7627965545208364,0.8738561191477027,0.7636245169718839,-0.14665170704103137,0.38939592605640094,0.15162918722932206
ZMB,2016-2022,sentinel-2-l2a,2-3-4,1000,15,1-12,False,True,True,sentinel-2-l2a,2-3-4,1000,15,4-9,True,False,False,True,490,392,98,"[[10.0, 1000.0, 0.001]]","[[0.5075921582962228, 0.5320580071166239, 0.762013242468104]]",0.7687242377965382,0.8772014601654298,0.7694824017163621,0.9132847659590076,0.9571088170538442,0.9160572876822091,0.8243542297106314,0.9137532714403656,0.8349450410679704,0.027445368131477244,0.395217820525834,0.15619712566119032
ZMB,2016-2022,sentinel-2-l2a,2-3-4,1000,15,1-12,False,True,True,sentinel-2-l2a,2-3-4,1000,15,4-9,True,False,True,True,490,392,98,"[[10.0, 100000000.0, 0.001]]","[[0.5008525418107415, 0.532005737488444, 0.7619053459237487]]",0.7686295988468437,0.8771482255785098,0.7693890096355284,0.9130616295506766,0.9569929667229302,0.9158355383571554,0.8242013715077786,0.913659191553606,0.8347731183103888,0.026953746188960626,0.3948875343565856,0.15593616479022357
ZMB,2016-2022,sentinel-2-l2a,2-3-4,1000,15,1-12,False,True,True,sentinel-2-l2a,2-3-4,1000,15,4-9,True,True,False,True,490,392,98,"[[10.0, 1.0, 0.001]]","[[0.5380638860233956, 0.5380638860233956, 0.7318744479742942]]",0.739024485290668,0.8624521244753252,0.7438236670120018,0.9392201553705491,0.9703101697593008,0.9415018255383232,0.8008712515273229,0.8980993651924727,0.8065824697591224,-0.08517912696847363,0.37015907105529017,0.13701773788451535
ZMB,2016-2022,sentinel-2-l2a,2-3-4,1000,15,1-12,False,True,True,sentinel-2-l2a,2-3-4,1000,15,4-9,True,True,True,True,490,392,98,"[[10.0, 100000000.0, 0.001]]","[[0.5072816500582935, 0.5320057375834245, 0.7619053460284493]]",0.7686295989469981,0.8771482256336061,0.7693890097321835,0.9130616295569517,0.9569929667263383,0.9158355383636784,0.8242013714354374,0.9136591915119774,0.8347731182343202,0.026953746563319392,0.3948875345485893,0.15593616494186333
ZMB,2016-2022,sentinel-2-l2a,2-3-4,1000,15,1-12,False,True,True,sentinel-2-l2a,2-3-4,1000,20,1-12,False,True,False,True,490,392,98,"[[100.0, 10.0, 0.001]]","[[0.5771171876293688, 0.6222894136722881, 0.7717318287765169]]",0.7769444370869694,0.8817678738009767,0.7775145832674951,0.9173874721967227,0.9589253344948698,0.919537797136098,0.8241873337635747,0.9110094573005856,0.8299382312911074,0.07358199621046568,0.42178178979665787,0.17789987820407208
ZMB,2016-2022,sentinel-2-l2a,2-3-4,1000,15,1-12,False,True,True,sentinel-2-l2a,2-3-4,1000,20,1-12,False,True,True,True,490,392,98,"[[100.0, 10.0, 0.001]]","[[0.5686973293459744, 0.6181084787350818, 0.7710175549155963]]",0.7762086115131711,0.8813263120170668,0.7767360682536042,0.9169533796773904,0.9587292732734372,0.919161819431413,0.8209915768330115,0.909150171424235,0.8265540342007159,0.06844398360045778,0.418822293234468,0.1754121133101787
ZMB,2016-2022,sentinel-2-l2a,2-3-4,1000,15,1-12,False,True,True,sentinel-2-l2a,2-3-4,1000,20,4-9,True,True,False,True,490,392,98,"[[1.0, 1.0, 9.999999999999999e-05]]","[[0.6039092190225268, 0.6039092190225268, 0.6886217514468606]]",0.6957163650893845,0.8474969599149608,0.7182510970651006,0.9686147376499583,0.9844402209523601,0.9691225486287315,0.8219687590804321,0.9086311707316906,0.8256106044252427,-0.24582489326971158,0.3453243189942617,0.11924888528885061
ZMB,2016-2022,sentinel-2-l2a,2-3-4,1000,15,1-12,False,True,True,sentinel-2-l2a,2-3-4,1000,20,4-9,True,True,True,True,490,392,98,"[[1.0, 1.0, 9.999999999999999e-05]]","[[0.5938138219358429, 0.5938138219358429, 0.6884941110482724]]",0.6959457884490221,0.8473378198497339,0.7179813809477,0.968607269906504,0.9844395151754032,0.9691211590387828,0.8242680888550378,0.9101563468832515,0.8283845757718656,-0.24798079608821344,0.343386829815326,0.11791451489061965
ZMB,2016-2022,sentinel-2-l2a,2-3-4,1000,15,1-12,False,True,True,sentinel-2-l2a,2-3-4,1000,4,1-12,False,False,False,True,490,392,98,"[[100.0, 10.0, 0.001]]","[[0.5524683460791987, 0.6132263108013779, 0.7504139249041952]]",0.7553315612929353,0.8698252757921782,0.7565960104069388,0.935126523569237,0.9685905511752267,0.9381676558259295,0.855442260794238,0.9286699382137495,0.8624278541419294,-0.029236852032945126,0.3441413463552261,0.11843326627118768
ZMB,2016-2022,sentinel-2-l2a,2-3-4,1000,15,1-12,False,True,True,sentinel-2-l2a,2-3-4,1000,4,1-12,False,False,True,True,490,392,98,"[[100.0, 10.0, 0.001]]","[[0.5613780965287167, 0.6043842189359967, 0.7450497459929825]]",0.7479177351590174,0.8657400970005245,0.7495059155544775,0.9309108524221034,0.9663989365039314,0.9339269044759296,0.8486662398329412,0.926284674587792,0.8580032983762116,-0.060857073830995256,0.3368739268299311,0.11348404257781779
ZMB,2016-2022,sentinel-2-l2a,2-3-4,1000,15,1-12,False,True,True,sentinel-2-l2a,2-3-4,1000,4,1-12,False,True,False,True,490,392,98,"[[100.0, 10.0, 0.001]]","[[0.5525263306927813, 0.599643190445181, 0.7456990640286204]]",0.7501152522200044,0.8669455896537271,0.7515946554200487,0.9317284032816117,0.9667857320121536,0.9346746516222756,0.8599331197699052,0.9319771213282767,0.8685813546793414,-0.05179445220432477,0.3358215926417788,0.11277614208446082
ZMB,2016-2022,sentinel-2-l2a,2-3-4,1000,15,1-12,False,True,True,sentinel-2-l2a,2-3-4,1000,4,1-12,False,True,True,True,490,392,98,"[[100.0, 10.0, 0.001]]","[[0.5571585367711747, 0.5971567401492365, 0.7433658294491893]]",0.7471766272915361,0.8654229013946362,0.7489567982583102,0.9310486906631048,0.9664732301660687,0.9340705046276347,0.8488389110291361,0.9266033342752908,0.8585937390900864,-0.0615242167233343,0.33852137329765486,0.11459672017933019
ZMB,2016-2022,sentinel-2-l2a,2-3-4,1000,15,1-12,False,True,True,sentinel-2-l2a,2-3-4,1000,4,4-9,True,False,False,True,490,392,98,"[[10.0, 10.0, 0.001]]","[[0.517394540859099, 0.565204009174933, 0.7381945101593489]]",0.7447935209472318,0.8651482998166129,0.7484815806755759,0.9312025050563068,0.966333643051444,0.9338007096930755,0.84892527724841,0.9262899916626454,0.8580131486543836,-0.06632976457267703,0.3504298358481814,0.12280106985258335
ZMB,2016-2022,sentinel-2-l2a,2-3-4,1000,15,1-12,False,True,True,sentinel-2-l2a,2-3-4,1000,4,4-9,True,False,True,True,490,392,98,"[[10.0, 10.0, 0.001]]","[[0.5459311089307286, 0.5638464297615755, 0.7329855689399672]]",0.7387719946990343,0.8615194655245313,0.7422157894776741,0.9296626560132979,0.9656136374129091,0.9324096967577891,0.8404931370731659,0.9228867056337743,0.8517198714355607,-0.08678868574996979,0.3441130200960244,0.1184137705996069
ZMB,2016-2022,sentinel-2-l2a,2-3-4,1000,15,1-12,False,True,True,sentinel-2-l2a,2-3-4,1000,4,4-9,True,True,False,True,490,392,98,"[[100.0, 10.0, 0.001]]","[[0.5353951434461706, 0.5455403622729522, 0.7430340105723174]]",0.7474972028489861,0.8652890119085782,0.7487250741297236,0.905273717074137,0.9531294371872171,0.9084557240328213,0.8474632412924054,0.9243206623029618,0.8543686867601861,-0.07777094485987956,0.2825352431866458,0.07982616364253708
ZMB,2016-2022,sentinel-2-l2a,2-3-4,1000,15,1-12,False,True,True,sentinel-2-l2a,2-3-4,1000,4,4-9,True,True,True,True,490,392,98,"[[10.0, 10.0, 0.001]]","[[0.5448099824141908, 0.5645095978832648, 0.7336683821998633]]",0.7394553292827915,0.8618599511080148,0.7428025753239097,0.9298314799045371,0.9657047669197549,0.9325856968515382,0.8408427341781277,0.9232463155961308,0.8523837592618303,-0.08424259217574326,0.34552438952865305,0.11938710375914836
ZMB,2016-2022,sentinel-2-l2a,2-3-4,1000,15,4-9,True,False,False,sentinel-2-l2a,2-3-4,1000,15,4-9,True,False,True,True,504,403,101,"[[10.0, 1.0, 9.999999999999999e-05]]","[[0.37436543713822606, 0.3743654371382261, 0.7207213423402214]]",0.7319115409399857,0.8618142988531641,0.7427238857077708,0.9225231526882818,0.9609230987482001,0.9233732017078432,0.7890545392789882,0.8927789514655247,0.7970542561798817,-0.04555202685536863,0.33570472973722193,0.11269766556794122
ZMB,2016-2022,sentinel-2-l2a,2-3-4,1000,15,4-9,True,False,False,sentinel-2-l2a,2-3-4,1000,15,4-9,True,True,False,True,504,403,101,"[[10.0, 1.0, 0.001]]","[[0.3906607538960332, 0.39066075389603316, 0.6974782632788221]]",0.7113510009904789,0.8462384025741765,0.716119433991294,0.9123577113778016,0.9569854331407286,0.9158211192435479,0.832323915610092,0.912595436563996,0.8328304308374305,-0.1379578738792271,0.29727049613089623,0.0883697478699092
ZMB,2016-2022,sentinel-2-l2a,2-3-4,1000,15,4-9,True,False,False,sentinel-2-l2a,2-3-4,1000,15,4-9,True,True,True,True,504,403,101,"[[10.0, 1.0, 9.999999999999999e-05]]","[[0.3857064710046323, 0.3857064710046323, 0.722880770797761]]",0.7332893643855465,0.8624504209012208,0.743820728512693,0.9221925066295977,0.9607461925078314,0.9230332464182951,0.7895244397880347,0.8935391110327627,0.7984121429452199,-0.04194820997714266,0.3365398395810034,0.11325906362520752
ZMB,2016-2022,sentinel-2-l2a,2-3-4,1000,15,4-9,True,False,False,sentinel-2-l2a,2-3-4,1000,20,1-12,False,True,False,True,490,392,98,"[[1.0, 1.0, 9.999999999999999e-05]]","[[0.5726013758693479, 0.572601375869348, 0.6786813956239836]]",0.6865276190851634,0.8426498463722829,0.710058763591232,0.9633276703509293,0.9817561435167086,0.9638451253328001,0.7865899885396541,0.88751403661756,0.7876811651931956,-0.27040746617080225,0.32393472548302743,0.10493370637376434
ZMB,2016-2022,sentinel-2-l2a,2-3-4,1000,15,4-9,True,False,False,sentinel-2-l2a,2-3-4,1000,20,1-12,False,True,True,True,490,392,98,"[[1.0, 1.0, 9.999999999999999e-05]]","[[0.5635177510883131, 0.5635177510883131, 0.6744233664865795]]",0.6832362608017073,0.8414186141027136,0.7079852841585312,0.9634810933918454,0.9818366723794948,0.9640032512292394,0.7866351685501329,0.8873366859219435,0.7873663941829377,-0.28806310294747295,0.31837984476355774,0.10136572555166712
ZMB,2016-2022,sentinel-2-l2a,2-3-4,1000,15,4-9,True,False,False,sentinel-2-l2a,2-3-4,1000,20,4-9,True,True,False,True,504,403,101,"[[10.0, 1.0, 0.001]]","[[0.49958738665605285, 0.49958738665605285, 0.702956805932957]]",0.7161926846482352,0.8474506828685243,0.7181726598943282,0.9162015268727596,0.9585855156727505,0.918886190857593,0.751757445191377,0.8724457187925759,0.7611615322394945,-0.10029271096609071,0.2805869294813716,0.0787290249957842
ZMB,2016-2022,sentinel-2-l2a,2-3-4,1000,15,4-9,True,False,False,sentinel-2-l2a,2-3-4,1000,20,4-9,True,True,True,True,504,403,101,"[[10.0, 1.0, 0.001]]","[[0.4751277971019176, 0.4751277971019176, 0.6970280970372429]]",0.7110230199681895,0.8444663160457447,0.7131233589358716,0.915779667746984,0.9584141302675618,0.918557645096527,0.7426946718848346,0.86750823741629,0.7525705419851182,-0.11820142913020093,0.2702139567375183,0.0730155824157454
ZMB,2016-2022,sentinel-2-l2a,2-3-4,1000,15,4-9,True,False,False,sentinel-2-l2a,2-3-4,1000,4,1-12,False,False,False,True,497,397,100,"[[1000.0, 1.0, 9.999999999999999e-05]]","[[0.6157303110423576, 0.6157303110423576, 0.719944039014619]]",0.7202175764904439,0.8570674016486503,0.7345645309687687,0.9750823886496507,0.9877859561608524,0.9757210951886094,0.8199069770823593,0.9094262219992334,0.8270560532597989,-0.1308372682666612,0.3569496138711782,0.1274130268427832
ZMB,2016-2022,sentinel-2-l2a,2-3-4,1000,15,4-9,True,False,False,sentinel-2-l2a,2-3-4,1000,4,1-12,False,False,True,True,497,397,100,"[[100.0, 10.0, 9.999999999999999e-05]]","[[0.5911287093794341, 0.5957305522627674, 0.7537650753881024]]",0.7582374505122855,0.8737354869926512,0.7634137012302854,0.9270241037319499,0.9633604401399729,0.9280633376266824,0.8644116424131812,0.9307524457951174,0.866300115353593,0.00013378014940768068,0.34481868292909734,0.11889992409695736
ZMB,2016-2022,sentinel-2-l2a,2-3-4,1000,15,4-9,True,False,False,sentinel-2-l2a,2-3-4,1000,4,1-12,False,True,False,True,497,397,100,"[[1000.0, 10.0, 0.001]]","[[0.5654417376034011, 0.5801731241766795, 0.7456063285349173]]",0.7493583141330863,0.8658699314891178,0.7497307382569697,0.9198998719811912,0.9612445009071213,0.9239909905241808,0.8642970430824076,0.9321432375169927,0.8688910152486606,-0.01714070261656797,0.323406101802928,0.10459150668336584
ZMB,2016-2022,sentinel-2-l2a,2-3-4,1000,15,4-9,True,False,False,sentinel-2-l2a,2-3-4,1000,4,1-12,False,True,True,True,497,397,100,"[[10.0, 10.0, 9.999999999999999e-05]]","[[0.5539338983885693, 0.5698592504715944, 0.752620035991175]]",0.7571438890313829,0.8739253201214696,0.7637454651494131,0.9340417217045196,0.9669711619990996,0.9350332281378889,0.870964568605209,0.9338847619376607,0.8721407485793612,-0.0018135768176559264,0.35612051252867527,0.12682181944368637
ZMB,2016-2022,sentinel-2-l2a,2-3-4,1000,15,4-9,True,False,False,sentinel-2-l2a,2-3-4,1000,4,4-9,True,False,False,True,504,403,101,"[[1000.0, 10.0, 0.001]]","[[0.43794732599624436, 0.46560895111680517, 0.6994445785671314]]",0.711886485229623,0.8448743499880895,0.7138126672677968,0.8803218034326751,0.9405432710111234,0.8846216446443036,0.8442706016509185,0.9192316071708998,0.8449867476219954,-0.1403736495163399,0.1944453958567977,0.03780901196990676
ZMB,2016-2022,sentinel-2-l2a,2-3-4,1000,15,4-9,True,False,False,sentinel-2-l2a,2-3-4,1000,4,4-9,True,False,True,True,504,403,101,"[[100.0, 1.0, 0.001]]","[[0.5233493188256833, 0.5233493188256833, 0.6632877321814661]]",0.6762319883716591,0.8265644462448459,0.6832087837960488,0.9285421156050173,0.9650144579673201,0.9312529040859606,0.7957793437445027,0.893766726894602,0.7988189621038901,-0.21198951462340498,0.261294839669865,0.06827499323810045
ZMB,2016-2022,sentinel-2-l2a,2-3-4,1000,15,4-9,True,False,False,sentinel-2-l2a,2-3-4,1000,4,4-9,True,True,False,True,504,403,101,"[[10.0, 1.0, 0.001]]","[[0.4852413042089321, 0.4852413042089321, 0.6759971993577756]]",0.6875373484300373,0.8335213007443112,0.6947577587944884,0.935457091426432,0.9685283419980067,0.9380471492534079,0.8094412821643613,0.9006391712051398,0.8111509167090811,-0.17569818971557227,0.30868762685750933,0.09528805097492092
ZMB,2016-2022,sentinel-2-l2a,2-3-4,1000,15,4-9,True,False,False,sentinel-2-l2a,2-3-4,1000,4,4-9,True,True,True,True,504,403,101,"[[100.0, 1.0, 0.001]]","[[0.5261913754981744, 0.5261913754981744, 0.6627815784809359]]",0.6751801279172938,0.8257732855739633,0.6819015191676184,0.9285430820415032,0.9650147913160911,0.9312535474588389,0.801115373607628,0.8965942337536038,0.8038812200002119,-0.213439559952046,0.2590584940683312,0.06711130334895159
ZMB,2016-2022,sentinel-2-l2a,2-3-4,1000,15,4-9,True,False,True,sentinel-2-l2a,2-3-4,1000,15,4-9,True,True,False,True,504,403,101,"[[10.0, 1.0, 0.001]]","[[0.3918558753014942, 0.3918558753014942, 0.7009302760596057]]",0.7141182147302892,0.8476270686272033,0.7184716474695456,0.9151453779188727,0.95844512639688,0.9186170603139312,0.8287310324101697,0.9106962898187666,0.829367732289667,-0.12603465760363508,0.3037052432068652,0.09223687475134114
ZMB,2016-2022,sentinel-2-l2a,2-3-4,1000,15,4-9,True,False,True,sentinel-2-l2a,2-3-4,1000,15,4-9,True,True,True,True,504,403,101,"[[100000000.0, 1.0, 9.999999999999999e-05]]","[[0.38016283558455993, 0.38016283558455993, 0.7332048615733037]]",0.7435905088508759,0.8670340704076147,0.7517480792475966,0.917357181318856,0.9582069008051499,0.9181604647506104,0.7898913961005232,0.8933383214954611,0.7980533566523278,-0.003118530195732605,0.3523502630503093,0.12415070787162216
ZMB,2016-2022,sentinel-2-l2a,2-3-4,1000,15,4-9,True,False,True,sentinel-2-l2a,2-3-4,1000,20,1-12,False,True,False,True,490,392,98,"[[10.0, 10.0, 0.001]]","[[0.5698385984977764, 0.6065877571968237, 0.749886499219379]]",0.7557578019919351,0.870241190767715,0.7573197301088105,0.9164352958484836,0.9585516411842976,0.9188212488171104,0.8285875853115198,0.9143032522673891,0.8359504371067249,-0.01627680271289189,0.359994699424763,0.12959618361392544
ZMB,2016-2022,sentinel-2-l2a,2-3-4,1000,15,4-9,True,False,True,sentinel-2-l2a,2-3-4,1000,20,1-12,False,True,True,True,490,392,98,"[[10.0, 10.0, 0.001]]","[[0.5619322825296761, 0.6035523584764576, 0.7501125670593167]]",0.7560329070362091,0.8703520814006453,0.7575127455984356,0.9165407229346691,0.9586275467959249,0.9189667734759731,0.8261610191103113,0.9130506922507472,0.8336615666195687,-0.017004057584866006,0.35996606306977047,0.12957556656194996
ZMB,2016-2022,sentinel-2-l2a,2-3-4,1000,15,4-9,True,False,True,sentinel-2-l2a,2-3-4,1000,20,4-9,True,True,False,True,504,403,101,"[[1.0, 1.0, 9.999999999999999e-05]]","[[0.5172929058768617, 0.5172929058768617, 0.7259133310451131]]",0.7364802894803173,0.863415166281196,0.7454857493643853,0.941544760427796,0.9706968171919441,0.9422523109065706,0.7477376175254059,0.8721487896658597,0.760643511315624,-0.021201781547655285,0.35718138998734167,0.12757854535328947
ZMB,2016-2022,sentinel-2-l2a,2-3-4,1000,15,4-9,True,False,True,sentinel-2-l2a,2-3-4,1000,20,4-9,True,True,True,True,504,403,101,"[[1.0, 1.0, 9.999999999999999e-05]]","[[0.4844928910882468, 0.48449289108824695, 0.7207038103603746]]",0.7321589031919339,0.8610966442700064,0.741487430773066,0.941617953411297,0.9707400788392578,0.9423363006648485,0.738289823143395,0.8674511263624628,0.7524714566275054,-0.036500405303775185,0.3470259967157499,0.12042704239655967
ZMB,2016-2022,sentinel-2-l2a,2-3-4,1000,15,4-9,True,False,True,sentinel-2-l2a,2-3-4,1000,4,1-12,False,False,False,True,497,397,100,"[[10000.0, 1.0, 9.999999999999999e-05]]","[[0.6152254204444192, 0.6152254204444192, 0.7186533454938342]]",0.719209636373046,0.8565687762674719,0.7337100684763542,0.9746173676629626,0.9875528628838792,0.975260656990146,0.81918368948351,0.9089399730372488,0.8261718745849547,-0.13556543030763102,0.352607941251018,0.12433236023328137
ZMB,2016-2022,sentinel-2-l2a,2-3-4,1000,15,4-9,True,False,True,sentinel-2-l2a,2-3-4,1000,4,1-12,False,False,True,True,497,397,100,"[[1000.0, 10.0, 9.999999999999999e-05]]","[[0.5887882803372012, 0.5960377700390734, 0.7510613185410875]]",0.755543460580866,0.8718743220448638,0.7601648334411909,0.9243519364952116,0.9620395677712532,0.9255201299574997,0.8560591481551608,0.9262529925662158,0.8579446062378703,-0.00936207445986792,0.32434181975647336,0.10519761604294066
ZMB,2016-2022,sentinel-2-l2a,2-3-4,1000,15,4-9,True,False,True,sentinel-2-l2a,2-3-4,1000,4,1-12,False,True,False,True,497,397,100,"[[10000.0, 10.0, 0.001]]","[[0.5646470902293828, 0.5773660176064059, 0.7405252807300984]]",0.7444906753658133,0.8630735432186326,0.744895941003965,0.9169505347043894,0.9597239370889868,0.9210700354215856,0.8556565696179992,0.9273349045738776,0.8599500252410426,-0.038560579108677606,0.30262884865688505,0.09158422003939183
ZMB,2016-2022,sentinel-2-l2a,2-3-4,1000,15,4-9,True,False,True,sentinel-2-l2a,2-3-4,1000,4,1-12,False,True,True,True,497,397,100,"[[10000.0, 10.0, 9.999999999999999e-05]]","[[0.5524498068558501, 0.5835133540034186, 0.7493505848292102]]",0.7536175247127044,0.8708709649774491,0.7584162376407534,0.9224804405864876,0.9610868780112591,0.9236879870854289,0.8478304687466861,0.9215975860966135,0.8493421106991048,-0.01811673710006878,0.3092461813184979,0.09563320066007328
ZMB,2016-2022,sentinel-2-l2a,2-3-4,1000,15,4-9,True,False,True,sentinel-2-l2a,2-3-4,1000,4,4-9,True,False,False,True,504,403,101,"[[10.0, 10.0, 0.001]]","[[0.4494503216130494, 0.4870246927230662, 0.7220572110057939]]",0.736297510087999,0.8590374968864146,0.7379454210568768,0.9041274332628753,0.95286903946444,0.9079594063698846,0.8309962775137455,0.9129775181819189,0.833527948705616,-0.0327658044909751,0.32301027752241923,0.10433563938511028
ZMB,2016-2022,sentinel-2-l2a,2-3-4,1000,15,4-9,True,False,True,sentinel-2-l2a,2-3-4,1000,4,4-9,True,False,True,True,504,403,101,"[[10.0, 1.0, 0.001]]","[[0.5408220695876954, 0.5408220695876955, 0.6848190982917256]]",0.6960466692195786,0.8376217568598645,0.701610207565006,0.936645643064888,0.9691457307022426,0.9392434473383838,0.7827027339270993,0.8867224117542073,0.786276635507198,-0.12739823579517573,0.32271236288703964,0.10414326916013636
ZMB,2016-2022,sentinel-2-l2a,2-3-4,1000,15,4-9,True,False,True,sentinel-2-l2a,2-3-4,1000,4,4-9,True,True,False,True,504,403,101,"[[10.0, 1.0, 0.001]]","[[0.5009969421293645, 0.5009969421293645, 0.6923143502381789]]",0.7025185911753274,0.8412794770425721,0.7077511584930236,0.9384833477280227,0.9700740100294858,0.9410435849346869,0.8012151192664715,0.8969523209833865,0.804523466117484,-0.11969896202129915,0.34091418993208117,0.11622248489704712
ZMB,2016-2022,sentinel-2-l2a,2-3-4,1000,15,4-9,True,False,True,sentinel-2-l2a,2-3-4,1000,4,4-9,True,True,True,True,504,403,101,"[[10.0, 1.0, 0.001]]","[[0.5445222114135942, 0.5445222114135942, 0.6845191796501326]]",0.6952500495135046,0.8370346314389397,0.7006269742281217,0.9368060682427167,0.9692289534346021,0.9394047641759341,0.7853006215038236,0.8881470141372984,0.7888051187209985,-0.1270875000798184,0.3218786422939323,0.10360586036498523
ZMB,2016-2022,sentinel-2-l2a,2-3-4,1000,15,4-9,True,True,False,sentinel-2-l2a,2-3-4,1000,15,4-9,True,True,True,True,504,403,101,"[[1.0, 1.0, 0.001]]","[[0.3966691867236835, 0.39666918672368345, 0.6963415951497528]]",0.7071427329962796,0.8435794998023115,0.7116263724867181,0.9321808324898486,0.9670848738393067,0.9352531532087879,0.8100921196730476,0.9023646412066546,0.8142619457000145,-0.13992075088243539,0.3236359761911184,0.10474024508517815
ZMB,2016-2022,sentinel-2-l2a,2-3-4,1000,15,4-9,True,True,False,sentinel-2-l2a,2-3-4,1000,20,1-12,False,True,False,True,490,392,98,"[[1000.0, 10.0, 0.001]]","[[0.5671788067000074, 0.5914727636080196, 0.7641577577449672]]",0.7694456563667063,0.8773819951982265,0.7697991654980206,0.9071194006588155,0.9538282693553776,0.9097883674214747,0.822481393958769,0.911152328787074,0.8301985662541082,0.03486471576199501,0.36781791952339415,0.13529002192251807
ZMB,2016-2022,sentinel-2-l2a,2-3-4,1000,15,4-9,True,True,False,sentinel-2-l2a,2-3-4,1000,20,1-12,False,True,True,True,490,392,98,"[[1000.0, 10.0, 0.001]]","[[0.5595446616179465, 0.589199959242207, 0.7649814847960082]]",0.7701774066249216,0.8777620798382673,0.7704662688020006,0.9069173666033967,0.953752773912035,0.9096443537449013,0.8196144469092022,0.9094749184873748,0.8271446273576171,0.035247405473777804,0.3680759014525044,0.13547986923007374
ZMB,2016-2022,sentinel-2-l2a,2-3-4,1000,15,4-9,True,True,False,sentinel-2-l2a,2-3-4,1000,20,4-9,True,True,False,True,504,403,101,"[[10.0, 1.0, 0.001]]","[[0.4809599027647831, 0.4809599027647833, 0.7045436516797307]]",0.716894145521275,0.8478637945407276,0.7188730140930011,0.9165116906171913,0.9587774930635594,0.9192542812052438,0.7511830960325685,0.8720189599459927,0.7604170665052907,-0.0973838014581605,0.2849336423657782,0.08118718055182918
ZMB,2016-2022,sentinel-2-l2a,2-3-4,1000,15,4-9,True,True,False,sentinel-2-l2a,2-3-4,1000,20,4-9,True,True,True,True,504,403,101,"[[10.0, 10.0, 0.001]]","[[0.4532293131256463, 0.4575545052621003, 0.7070401855388486]]",0.7222337674207231,0.8505475443890359,0.723431125266219,0.8810931960234849,0.9405020706391385,0.884544144876507,0.826458511537533,0.9098202212790961,0.8277728350483434,-0.09703327171872367,0.24839294928586728,0.06169905725493143
ZMB,2016-2022,sentinel-2-l2a,2-3-4,1000,15,4-9,True,True,False,sentinel-2-l2a,2-3-4,1000,4,1-12,False,False,False,True,497,397,100,"[[1000.0, 1.0, 9.999999999999999e-05]]","[[0.6154744030251049, 0.6154744030251048, 0.7197089637565159]]",0.7199675213945625,0.8569520793149451,0.7343668662422079,0.9750789227593584,0.9877840665002883,0.9757173620318459,0.8196560108194364,0.9093167476926329,0.8268569476343075,-0.13175781496532646,0.35636054521047716,0.12699283818270854
ZMB,2016-2022,sentinel-2-l2a,2-3-4,1000,15,4-9,True,True,False,sentinel-2-l2a,2-3-4,1000,4,1-12,False,False,True,True,497,397,100,"[[1000.0, 10.0, 9.999999999999999e-05]]","[[0.5885859624552817, 0.5954870071488019, 0.7499474070184066]]",0.7544169631952093,0.8712731161538269,0.7591168429323999,0.9238810897802762,0.9617933062322327,0.9250463639131293,0.8556068180652541,0.9260034689873783,0.8574824245766585,-0.014451579232580558,0.32070643314753616,0.10285261626221508
ZMB,2016-2022,sentinel-2-l2a,2-3-4,1000,15,4-9,True,True,False,sentinel-2-l2a,2-3-4,1000,4,1-12,False,True,False,True,497,397,100,"[[1000.0, 10.0, 0.001]]","[[0.5647659613035388, 0.57983316660826, 0.7447145419548958]]",0.7484636125724784,0.8653676924207174,0.7488612430855573,0.919668189798273,0.9611187360956942,0.9237492248741846,0.8638261194836097,0.9318662211678139,0.8683746541535811,-0.021072234805637358,0.3209001533442739,0.10297690841637851
ZMB,2016-2022,sentinel-2-l2a,2-3-4,1000,15,4-9,True,True,False,sentinel-2-l2a,2-3-4,1000,4,1-12,False,True,True,True,497,397,100,"[[100000000.0, 10.0, 9.999999999999999e-05]]","[[0.5524178887019895, 0.5828879155523585, 0.7478988123730567]]",0.7522111313800299,0.8701063039829595,0.7570849802308863,0.9216932660052486,0.9606706908623512,0.9228881762819472,0.8457476068155036,0.9204519637876999,0.8472318176406332,-0.023991536578635397,0.304396660209,0.09265732674639342
ZMB,2016-2022,sentinel-2-l2a,2-3-4,1000,15,4-9,True,True,False,sentinel-2-l2a,2-3-4,1000,4,4-9,True,False,False,True,504,403,101,"[[1.0, 10.0, 0.001]]","[[0.46154117542056416, 0.48121506500178446, 0.7087390771512367]]",0.7230468788413653,0.8528381095256278,0.7273328410592467,0.9305475134824336,0.9665160128510863,0.9341532030975613,0.8223562929131382,0.907733382070358,0.8239798929248906,-0.08609940966563667,0.33302921698897575,0.1109084593682903
ZMB,2016-2022,sentinel-2-l2a,2-3-4,1000,15,4-9,True,True,False,sentinel-2-l2a,2-3-4,1000,4,4-9,True,False,True,True,504,403,101,"[[10.0, 1.0, 0.001]]","[[0.5243220092399251, 0.5243220092399251, 0.6666254062088752]]",0.6794382510982802,0.8288068986064953,0.6869208751777173,0.9342188133240453,0.9679212516913124,0.9368715494756769,0.7919188623730191,0.8915682992187398,0.7948940321717963,-0.1904043527637358,0.28498393741758077,0.0812158445860276
ZMB,2016-2022,sentinel-2-l2a,2-3-4,1000,15,4-9,True,True,False,sentinel-2-l2a,2-3-4,1000,4,4-9,True,True,False,True,504,403,101,"[[1.0, 1.0, 0.001]]","[[0.5057299061220822, 0.5057299061220822, 0.6865550501642744]]",0.6956082087429407,0.8383770735422609,0.7028761174412855,0.9515301652577783,0.9766934625014919,0.9539301196931532,0.7981247161092617,0.894626436391585,0.8003564606907067,-0.1387827929770793,0.3457356168133277,0.11953311673329217
ZMB,2016-2022,sentinel-2-l2a,2-3-4,1000,15,4-9,True,True,False,sentinel-2-l2a,2-3-4,1000,4,4-9,True,True,True,True,504,403,101,"[[10.0, 1.0, 0.001]]","[[0.527640567074505, 0.5276405670745049, 0.666211921548491]]",0.6784479712816798,0.8280728005800905,0.6857045630605543,0.9343457952203804,0.9679872003731239,0.9369992200861983,0.7955552110343549,0.8935015322971863,0.7983449882174198,-0.19065055993236135,0.28363885047904613,0.08045099750107469
ZMB,2016-2022,sentinel-2-l2a,2-3-4,1000,15,4-9,True,True,True,sentinel-2-l2a,2-3-4,1000,20,1-12,False,True,False,True,490,392,98,"[[1.0, 10.0, 0.001]]","[[0.571678882252069, 0.5887150820739782, 0.7228571153480783]]",0.7304985342061754,0.8570317482179037,0.7345034174534364,0.935714577237972,0.9685256019709715,0.9380418416732327,0.8250522924963702,0.9121227139394843,0.8319678452843303,-0.10911271568057357,0.32908361859317287,0.10829602802637688
ZMB,2016-2022,sentinel-2-l2a,2-3-4,1000,15,4-9,True,True,True,sentinel-2-l2a,2-3-4,1000,20,1-12,False,True,True,True,490,392,98,"[[1.0, 10.0, 0.001]]","[[0.5615836058108077, 0.5846348888295093, 0.7225024886619142]]",0.7303448675454929,0.8569098046563323,0.7342944133161535,0.9359319377399685,0.9686432768002216,0.9382697976902706,0.8228026931226912,0.9111078126756248,0.8301174463185614,-0.10968752695284789,0.32959733089785803,0.10863440053499213
ZMB,2016-2022,sentinel-2-l2a,2-3-4,1000,15,4-9,True,True,True,sentinel-2-l2a,2-3-4,1000,20,4-9,True,True,False,True,504,403,101,"[[1.0, 1.0, 9.999999999999999e-05]]","[[0.5163675420366534, 0.5163675420366534, 0.7269747326841614]]",0.7372878851552549,0.8637866970182917,0.7461274579457701,0.9414020268169281,0.9706245430356395,0.942112003543144,0.7476932646269351,0.8725267784847456,0.7613029791729683,-0.018780581664719298,0.35672141069626284,0.12725016484913182
ZMB,2016-2022,sentinel-2-l2a,2-3-4,1000,15,4-9,True,True,True,sentinel-2-l2a,2-3-4,1000,20,4-9,True,True,True,True,504,403,101,"[[1.0, 1.0, 9.999999999999999e-05]]","[[0.48240202621930345, 0.48240202621930345, 0.7216111583566149]]",0.7327653615972967,0.8613668404933406,0.74195283390148,0.9415157641081642,0.9706894961804103,0.9422380979949788,0.7382580149899453,0.8679015024062086,0.753253017878954,-0.0344380562037192,0.3464575628828459,0.12003284287872112
ZMB,2016-2022,sentinel-2-l2a,2-3-4,1000,15,4-9,True,True,True,sentinel-2-l2a,2-3-4,1000,4,1-12,False,False,False,True,497,397,100,"[[10000.0, 1.0, 9.999999999999999e-05]]","[[0.6152312329944775, 0.6152312329944775, 0.7186519700826557]]",0.7192082669496359,0.8565679983975136,0.7337087358787229,0.9746176378351786,0.9875530037699131,0.9752609352549779,0.8191849991400424,0.9089398841566123,0.8261717130106359,-0.1355715345033517,0.3526042875761979,0.12432978361711805
ZMB,2016-2022,sentinel-2-l2a,2-3-4,1000,15,4-9,True,True,True,sentinel-2-l2a,2-3-4,1000,4,1-12,False,False,True,True,497,397,100,"[[1000.0, 10.0, 9.999999999999999e-05]]","[[0.5887212479915724, 0.5959756944685918, 0.7509898215745049]]",0.7554739227636043,0.8718367933471478,0.7600993942338373,0.9243461174299468,0.9620365838961941,0.9255143887546589,0.8560441948159752,0.9262496083626138,0.8579383369918955,-0.009642930084883927,0.324154656495938,0.10507624132799956
ZMB,2016-2022,sentinel-2-l2a,2-3-4,1000,15,4-9,True,True,True,sentinel-2-l2a,2-3-4,1000,4,1-12,False,True,False,True,497,397,100,"[[1000.0, 10.0, 0.001]]","[[0.5646896860769204, 0.5805322125190335, 0.7458377409165108]]",0.7496030421371063,0.8660087903476144,0.7499712249593383,0.9201152257003418,0.9613507063791153,0.924195180655624,0.8640799873571192,0.9319943607931525,0.8686134885502368,-0.016091189956706442,0.3247055409277167,0.1054336883091611
ZMB,2016-2022,sentinel-2-l2a,2-3-4,1000,15,4-9,True,True,True,sentinel-2-l2a,2-3-4,1000,4,1-12,False,True,True,True,497,397,100,"[[10000.0, 10.0, 9.999999999999999e-05]]","[[0.5524442970496197, 0.5835057805287088, 0.7493401013535521]]",0.7536071999980214,0.870865440667167,0.7584066157484189,0.9224785792141706,0.9610858909247624,0.9236860897346443,0.84782640104121,0.921595986038264,0.8493391614818401,-0.01815943795240793,0.309218201383578,0.09561589606689498
ZMB,2016-2022,sentinel-2-l2a,2-3-4,1000,15,4-9,True,True,True,sentinel-2-l2a,2-3-4,1000,4,4-9,True,False,False,True,504,403,101,"[[10.0, 10.0, 0.001]]","[[0.448810343965344, 0.4871884056053538, 0.7221422649940191]]",0.7362878642909115,0.8590382596303724,0.7379467315087791,0.9040034868237709,0.9528020943075356,0.907831830916826,0.8295754682445602,0.9123662592424361,0.8324121910040361,-0.03328213251898959,0.3225381094873201,0.10403083207165448
ZMB,2016-2022,sentinel-2-l2a,2-3-4,1000,15,4-9,True,True,True,sentinel-2-l2a,2-3-4,1000,4,4-9,True,False,True,True,504,403,101,"[[10.0, 1.0, 0.001]]","[[0.5387694028613546, 0.5387694028613546, 0.6829699021277127]]",0.6944598792124883,0.8367915488241393,0.7002200961835019,0.9365960710464,0.969120993927331,0.9391955008706979,0.779974077547738,0.885478937708813,0.784072949125928,-0.13353271124837574,0.3201610118780357,0.10250307352676771
ZMB,2016-2022,sentinel-2-l2a,2-3-4,1000,15,4-9,True,True,True,sentinel-2-l2a,2-3-4,1000,4,4-9,True,True,False,True,504,403,101,"[[10.0, 1.0, 0.001]]","[[0.4993597184233599, 0.4993597184233599, 0.6919092474683705]]",0.7021570939988382,0.8411078483514929,0.707462412558478,0.9385132316515522,0.9700906779922122,0.9410759235273899,0.7985875135236186,0.8956912804545963,0.8022628698823944,-0.1213659342160196,0.3404438533607936,0.11590201729114552
ZMB,2016-2022,sentinel-2-l2a,2-3-4,1000,15,4-9,True,True,True,sentinel-2-l2a,2-3-4,1000,4,4-9,True,True,True,True,504,403,101,"[[10.0, 1.0, 0.001]]","[[0.5426979889992599, 0.5426979889992599, 0.6828464075355833]]",0.6937978467249064,0.8362740193095527,0.6993542353721541,0.9367595802997383,0.9692054936537422,0.9393592889285941,0.7831536355432236,0.8872124185778979,0.7871458756788431,-0.13270863464604576,0.3194997916621572,0.10208011687216186
ZMB,2016-2022,sentinel-2-l2a,2-3-4,1000,20,1-12,False,True,False,sentinel-2-l2a,2-3-4,1000,20,1-12,False,True,True,True,490,392,98,"[[100000000.0, 10.0, 0.001]]","[[0.5590931028900074, 0.586923678719006, 0.7614688793933578]]",0.7666899559030204,0.8757678862896543,0.7669693906562488,0.9031352283755965,0.9517681634016442,0.9058626368649388,0.8125753427028619,0.9057770484329477,0.8204320614679025,0.01624580763484651,0.34835861401463275,0.12135372395819588
ZMB,2016-2022,sentinel-2-l2a,2-3-4,1000,20,1-12,False,True,False,sentinel-2-l2a,2-3-4,1000,20,4-9,True,True,False,True,490,392,98,"[[10.0, 1000.0, 0.001]]","[[0.55880139478718, 0.5888973474992404, 0.760160779152958]]",0.7654876825724068,0.875124352777222,0.7658426328237518,0.9033349183232285,0.9518396107076864,0.9059986445121601,0.8154668170708937,0.907464220560172,0.8234913115968804,0.014046504540546123,0.3472227172667344,0.1205636153860946
ZMB,2016-2022,sentinel-2-l2a,2-3-4,1000,20,1-12,False,True,False,sentinel-2-l2a,2-3-4,1000,20,4-9,True,True,True,True,490,392,98,"[[10.0, 100000000.0, 0.001]]","[[0.552653548310573, 0.5888952113543324, 0.7602788620250303]]",0.7656007710585426,0.8751863905170872,0.7659512181463275,0.9032718116181677,0.951807425074453,0.9059373744268605,0.815475404300839,0.9074775129220664,0.8235154364592191,0.014380033143940207,0.3473437253592275,0.12064766354642645
ZMB,2016-2022,sentinel-2-l2a,2-3-4,1000,20,1-12,False,True,False,sentinel-2-l2a,2-3-4,1000,4,1-12,False,False,False,True,490,392,98,"[[10.0, 10.0, 9.999999999999999e-05]]","[[0.5705918598206445, 0.6279492159227134, 0.7480195470960184]]",0.7524052118919765,0.8707180910597404,0.7581499940987184,0.947923771103693,0.9741676306166241,0.9490025725412075,0.8426427935426517,0.9202536980701213,0.8468668688117339,-0.05571211756325134,0.3204209514996152,0.10266958615991875
ZMB,2016-2022,sentinel-2-l2a,2-3-4,1000,20,1-12,False,True,False,sentinel-2-l2a,2-3-4,1000,4,1-12,False,False,True,True,490,392,98,"[[10.0, 10.0, 0.001]]","[[0.5869261531990688, 0.6404887320278878, 0.7369910817308517]]",0.7400091587393096,0.8611702586997293,0.7416142144689587,0.9406592174948859,0.971241581694364,0.94331021001217,0.821950081271172,0.9105071060937697,0.8290231902472512,-0.07549995231872941,0.32786213550128473,0.10749357989546279
ZMB,2016-2022,sentinel-2-l2a,2-3-4,1000,20,1-12,False,True,False,sentinel-2-l2a,2-3-4,1000,4,1-12,False,True,False,True,490,392,98,"[[10.0, 10.0, 9.999999999999999e-05]]","[[0.5767654670547266, 0.6331424623783273, 0.7431181823774449]]",0.7464063396077656,0.8675560140195377,0.7526534374614684,0.9448848465605644,0.972582391281479,0.9459165078308001,0.8459386665106992,0.922219714896477,0.8504892025437394,-0.07933584654910364,0.31212798209134,0.09742387720441187
ZMB,2016-2022,sentinel-2-l2a,2-3-4,1000,20,1-12,False,True,False,sentinel-2-l2a,2-3-4,1000,4,1-12,False,True,True,True,490,392,98,"[[10.0, 10.0, 9.999999999999999e-05]]","[[0.5953711129539292, 0.6450451847064087, 0.7422290671110398]]",0.7445807685427364,0.8670073037880783,0.7517016648218732,0.9440057732629904,0.9721040274362522,0.9449862401577819,0.8420886273134434,0.919966501236034,0.8463383633964697,-0.08698774323946878,0.3116504358575135,0.09712599417017814
ZMB,2016-2022,sentinel-2-l2a,2-3-4,1000,20,1-12,False,True,False,sentinel-2-l2a,2-3-4,1000,4,4-9,True,False,False,True,490,392,98,"[[10.0, 100.0, 0.001]]","[[0.5453115049426847, 0.6032979050401124, 0.7587027394875019]]",0.7646458330747901,0.8747447326272173,0.7651783472590619,0.9084140719421406,0.9545072824050084,0.9110841521641944,0.8215843621822667,0.9105045458722514,0.8290185280540348,0.013027802030609936,0.3491737324645211,0.12192229544320496
ZMB,2016-2022,sentinel-2-l2a,2-3-4,1000,20,1-12,False,True,False,sentinel-2-l2a,2-3-4,1000,4,4-9,True,False,True,True,490,392,98,"[[10.0, 10.0, 0.001]]","[[0.5942911353628082, 0.6269911747780519, 0.7459339330241399]]",0.7508895614917594,0.8671820699674062,0.7520047424729553,0.9218753083803582,0.9616199446264382,0.9247129179033541,0.8256375566588369,0.9131491031914962,0.8338412846594339,-0.04252018684947201,0.32533705171005006,0.10584419721538779
ZMB,2016-2022,sentinel-2-l2a,2-3-4,1000,20,1-12,False,True,False,sentinel-2-l2a,2-3-4,1000,4,4-9,True,True,False,True,490,392,98,"[[10.0, 10.0, 0.001]]","[[0.5814240348896583, 0.6101340009787477, 0.743798889925417]]",0.7497087035369577,0.8666510808540417,0.7510840959454788,0.9231838967545657,0.9622476765050648,0.9259205909393958,0.8328074037565232,0.9165525366052012,0.8400685523574287,-0.043289005957827476,0.3252575321849854,0.10579246224306679
ZMB,2016-2022,sentinel-2-l2a,2-3-4,1000,20,1-12,False,True,False,sentinel-2-l2a,2-3-4,1000,4,4-9,True,True,True,True,490,392,98,"[[10.0, 10.0, 0.001]]","[[0.5920268086733705, 0.6277321589841378, 0.7464242944009348]]",0.7514281764872498,0.8674504652508028,0.7524703096638343,0.9220356668955388,0.9617071490501335,0.9248806405341358,0.8263065894924245,0.9135936429667009,0.8346533444691677,-0.04049057892871932,0.3264336620219154,0.10655893570103811
ZMB,2016-2022,sentinel-2-l2a,2-3-4,1000,20,1-12,False,True,True,sentinel-2-l2a,2-3-4,1000,20,4-9,True,True,False,True,490,392,98,"[[10.0, 100.0, 0.001]]","[[0.5604918309545357, 0.5874219243129926, 0.760350643269676]]",0.765632161139606,0.8751879904501048,0.7659540186280926,0.9038045278271827,0.9521074610509621,0.9065086173889093,0.8126601965375425,0.9057676826609243,0.820415094952941,0.01325653219117362,0.3474138280409724,0.12069636791408232
ZMB,2016-2022,sentinel-2-l2a,2-3-4,1000,20,1-12,False,True,True,sentinel-2-l2a,2-3-4,1000,20,4-9,True,True,True,True,490,392,98,"[[10.0, 100000000.0, 0.001]]","[[0.5549292126172561, 0.5869236760706338, 0.7614688791488639]]",0.7666899556229391,0.8757678861029784,0.7669693903292794,0.9031352271354863,0.9517681627924011,0.9058626357052224,0.8125753423178428,0.9057770483690839,0.8204320613522098,0.016245805045377093,0.3483586085455864,0.12135372014781712
ZMB,2016-2022,sentinel-2-l2a,2-3-4,1000,20,1-12,False,True,True,sentinel-2-l2a,2-3-4,1000,4,1-12,False,False,False,True,490,392,98,"[[10.0, 10.0, 9.999999999999999e-05]]","[[0.5691928816635787, 0.6265765477681058, 0.7472108693097514]]",0.7517341564898226,0.8704515331824296,0.7576858716196424,0.9479423184028348,0.9741782499792945,0.9490232627327208,0.8415092709216726,0.919710057584661,0.8458665900223804,-0.0594671480796336,0.3188848773708198,0.10168756501580277
ZMB,2016-2022,sentinel-2-l2a,2-3-4,1000,20,1-12,False,True,True,sentinel-2-l2a,2-3-4,1000,4,1-12,False,False,True,True,490,392,98,"[[10.0, 10.0, 0.001]]","[[0.5867743931552761, 0.6402197359717925, 0.7369260975011385]]",0.7400418207966806,0.8611586740933017,0.7415942619661334,0.9405312797972895,0.9711842550712008,0.9431988572982032,0.8203168691791718,0.9096065768403001,0.8273841246311288,-0.07735044995976104,0.3264491967709444,0.10656907807239478
ZMB,2016-2022,sentinel-2-l2a,2-3-4,1000,20,1-12,False,True,True,sentinel-2-l2a,2-3-4,1000,4,1-12,False,True,False,True,490,392,98,"[[10.0, 10.0, 9.999999999999999e-05]]","[[0.5753969448496831, 0.6308358059227399, 0.7425194854554337]]",0.7459299557545376,0.8673876650111825,0.7523613614135513,0.9449180571826238,0.9726007237875617,0.9459521679120888,0.8449113150607566,0.9217705273958561,0.8496609051756346,-0.08253096131055027,0.31094242588128534,0.09668519221293863
ZMB,2016-2022,sentinel-2-l2a,2-3-4,1000,20,1-12,False,True,True,sentinel-2-l2a,2-3-4,1000,4,1-12,False,True,True,True,490,392,98,"[[10.0, 10.0, 9.999999999999999e-05]]","[[0.5946546324021436, 0.643649717638051, 0.7420346387206702]]",0.744482760646864,0.8670059991607548,0.7516994025807388,0.9439283967227523,0.9720655061481447,0.9449113482430487,0.8408260024002455,0.9193629824860241,0.8452282935655975,-0.08894971060982781,0.3103906718466144,0.09634236916939266
ZMB,2016-2022,sentinel-2-l2a,2-3-4,1000,20,1-12,False,True,True,sentinel-2-l2a,2-3-4,1000,4,4-9,True,False,False,True,490,392,98,"[[10.0, 100.0, 0.001]]","[[0.5436458317633435, 0.6021062206271657, 0.7593980700070829]]",0.7653243008674151,0.8751028153026097,0.7658049373505534,0.9082875260979992,0.9544581499453184,0.9109903599970399,0.8195666700636818,0.9093743628733751,0.826961731851357,0.013480052673331633,0.3496147054072887,0.12223044223702524
ZMB,2016-2022,sentinel-2-l2a,2-3-4,1000,20,1-12,False,True,True,sentinel-2-l2a,2-3-4,1000,4,4-9,True,False,True,True,490,392,98,"[[10.0, 10.0, 0.001]]","[[0.5974181425454246, 0.6271344281980825, 0.7456240289559677]]",0.7506027141082161,0.8670055896635709,0.7516986925078762,0.9216165065382763,0.9614922360537331,0.9244673199916077,0.8239014380523093,0.912172333443536,0.8320583658998254,-0.0460650248582839,0.32374961291805454,0.10481381186459014
ZMB,2016-2022,sentinel-2-l2a,2-3-4,1000,20,1-12,False,True,True,sentinel-2-l2a,2-3-4,1000,4,4-9,True,True,False,True,490,392,98,"[[10.0, 10.0, 0.001]]","[[0.5793512768368347, 0.6086168430952505, 0.7440009598845212]]",0.7499384850886028,0.8667785748341386,0.7513050977915003,0.9231720874489208,0.9622519375051378,0.9259287912323917,0.830906856875404,0.9154917875292969,0.8381252130335873,-0.04509182354588703,0.3247931990569703,0.10549062215366073
ZMB,2016-2022,sentinel-2-l2a,2-3-4,1000,20,1-12,False,True,True,sentinel-2-l2a,2-3-4,1000,4,4-9,True,True,True,True,490,392,98,"[[10.0, 10.0, 0.001]]","[[0.5950258111840505, 0.6277587938881444, 0.74608934423937]]",0.7511143317015705,0.8672596739180047,0.7521393420043639,0.9217708558545429,0.9615763665470183,0.9246291087017656,0.8245715605010759,0.9126255586489727,0.8328854102993495,-0.044156740208506795,0.3247355062130767,0.10545314899546315
ZMB,2016-2022,sentinel-2-l2a,2-3-4,1000,20,4-9,True,True,False,sentinel-2-l2a,2-3-4,1000,20,4-9,True,True,True,True,504,403,101,"[[1.0, 10.0, 0.001]]","[[0.4152563247496978, 0.429838315384693, 0.68467799366073]]",0.6969143862660421,0.8358106397044014,0.6985794254430807,0.8974337500241863,0.9488643778189443,0.9003436074937322,0.7419091758047387,0.8645143847778028,0.7473851214877429,-0.1686040531396087,0.18699235787011112,0.034966141901823705
ZMB,2016-2022,sentinel-2-l2a,2-3-4,1000,20,4-9,True,True,False,sentinel-2-l2a,2-3-4,1000,4,1-12,False,False,False,True,497,397,100,"[[10.0, 1.0, 0.001]]","[[0.6449221147823405, 0.6449221147823405, 0.7194479464228068]]",0.7222263196811345,0.8516506126385299,0.7253087660075833,0.9736706577641868,0.9875410712887177,0.9752373674820682,0.7862088185468644,0.8909783350523999,0.7938423935327465,-0.10842611790353329,0.35128604694461085,0.12340188677797134
ZMB,2016-2022,sentinel-2-l2a,2-3-4,1000,20,4-9,True,True,False,sentinel-2-l2a,2-3-4,1000,4,1-12,False,False,True,True,497,397,100,"[[10.0, 10.0, 9.999999999999999e-05]]","[[0.6099360926774441, 0.6265241386116854, 0.7481347524300729]]",0.7530342768314595,0.8705096427708978,0.7577870381571161,0.9299106947700995,0.9649140582344384,0.9310591397784532,0.8414940450320115,0.9178490975386961,0.8424469658525989,-0.01681363130866731,0.31843279878826336,0.10139944734412662
ZMB,2016-2022,sentinel-2-l2a,2-3-4,1000,20,4-9,True,True,False,sentinel-2-l2a,2-3-4,1000,4,1-12,False,True,False,True,497,397,100,"[[10.0, 10.0, 0.001]]","[[0.6031799923541599, 0.630104584147699, 0.7433427563688078]]",0.7479208940830526,0.8649773054869266,0.748185739007424,0.9260034338773034,0.9641327950149304,0.9295520464233019,0.8488955867014247,0.9227283212240305,0.8514275547889176,-0.017394329451418278,0.3202084441282766,0.10253344769105163
ZMB,2016-2022,sentinel-2-l2a,2-3-4,1000,20,4-9,True,True,False,sentinel-2-l2a,2-3-4,1000,4,1-12,False,True,True,True,497,397,100,"[[10.0, 10.0, 9.999999999999999e-05]]","[[0.5932156148436885, 0.6272633508949448, 0.7509048158272678]]",0.7554888088201716,0.872037412188992,0.7604492482572739,0.9307359460855311,0.9653497850015703,0.9319002074025781,0.8430469648187211,0.918611401337864,0.8438469066679143,-0.0055503655773092575,0.3244218825976294,0.10524955790819003
ZMB,2016-2022,sentinel-2-l2a,2-3-4,1000,20,4-9,True,True,False,sentinel-2-l2a,2-3-4,1000,4,4-9,True,False,False,True,504,403,101,"[[1.0, 10.0, 0.001]]","[[0.5041380621711421, 0.5274470254757297, 0.6948769412603135]]",0.7069905553417104,0.8421362262822354,0.7091934236168844,0.9227568177432285,0.9622192691471845,0.9258659219181419,0.739025078122406,0.8664948891806166,0.750813392976129,-0.13412933519841008,0.23814375141578076,0.05671244633838118
ZMB,2016-2022,sentinel-2-l2a,2-3-4,1000,20,4-9,True,True,False,sentinel-2-l2a,2-3-4,1000,4,4-9,True,False,True,True,504,403,101,"[[10.0, 1.0, 0.001]]","[[0.5370406348619766, 0.5370406348619766, 0.6423656470625244]]",0.6557029275329247,0.814150382436462,0.6628408452214373,0.9300282730771467,0.9657739815744285,0.9327193834861246,0.7674692677584323,0.8792552342974745,0.7730897670395068,-0.2980951177305051,0.19871625852069869,0.03948815140046515
ZMB,2016-2022,sentinel-2-l2a,2-3-4,1000,20,4-9,True,True,False,sentinel-2-l2a,2-3-4,1000,4,4-9,True,True,False,True,504,403,101,"[[1.0, 10.0, 0.001]]","[[0.5299781864449675, 0.5331156605596712, 0.6886875674760212]]",0.7011080087974231,0.8388511747039494,0.7036712933021959,0.9199877823041154,0.9607019726739535,0.9229482802996257,0.7265446487715832,0.8594064064620589,0.7385793714680295,-0.15284078838035664,0.22777871565366317,0.05188314330483234
ZMB,2016-2022,sentinel-2-l2a,2-3-4,1000,20,4-9,True,True,False,sentinel-2-l2a,2-3-4,1000,4,4-9,True,True,True,True,504,403,101,"[[10.0, 1.0, 0.001]]","[[0.5397376731192087, 0.5397376731192087, 0.6416865859177002]]",0.6546446491484084,0.8133889570689317,0.6616015954816844,0.9302260197377666,0.9658788259371459,0.9329219063937194,0.7757040626117119,0.8831632072821521,0.7799772506968976,-0.2985502627651133,0.19788067886221916,0.03915676306697271
ZMB,2016-2022,sentinel-2-l2a,2-3-4,1000,20,4-9,True,True,True,sentinel-2-l2a,2-3-4,1000,4,1-12,False,False,False,True,497,397,100,"[[10.0, 1.0, 0.001]]","[[0.6378799997129547, 0.6378799997129545, 0.7161784276406934]]",0.7192193021038304,0.8500386246522658,0.7225656634007156,0.9736725382544569,0.9875493301165105,0.9752536794135686,0.7868039115510754,0.8910925345309401,0.7940459050967746,-0.12046562859956422,0.34514765199018177,0.11912690167433562
ZMB,2016-2022,sentinel-2-l2a,2-3-4,1000,20,4-9,True,True,True,sentinel-2-l2a,2-3-4,1000,4,1-12,False,False,True,True,497,397,100,"[[10.0, 10.0, 9.999999999999999e-05]]","[[0.607853064947434, 0.6223770011584504, 0.7461826697100485]]",0.7511452810513677,0.8694915442052925,0.7560155454445041,0.9297042152745594,0.9648107158669237,0.9308597174516458,0.8411252745769737,0.9176187985602094,0.8420242594710823,-0.024982615408967845,0.31163507459971074,0.09711641972076727
ZMB,2016-2022,sentinel-2-l2a,2-3-4,1000,20,4-9,True,True,True,sentinel-2-l2a,2-3-4,1000,4,1-12,False,True,False,True,497,397,100,"[[10.0, 10.0, 0.001]]","[[0.5941593232034197, 0.6202377048523439, 0.7408942293910755]]",0.7456208501052175,0.8636715541100961,0.7459285533789487,0.9257578172333674,0.9640383085055155,0.9293698602661755,0.8490650841989307,0.9227649039623564,0.8514950679846569,-0.027602469148565234,0.311920709906439,0.09729452926853688
ZMB,2016-2022,sentinel-2-l2a,2-3-4,1000,20,4-9,True,True,True,sentinel-2-l2a,2-3-4,1000,4,1-12,False,True,True,True,497,397,100,"[[10.0, 10.0, 9.999999999999999e-05]]","[[0.5910965669877057, 0.6231012703120189, 0.7491098980637967]]",0.7537142065189695,0.8710870143521038,0.7587925865728623,0.9305475916029418,0.965256208866394,0.9317195487551235,0.8423470397638458,0.9182042014022808,0.8430989554728002,-0.013203175732440231,0.3179664437376712,0.10110265934318162
ZMB,2016-2022,sentinel-2-l2a,2-3-4,1000,20,4-9,True,True,True,sentinel-2-l2a,2-3-4,1000,4,4-9,True,False,False,True,504,403,101,"[[1.0, 10.0, 0.001]]","[[0.4991497492410737, 0.5169271138787399, 0.6901278582750611]]",0.7026789119734443,0.8396110154196066,0.7049466572139429,0.922159686248299,0.9619348585738816,0.9253186721395537,0.7360962829304811,0.8638280715399312,0.7461989371803965,-0.15181724615550674,0.22607882307062296,0.051111634240998044
ZMB,2016-2022,sentinel-2-l2a,2-3-4,1000,20,4-9,True,True,True,sentinel-2-l2a,2-3-4,1000,4,4-9,True,False,True,True,504,403,101,"[[10.0, 1.0, 0.001]]","[[0.5339082083226859, 0.5339082083226859, 0.6400387981281538]]",0.65378698731187,0.8129933171565951,0.660958133741284,0.9298176356284612,0.9656753291699055,0.9325288413674053,0.7676958025266744,0.8789865871582246,0.7726174204040632,-0.30646483326202256,0.19385827930733288,0.037581032455999884
ZMB,2016-2022,sentinel-2-l2a,2-3-4,1000,20,4-9,True,True,True,sentinel-2-l2a,2-3-4,1000,4,4-9,True,True,False,True,504,403,101,"[[1.0, 1.0, 0.001]]","[[0.520822127517515, 0.5208221275175151, 0.6612207282743471]]",0.6758450144296515,0.8249225365399278,0.6804971912914685,0.9489071703997494,0.9752470056061292,0.9511067219437214,0.7013474368368872,0.846157129829616,0.7159818883614936,-0.2142949161214469,0.256185098587529,0.06563080473830196
ZMB,2016-2022,sentinel-2-l2a,2-3-4,1000,20,4-9,True,True,True,sentinel-2-l2a,2-3-4,1000,4,4-9,True,True,True,True,504,403,101,"[[10.0, 1.0, 0.001]]","[[0.5362188613149079, 0.5362188613149079, 0.6392692166868468]]",0.6526392392278723,0.8121830735437839,0.6596413449510276,0.9299965897174369,0.9657700859421801,0.9327118589007658,0.775799960669197,0.8828937822998385,0.7795014308237146,-0.30723310231864076,0.1927951717134285,0.03716997823601038
ZMB,2016-2022,sentinel-2-l2a,2-3-4,1000,4,1-12,False,False,False,sentinel-2-l2a,2-3-4,1000,4,1-12,False,False,True,True,497,397,100,"[[10.0, 10.0, 9.999999999999999e-05]]","[[0.6093051493011926, 0.6372270654811586, 0.7364569093522622]]",0.7395116882837733,0.8639333579048754,0.7463808469007934,0.9455073821590887,0.9729885042910693,0.9467066294825722,0.8595119114199999,0.9271717978601158,0.8596475427471595,-0.07164984050594114,0.3119834088639964,0.09733364740639955
ZMB,2016-2022,sentinel-2-l2a,2-3-4,1000,4,1-12,False,False,False,sentinel-2-l2a,2-3-4,1000,4,1-12,False,True,False,True,497,397,100,"[[1.0, 10.0, 9.999999999999999e-05]]","[[0.5963774534258941, 0.6168913713908017, 0.7153288733760936]]",0.7160013695152752,0.8549137506808284,0.7308775211031616,0.9767211860470391,0.9886082268132622,0.9773462261228625,0.8222097728378833,0.9104318633378254,0.8288861777807849,-0.14800601603534047,0.34885653093446584,0.12170087917562993
ZMB,2016-2022,sentinel-2-l2a,2-3-4,1000,4,1-12,False,False,False,sentinel-2-l2a,2-3-4,1000,4,1-12,False,True,True,True,497,397,100,"[[1.0, 10.0, 9.999999999999999e-05]]","[[0.6025623339522198, 0.6373043038373079, 0.7146201977179408]]",0.7151648990644439,0.8540474105059305,0.7293969793918853,0.9780483178414255,0.989273929712816,0.9786629080094377,0.8244194052295337,0.9110291863537602,0.8299741783883943,-0.15093132632453754,0.34235973782341195,0.11721019008251536
ZMB,2016-2022,sentinel-2-l2a,2-3-4,1000,4,1-12,False,False,False,sentinel-2-l2a,2-3-4,1000,4,4-9,True,False,False,True,497,397,100,"[[1.0, 100000000.0, 9.999999999999999e-05]]","[[0.6016933010165137, 0.615180871268597, 0.7183446380887406]]",0.7189451383241481,0.8564443848929578,0.7334969844146769,0.9745285531748544,0.9875080184441349,0.9751720864914619,0.8190402171969222,0.9088468826249296,0.8260026560570526,-0.13677192125159432,0.351820998769776,0.12377801517536274
ZMB,2016-2022,sentinel-2-l2a,2-3-4,1000,4,1-12,False,False,False,sentinel-2-l2a,2-3-4,1000,4,4-9,True,False,True,True,497,397,100,"[[1.0, 10.0, 9.999999999999999e-05]]","[[0.6227799842924517, 0.6227894647968639, 0.7151379601257775]]",0.715613347416802,0.854511920530501,0.7301906223287252,0.9762557012137131,0.9883833336635983,0.9769016142639679,0.8234316958190386,0.9110701138644923,0.830048752377059,-0.1524497059909231,0.342454265642969,0.11727492405706517
ZMB,2016-2022,sentinel-2-l2a,2-3-4,1000,4,1-12,False,False,False,sentinel-2-l2a,2-3-4,1000,4,4-9,True,True,False,True,497,397,100,"[[1.0, 10.0, 9.999999999999999e-05]]","[[0.6144746726202353, 0.6165160044667269, 0.7182640402188858]]",0.7188469540942689,0.8563789747407071,0.7333849483779447,0.9757792564848587,0.9881398782238277,0.9764204189362009,0.8186037659620117,0.9086911424150639,0.8257195923035939,-0.13851722287998558,0.35193744827925827,0.12385996750131559
ZMB,2016-2022,sentinel-2-l2a,2-3-4,1000,4,1-12,False,False,False,sentinel-2-l2a,2-3-4,1000,4,4-9,True,True,True,True,497,397,100,"[[1.0, 1.0, 9.999999999999999e-05]]","[[0.6253190530099786, 0.6253190530099786, 0.7008695738552364]]",0.7013933329998764,0.8465704169528956,0.7166814708597995,0.9819260167592966,0.9912124485476925,0.982502118155912,0.8238811168265339,0.9111967770193399,0.8302795664504325,-0.2094228201910835,0.3221251482878583,0.10376461115947472
ZMB,2016-2022,sentinel-2-l2a,2-3-4,1000,4,1-12,False,False,True,sentinel-2-l2a,2-3-4,1000,4,1-12,False,True,False,True,497,397,100,"[[10.0, 10.0, 9.999999999999999e-05]]","[[0.5682271262067713, 0.6107862369792476, 0.7348476210286636]]",0.7378410251298622,0.8634198044675838,0.7454937587468407,0.9433874890967169,0.9718781862243678,0.944547208858767,0.8574550012370238,0.9260368485220689,0.8575442448206853,-0.07934289064343503,0.3100285453170332,0.09611769891139572
ZMB,2016-2022,sentinel-2-l2a,2-3-4,1000,4,1-12,False,False,True,sentinel-2-l2a,2-3-4,1000,4,1-12,False,True,True,True,497,397,100,"[[10.0, 10.0, 9.999999999999999e-05]]","[[0.5538576793008205, 0.6084379460201104, 0.7388408264459161]]",0.7427384801248569,0.8659360932109673,0.7498453175254731,0.9393924445815403,0.9697785773458534,0.9404704890789474,0.8487156269102363,0.921741476372115,0.8496073492646462,-0.05494534378478422,0.3175616481726043,0.10084540039010091
ZMB,2016-2022,sentinel-2-l2a,2-3-4,1000,4,1-12,False,False,True,sentinel-2-l2a,2-3-4,1000,4,4-9,True,False,False,True,497,397,100,"[[1.0, 10.0, 9.999999999999999e-05]]","[[0.5892057000086643, 0.596716242670311, 0.6867902895149914]]",0.6894415460174376,0.8398877946031672,0.705411507523372,0.9746167117610384,0.9875749996528619,0.9753043799393502,0.8234870418987966,0.9088130859339449,0.82594122516478,-0.24257047897610118,0.2956599132294251,0.08741478429083117
ZMB,2016-2022,sentinel-2-l2a,2-3-4,1000,4,1-12,False,False,True,sentinel-2-l2a,2-3-4,1000,4,4-9,True,False,True,True,497,397,100,"[[10.0, 10.0, 9.999999999999999e-05]]","[[0.5608381283645075, 0.5941981221645819, 0.7404776737335169]]",0.7453203568320808,0.8664809971724826,0.7507893184610198,0.9292993115366679,0.9646109668689015,0.930474317403757,0.8410484567844887,0.9179348664132865,0.8426044189771781,-0.04908944039201879,0.2986605356139086,0.08919811553318677
ZMB,2016-2022,sentinel-2-l2a,2-3-4,1000,4,1-12,False,False,True,sentinel-2-l2a,2-3-4,1000,4,4-9,True,True,False,True,497,397,100,"[[1.0, 10.0, 9.999999999999999e-05]]","[[0.5823468720229201, 0.5928393161337051, 0.6836754728031634]]",0.6863909939299004,0.8386436225500569,0.7033231256438822,0.973931348431779,0.9872288713054651,0.9746208443390626,0.8203419001008099,0.9068621444027944,0.8223989489508348,-0.25637035781969786,0.2931818791932976,0.08595561428731334
ZMB,2016-2022,sentinel-2-l2a,2-3-4,1000,4,1-12,False,False,True,sentinel-2-l2a,2-3-4,1000,4,4-9,True,True,True,True,497,397,100,"[[10.0, 10.0, 9.999999999999999e-05]]","[[0.5553345284554851, 0.5934501329517443, 0.7402422248553291]]",0.7450498640898873,0.8663258315290122,0.7505204463744345,0.9294377504943734,0.9646856470653165,0.9306183976538283,0.8415801502168841,0.9182093947921037,0.8431084926844814,-0.049903202174622185,0.29865067918398525,0.08919222817705567
ZMB,2016-2022,sentinel-2-l2a,2-3-4,1000,4,1-12,False,True,False,sentinel-2-l2a,2-3-4,1000,4,1-12,False,True,True,True,497,397,100,"[[10.0, 10.0, 9.999999999999999e-05]]","[[0.5641667516488963, 0.6116085592486236, 0.738077665349338]]",0.7405437214499755,0.865145316157711,0.7484764180696256,0.9431881350289025,0.9717694315872867,0.9443358281674783,0.8560239263630378,0.9252311550758057,0.8560526903229095,-0.06917279969249335,0.3152987578852071,0.09941330672395446
ZMB,2016-2022,sentinel-2-l2a,2-3-4,1000,4,1-12,False,True,False,sentinel-2-l2a,2-3-4,1000,4,4-9,True,False,False,True,497,397,100,"[[1.0, 10.0, 9.999999999999999e-05]]","[[0.5670663083057811, 0.5682670190170926, 0.6995408509389307]]",0.6994606015750864,0.8474102507916872,0.7181041331468302,0.9728431331494626,0.9866605715792208,0.9734990835090347,0.8386338319884522,0.9202310783404247,0.8468252375435809,-0.21558245909672769,0.3261508994932298,0.10637440924024287
ZMB,2016-2022,sentinel-2-l2a,2-3-4,1000,4,1-12,False,True,False,sentinel-2-l2a,2-3-4,1000,4,4-9,True,False,True,True,497,397,100,"[[10.0, 10.0, 9.999999999999999e-05]]","[[0.5884601486271072, 0.5892319275944009, 0.7310757361064091]]",0.7346185125714927,0.8614222614113628,0.7420483124550663,0.9313303272109119,0.9657303271827776,0.9326350648405547,0.8454653588986054,0.9195115999145628,0.845501582377439,-0.09628254057035912,0.27729174851292543,0.07689071379335548
ZMB,2016-2022,sentinel-2-l2a,2-3-4,1000,4,1-12,False,True,False,sentinel-2-l2a,2-3-4,1000,4,4-9,True,True,False,True,497,397,100,"[[10.0, 100.0, 0.001]]","[[0.5578446996617163, 0.5766577330841843, 0.738699913191811]]",0.7427506990668007,0.8620956040723179,0.7432088305608147,0.91731476384154,0.9598893840345573,0.9213876295822417,0.853420115878536,0.9260128647498269,0.8574998256821812,-0.04567907059994303,0.29847861140922055,0.08908948146877649
ZMB,2016-2022,sentinel-2-l2a,2-3-4,1000,4,1-12,False,True,False,sentinel-2-l2a,2-3-4,1000,4,4-9,True,True,True,True,497,397,100,"[[10.0, 10.0, 9.999999999999999e-05]]","[[0.586946705550978, 0.5899932543528601, 0.731700677029071]]",0.7352195233486067,0.8617343053198817,0.7425860129651392,0.9313780133903186,0.9657563006904515,0.9326852323233057,0.8460874456718319,0.9198481234937317,0.8461205702949395,-0.09363799785837013,0.27928583681294183,0.07800057864430518
ZMB,2016-2022,sentinel-2-l2a,2-3-4,1000,4,1-12,False,True,True,sentinel-2-l2a,2-3-4,1000,4,4-9,True,False,False,True,497,397,100,"[[1.0, 10.0, 9.999999999999999e-06]]","[[0.5664841201297043, 0.5676105375700066, 0.6811322324389708]]",0.6823750634180947,0.8418806567344784,0.7087630401836768,0.9741130304661421,0.987213716340054,0.9745909217299406,0.8336278790631306,0.915294440202421,0.8377639122654632,-0.26986531386418977,0.29639191085068406,0.08784816481771984
ZMB,2016-2022,sentinel-2-l2a,2-3-4,1000,4,1-12,False,True,True,sentinel-2-l2a,2-3-4,1000,4,4-9,True,False,True,True,497,397,100,"[[10.0, 10.0, 9.999999999999999e-05]]","[[0.5553028122398348, 0.5856021804417191, 0.7437384369427926]]",0.7481347202768348,0.8682620967640023,0.7538790686770218,0.9302161117768969,0.965096026178515,0.9314103397455609,0.8412318214435448,0.9179413795585459,0.8426163763058465,-0.0381417896341496,0.30413597434565504,0.09249869089118094
ZMB,2016-2022,sentinel-2-l2a,2-3-4,1000,4,1-12,False,True,True,sentinel-2-l2a,2-3-4,1000,4,4-9,True,True,False,True,497,397,100,"[[10.0, 100.0, 9.999999999999999e-05]]","[[0.5641735640816228, 0.5894410952576774, 0.747016242004141]]",0.7513249866679522,0.8697158587603545,0.7564056749792609,0.9234098682061926,0.9615698335983833,0.9246165448864226,0.8457628287946557,0.9203683311149051,0.8470778649192356,-0.02782825125184285,0.30367395524747154,0.09221787109564335
ZMB,2016-2022,sentinel-2-l2a,2-3-4,1000,4,1-12,False,True,True,sentinel-2-l2a,2-3-4,1000,4,4-9,True,True,True,True,497,397,100,"[[10.0, 10.0, 9.999999999999999e-05]]","[[0.5506465230211515, 0.5849639160768699, 0.7438989781289902]]",0.7482802754126019,0.868324486874614,0.7539874145060618,0.9302011764303386,0.9650885738321856,0.9313959553414419,0.8419605988920971,0.9183254394290689,0.8433216127025924,-0.03725321628087963,0.3048712639535337,0.09294648758462522
ZMB,2016-2022,sentinel-2-l2a,2-3-4,1000,4,4-9,True,False,False,sentinel-2-l2a,2-3-4,1000,4,4-9,True,False,True,True,504,403,101,"[[10.0, 1.0, 0.001]]","[[0.5254980253334667, 0.5254980253334667, 0.6458184299933849]]",0.6591857018449727,0.8168740852091922,0.6672832710863547,0.9320602611750378,0.9668989775576384,0.9348936328020065,0.7787578846073308,0.8834080452409453,0.780409774396428,-0.28176709805868794,0.21419463814365405,0.0458793430094909
ZMB,2016-2022,sentinel-2-l2a,2-3-4,1000,4,4-9,True,False,False,sentinel-2-l2a,2-3-4,1000,4,4-9,True,True,False,True,504,403,101,"[[100.0, 1.0, 0.001]]","[[0.4775761132691915, 0.4775761132691915, 0.6701977071972861]]",0.68166068567452,0.8294638434044402,0.6880102675152657,0.9272165806627721,0.9643865793694705,0.9300414744679479,0.7957232203477589,0.8926912251830572,0.7968976235188278,-0.20527040150070475,0.268102195539529,0.07187878725311586
ZMB,2016-2022,sentinel-2-l2a,2-3-4,1000,4,4-9,True,False,False,sentinel-2-l2a,2-3-4,1000,4,4-9,True,True,True,True,504,403,101,"[[10.0, 1.0, 0.001]]","[[0.526048945877165, 0.526048945877165, 0.6451830565621872]]",0.658073047546961,0.8160427370233425,0.6659257486485481,0.9320975429580156,0.9669177746991546,0.9349299830291652,0.7868939048909358,0.8877928686567237,0.7881761776377346,-0.28373700503403887,0.21202044567817896,0.044952669385573636
ZMB,2016-2022,sentinel-2-l2a,2-3-4,1000,4,4-9,True,False,True,sentinel-2-l2a,2-3-4,1000,4,4-9,True,True,False,True,504,403,101,"[[10.0, 10.0, 0.001]]","[[0.49487408107555575, 0.515467037478128, 0.6800351038559634]]",0.6931250235427675,0.834074718161219,0.695680635475717,0.8888440653202824,0.9448288171521526,0.8927014937211358,0.8127287784364975,0.9021817507573799,0.8139319113996513,-0.20168204852357685,0.16162513880414897,0.02612268549346042
ZMB,2016-2022,sentinel-2-l2a,2-3-4,1000,4,4-9,True,False,True,sentinel-2-l2a,2-3-4,1000,4,4-9,True,True,True,True,504,403,101,"[[100000000.0, 1.0, 0.001]]","[[0.5146503747514839, 0.5146503747514839, 0.6376427792563512]]",0.6509102741138872,0.812050089859116,0.6594253484401983,0.9219577351484344,0.9616699837484229,0.924809157642692,0.7860250398340769,0.8872644251027894,0.7872381600529833,-0.31213344813399924,0.1898645626915383,0.03604855216604908
ZMB,2016-2022,sentinel-2-l2a,2-3-4,1000,4,4-9,True,True,False,sentinel-2-l2a,2-3-4,1000,4,4-9,True,True,True,True,504,403,101,"[[10.0, 1.0, 0.001]]","[[0.521204324782913, 0.5212043247829129, 0.6373586764583685]]",0.6506736141009843,0.8118663745171895,0.6591270100716854,0.9272819609590378,0.9643711220016937,0.9300116609508057,0.7861904652635591,0.8874570061447986,0.7875799377554891,-0.31019485336294195,0.19962721638591518,0.039851025521989006
