split,district,year,yield_mt,log_yield,prediction,cv_prediction,demean_cv_yield,demean_cv_prediction,demean_test_yield,demean_test_prediction
train,Mufumbwe,2018,2.4339726,0.5357968255609844,0.5115874461648432,0.48804014147552716,0.015688250225751266,-0.03582830957398536,,
train,Chibombo,2018,1.8653383,0.45717590488966553,0.4306505057906366,0.43268293304849725,-0.029442782857069194,-0.06595753443171382,,
train,Mufumbwe,2019,2.066056062,0.4865800915472703,0.4869205998607866,0.46869153964480814,-0.03352848378796286,-0.055176911404704376,,
train,Kasama,2020,2.970522242,0.5988476331868522,0.6031796205239133,0.6244069258312572,-0.008882792552763696,0.008250898125481299,,
train,Chavuma,2018,2.0031226,0.4775730622744507,0.4943527909633161,0.534669114286328,-0.06188365784289468,-0.03166704019741573,,
train,Mpika,2021,3.398769366,0.6433311918701698,0.6518588330484133,0.6601576204664441,0.010866795298649978,0.014398557978240079,,
train,Kalabo,2016,0.37948307,0.1397163748763158,0.13798160669772314,0.11999361287799404,-0.015259962513880315,-0.03984040546435877,,
train,Ndola,2019,2.588667874,0.5549332668694575,0.5375023470323596,0.5677270030654845,-0.007168191685123615,-0.010187678094735642,,
train,Kalomo,2021,1.500641475,0.39805142999896126,0.3780025175779281,0.3847509688904236,0.05721859991909439,0.03418236183805784,,
train,Isoka,2019,3.217562546,0.6250615318494851,0.6353306781002908,0.6469077661120756,-0.026809927377419718,-0.009655661670309734,,
train,Chongwe,2020,2.327720932,0.5221468985158468,0.5038404188914443,0.5374314432267011,0.07867426480828366,0.07586285903261458,,
train,Choma,2017,1.9275514,0.4665045288649489,0.45585346367951346,0.4640644617933288,0.14936465108704916,0.14295760115320189,,
train,Mbala,2020,2.368858277,0.5274827412240736,0.5209376699906406,0.5457222287370807,-0.011707759667966555,-0.0006776958542442646,,
train,Ndola,2020,2.303509499,0.5189755599281577,0.5690682766040749,0.612298916356284,-0.043125898626423464,0.03438423519606382,,
train,Mbala,2016,2.0190649,0.4798724490313532,0.5190855166340721,0.5595080007869532,-0.05931805186068695,0.01310807619562826,,
train,Katete,2020,1.744553442,0.43847169179088274,0.3771856687937516,0.31149618383268773,0.03180743396809821,-0.0830543374884315,,
train,Mazabuka,2021,1.512856901,0.40016775764328444,0.42223207715542804,0.43612053264359996,0.007225651958929213,0.02015220596887568,,
train,Shangombo,2018,0.40492296,0.14765251003169116,0.17247650885955357,0.19066829781794442,-0.023503593812910034,0.024380762392966243,,
train,Monze,2018,1.0467269,0.3110598975058887,0.3576982010877789,0.4238950352646794,-0.03220023878768574,0.07784313550315664,,
train,Luwingu,2017,3.5504701,0.6580562650724537,0.6691283958256341,0.685252749667104,-0.0007201571235083692,0.04379232979865588,,
train,Siavonga,2019,0.039459524,0.016807582801019624,0.003494646957761638,0.0,-0.21114262226355146,-0.2266772135554154,,
train,Mwense,2020,1.776599432,0.44351323048127134,0.5064523941861557,0.5697840631797799,-0.09119929499621493,0.03209698368677638,,
train,Lundazi,2020,2.54234711,0.549291114892332,0.5483313898098499,0.5173175143210709,0.004463857331457488,-0.02361708161726561,,
train,Choma,2018,1.133388,0.32906984791773825,0.33900583645747634,0.3661891644477825,0.011929970139838486,0.0450823038076556,,
train,Chama,2018,1.668139,0.4262084509418548,0.4473523745942063,0.4553297242454594,-0.04542012590494171,-0.005626491448816051,,
train,Mungwi,2016,3.4897926,0.6522262798104704,0.612916991987169,0.5989302872205101,0.037196208463317615,-0.024188370728006947,,
train,Katete,2021,1.882862862,0.45982398345888675,0.4699304662806661,0.44173260698140204,0.05315972563610222,0.04718208566028281,,
train,Kawambwa,2018,2.9248028,0.5938178406931593,0.5952349774700375,0.5983311123521791,-0.01622604910455816,-0.009169300855678464,,
train,Monze,2020,1.865765568,0.45724066035015326,0.4208721095618445,0.3895757598350863,0.11398052405657882,0.043523860073563514,,
train,Mpongwe,2017,3.6366611,0.6662053538689187,0.6214978390235832,0.5734902645412887,0.07402107632573396,-0.048701629373030686,,
train,Kawambwa,2017,3.0571377,0.6082197479890921,0.6072967085810564,0.5981048080296691,-0.0018241418086254457,-0.009395605178188382,,
train,Kalabo,2020,0.437436368,0.15758862856992342,0.17145441791026655,0.21351999120851103,0.002612291179727305,0.05368597286615823,,
train,Nchelenge,2016,2.5836995,0.5543315861007947,0.5423942192177897,0.5209524095622108,0.04824421469187501,0.028294299879110196,,
train,Chongwe,2019,0.673111676,0.2235249299952035,0.310069744642894,0.3784296790859378,-0.2199477037123597,-0.08313890510814875,,
train,Serenje,2016,2.7614255,0.5753524644645734,0.5860615758361636,0.5999300183234102,-0.004207329718866171,0.015559939480444096,,
train,Kitwe,2016,2.6834488,0.5662546375322869,0.5469790195006204,0.5385365706035938,0.011523408177863792,2.7377007103313034e-05,,
train,Mufulira,2017,2.8244431,0.5825682038803933,0.6025160565151658,0.656063910566406,-0.028701426666878582,0.015834913875493517,,
train,Nyimba,2021,1.409938802,0.38200601423828706,0.4290648362728423,0.5015151018960086,-0.035838522762806746,0.06758301240352038,,
train,Itezhi-Tezhi,2019,0.467510865,0.16658132531459466,0.15144085588360046,0.13909396475754593,-0.17308510760110044,-0.21513411941477562,,
train,Kalabo,2021,0.639614356,0.2147417122208775,0.20579480621128643,0.1916228684282491,0.059765374830681395,0.0317888500858963,,
train,Samfya,2018,3.1026773,0.6130673584631697,0.6091590238403796,0.5939312830161014,-0.0029027870400820666,-0.026830625244119943,,
train,Zambezi,2018,1.6222731,0.41867791986612324,0.4092060849265501,0.4018206976891547,0.01477827201008225,-0.007490020155763832,,
train,Mufulira,2016,3.4425128,0.6476286877910948,0.6423873476919879,0.6904901686727698,0.036359057243822934,0.05026117198185731,,
train,Kafue,2016,2.8443563,0.584823631845875,0.5504231552931966,0.4762880283422443,0.10622665482342353,0.0010727322119421512,,
train,Serenje,2021,3.035047166,0.6058486155918721,0.5981063540257934,0.5858910249169486,0.026288821408432472,0.0015209460739824543,,
train,Kabompo,2021,2.58236415,0.5541697301164087,0.5754507109613023,0.5869705221243999,-0.005185021447468019,0.026739613343475965,,
train,Mansa,2021,3.595443073,0.6623273905605032,0.6376978619257179,0.5714758510617086,0.06740221758124099,-0.026086930009577736,,
train,Luanshya,2021,2.669868767,0.5646505343374386,0.5742242298050668,0.5829074539471751,0.010544316232052875,0.03542042265936396,,
train,Mwense,2016,2.8140585,0.5813873499665023,0.5598609553951368,0.5776175309236887,0.046674824489016054,0.03993045143068519,,
train,Milenge,2016,2.5866716,0.5546916139670194,0.5748137912369384,0.584405876932361,-0.022436840283943216,0.01346073024950789,,
train,Kabwe,2018,1.6060807,0.41598785996522347,0.4848765741243343,0.5274545063612054,-0.108305294674092,0.027211250755975525,,
train,Mazabuka,2016,2.1691551,0.5009434942946941,0.4600120358035181,0.4266179432279402,0.10800138861033887,0.010649616553215946,,
train,Lufwanyama,2018,1.6090132,0.41647627636839213,0.44950795103110885,0.47216388339863014,-0.08515628507349104,-0.021279092215510664,,
train,Sesheke,2016,0.51904219,0.18156983616017838,0.18289187058383422,0.17506463256087995,0.00032465912105758554,0.009404233050614969,,
train,Kawambwa,2019,2.672825728,0.5650003219844115,0.5792674308822933,0.5896415353028057,-0.045043567813305985,-0.017858877905051807,,
train,Lundazi,2018,2.3515441,0.5252449382637289,0.520178322216353,0.491385212261937,-0.0195823192971456,-0.049549383676399494,,
train,Gwembe,2016,1.9477721,0.4694939040383153,0.4230109847594329,0.3703266004829891,0.13440425624653257,0.019126805604632702,,
train,Nyimba,2018,1.7358836,0.43709761609155084,0.4150392264069044,0.43328675116097964,0.019253079090457037,-0.0006453383315085381,,
train,Livingstone,2017,0.82717425,0.261779966183908,0.21767784448242514,0.1914269010784137,0.11857090591840797,0.021679953041640526,,
train,Kasama,2018,2.5771132,0.5535326838888242,0.5643077926166686,0.5858509577753183,-0.054197741850791736,-0.030305069930457673,,
train,Kafue,2021,2.739908469,0.5728609733516407,0.5375835427765113,0.47929530407418647,0.09426399632918914,0.004080007943884301,,
train,Siavonga,2016,1.1862265,0.3396951542305057,0.31697343328183897,0.23265578524239966,0.11174494916593464,0.005978571686984263,,
train,Lundazi,2017,3.2662203,0.6300432778841731,0.5671405569006507,0.49858001301390203,0.08521602032329867,-0.04235458292443445,,
train,Nchelenge,2019,1.604963554,0.41580165147146897,0.4342689888104061,0.4556706044634588,-0.09028571993745071,-0.03698750521964178,,
train,Chavuma,2021,3.358477237,0.6393347821397162,0.5897810830996097,0.5668514151281119,0.09987806202237082,0.0005152606443681318,,
train,Kasempa,2018,2.5343516,0.5483097512670473,0.5464233281390842,0.5487225137217863,-0.022041740879035876,-0.016590274078363776,,
train,Kitwe,2019,2.045596049,0.4836723004038249,0.5176848366407379,0.5237509192776768,-0.07105892895059818,-0.014758274318813713,,
train,Luwingu,2018,3.4166591,0.6450938795159428,0.6421402686085929,0.6294841844103964,-0.013682542680019338,-0.01197623545805171,,
train,Chililabombwe,2016,2.6526809,0.5626117336895091,0.5784176145838483,0.5756192833193408,-0.00961735252386009,0.005269823933044426,,
train,Kalulushi,2016,2.8639307,0.587029328696487,0.592850166323175,0.6137072977459945,-0.0002018892905314429,0.025230544418516687,,
train,Milenge,2019,3.104939969,0.6133068103415313,0.5813984431694406,0.5470466630425028,0.03617835609056874,-0.0238984836403503,,
train,Kalabo,2017,0.50676936,0.1780467802873883,0.19966226760334987,0.24250724388665718,0.023070442897192178,0.08267322554430437,,
train,Lufwanyama,2020,2.184468422,0.5030369466683292,0.5031349283900185,0.503267779335593,0.0014043852264460366,0.009824803721452169,,
train,Solwezi,2017,1.1963223,0.3416960711336172,0.42239425465231095,0.4919418733397652,-0.10335995009476939,0.027293607873448922,,
train,Zambezi,2017,1.4904556,0.39627880350791955,0.3983932644734375,0.3979270364694448,-0.007620844348121436,-0.011383681375473742,,
train,Kalulushi,2018,2.2452049,0.5112421230562635,0.538282700247691,0.5551502089813328,-0.07598909493075501,-0.033326544346145015,,
train,Ndola,2017,2.3715832,0.5278338811578651,0.5525526698609335,0.5707552455012512,-0.03426757739671604,-0.007159435658968927,,
train,Kaoma,2016,1.9320437,0.46717043886384707,0.3923858297615393,0.3530779293570187,0.10551186403403129,-0.02076538562787894,,
train,Solwezi,2021,2.103332825,0.49182835512321194,0.48821116137844045,0.5061161245035702,0.046772333894825324,0.041467859037253973,,
train,Kalomo,2020,1.350677446,0.37119304042531265,0.35589500676913266,0.3359283888263035,0.03036021034544578,-0.014640218226062263,,
train,Mansa,2020,2.644337593,0.5616186010084232,0.5535047858940957,0.5740560014098336,-0.03330657197083897,-0.02350677966145276,,
train,Kaputa,2020,1.635148926,0.4208051644868347,0.41822865266856946,0.5220300247010577,0.0008687713049377321,-0.0031677786277579667,,
train,Mpongwe,2021,2.472066004,0.5405879725241891,0.5762801964228569,0.6475309388999662,-0.05159630501899559,0.025339044985646764,,
train,Kapiri Mposhi,2016,2.7569056,0.5748302826561024,0.560851209462124,0.5604234474173119,0.06505064078184053,0.0413397503417291,,
train,Lukulu,2018,0.90582669,0.28008340469745163,0.23484440041612137,0.188462604252423,0.0461156523729393,-0.04576725536456361,,
train,Mumbwa,2021,1.599008737,0.4148077394565765,0.399150642623683,0.3728468898427436,0.048550736201070366,0.005005211197482373,,
train,Mpulungu,2021,3.830332683,0.6839770432598948,0.6134871808951162,0.5637495595155301,0.13682681027617016,0.017049208421343498,,
train,Kaputa,2017,1.3451936,0.37017870033090877,0.38180140999851025,0.5080140793106767,-0.04975769285098819,-0.017183724018139057,,
train,Chililabombwe,2019,2.665914627,0.5641823467542582,0.5530854445402478,0.5506341951992523,-0.008046739459111052,-0.019715264187044057,,
train,Siavonga,2017,1.0029693,0.3016742928069204,0.3252897642576842,0.34664734099133454,0.07372408774234929,0.11997012743591914,,
train,Kazungula,2016,1.0039221,0.3018808348610208,0.3178323341370678,0.3031591309151222,0.003737118641881032,0.01610169087016411,,
train,Chililabombwe,2020,2.751301283,0.5741819455929699,0.5689773783761628,0.556595434254913,0.0019528593796006577,-0.013754025131383352,,
train,Mansa,2017,2.5799701,0.5538793994206241,0.5973067431931498,0.640731678789799,-0.04104577355863803,0.04316889771851262,,
train,Kafue,2017,2.711401,0.5695378804276658,0.5435698040307251,0.5247529100931799,0.09094090340521432,0.04953761396287776,,
train,Kabompo,2017,2.5785322,0.5537049293938624,0.5583181943414902,0.5696170867091479,-0.005649822170014307,0.009386177928223938,,
train,Chongwe,2017,2.5745223,0.5532180107983429,0.5232800535838865,0.5074110318278632,0.1097453770907797,0.04584244763377665,,
train,Kazungula,2021,1.411979693,0.38237364706049787,0.341993240468154,0.3162562822208401,0.0842299308413581,0.029198842175882034,,
train,Kitwe,2021,3.053360484,0.6078152292660395,0.5966374736795774,0.553252346462013,0.053083999911616386,0.014743152865522524,,
train,Mungwi,2019,2.7420998,0.5731153657431802,0.5711130258586143,0.6008721914222799,-0.04191470560397259,-0.022246466526237185,,
train,Solwezi,2018,1.8318688,0.4520731286943101,0.44100273635511616,0.4572712750715791,0.007017107465923489,-0.0073769903947371596,,
train,Solwezi,2019,1.984767841,0.4749105568075371,0.42840433695034674,0.4489699681986137,0.029854535579150465,-0.01567829726770259,,
train,Mbala,2017,2.7086232,0.5692127107959579,0.5555153049151037,0.5493226217904708,0.030022209903917796,0.0029226971991458406,,
train,Mansa,2019,2.991155311,0.6010986281593378,0.5913729746270718,0.6047403460131722,0.0061734551800756154,0.007177564941885817,,
train,Kalomo,2016,1.5370281,0.40432527747295555,0.37800038652912793,0.3627408114930525,0.06349244739308868,0.012172204440686729,,
train,Mungwi,2021,3.106472906,0.6134689617515442,0.6247925834829731,0.6193622579279029,-0.001561109595608623,-0.00375640002061417,,
train,Chinsali,2020,2.974379697,0.5992693555857421,0.6105098924426319,0.6220563018806464,-0.027290763588956324,-0.009557353361000054,,
train,Shangombo,2019,0.026656584,0.011425196649614729,0.0,0.0,-0.15973090719498648,-0.16628753542497818,,
train,Sesheke,2018,0.49847808,0.17565039439232677,0.19823086456776945,0.21032921706046864,-0.005594782646794028,0.04466881755020366,,
train,Mazabuka,2017,2.8237674,0.5824914662481889,0.5256531821925893,0.4712761371637311,0.1895493605638337,0.05530781048900685,,
train,Isoka,2017,3.3864493,0.6421131140074777,0.6449102719708859,0.6424596691326434,-0.00975834521942709,-0.014103758649741893,,
train,Kaputa,2021,1.943237544,0.4688253147279475,0.459779502510792,0.5455493059747126,0.04888892154605051,0.020351502645896913,,
train,Siavonga,2020,0.488199724,0.17266121965773146,0.1867033854918076,0.2772555682982826,-0.05528898540683963,0.050578354742867176,,
train,Luwingu,2021,4.067438233,0.7047884637822642,0.7145992603382803,0.6956201938926039,0.04601204158630212,0.05415977402415573,,
train,Mambwe,2019,1.186189569,0.3396878178154626,0.35643663503907297,0.3709398809460795,-0.04588704172479363,-0.015907142096293625,,
train,Chiengi,2021,2.029350205,0.48134948241422537,0.49579774831443785,0.5193203523320714,-0.02350817898640767,0.0068768054586293426,,
train,Luangwa,2017,0.34171584,0.12766054698992407,0.15990208126628047,0.18687221925153757,0.023438904977644323,0.061327075208213844,,
train,Mufumbwe,2016,2.8199039,0.5820524371984381,0.5449250040958332,0.5338562600302318,0.061943861863204996,0.00998780898071927,,
train,Mpongwe,2016,3.1354961,0.6165276155980943,0.5967321401047025,0.6431834580109996,0.024343338054909625,0.020991564096680237,,
train,Chipata,2019,1.786836623,0.4451115091476982,0.4703806361899425,0.4949945862449483,-0.034489212622017984,0.020473309080052182,,
train,Nchelenge,2021,2.38375392,0.5293987718988828,0.5184060178466087,0.49622001521091996,0.023311400489963163,0.0035619055278193756,,
train,Samfya,2021,3.635632449,0.6661089942244411,0.6536585021329306,0.608630590837251,0.050138848721189344,-0.012131317422970356,,
train,Chiengi,2019,2.037853099,0.4825667689223556,0.4570014236994497,0.38700577394727337,-0.022290892478277424,-0.1254377729261687,,
train,Chadiza,2018,1.299279,0.3615916727954804,0.41496805079315935,0.47902868192163783,-0.07711807666317205,0.03527335130012049,,
train,Masaiti,2016,2.2371283,0.51015991252516,0.5179949733256585,0.5450063171538209,-0.014210537931605427,-0.004198167862856428,,
train,Kawambwa,2016,3.0116425,0.6033222236516874,0.6008408304660642,0.58848554306246,-0.006721666146030092,-0.01901487014539749,,
train,Mufumbwe,2017,2.1012104,0.4915312317191899,0.5192631439391628,0.5730775663614703,-0.02857734361604325,0.04920911531195782,,
train,Shangombo,2021,0.753492335,0.24390387180036738,0.24612793933403684,0.21753062845197044,0.07274776795576618,0.05124309302699226,,
train,Masaiti,2020,2.63640156,0.5606718354032715,0.5475738014571043,0.5830299458873724,0.03630138494650603,0.033825460870695157,,
train,Kasama,2016,2.7544179,0.5745426118023219,0.5856575954507046,0.5954405555562808,-0.033187813937293975,-0.020715472149495096,,
train,Lusaka,2018,2.0369415,0.4824364262706237,0.4955525419986115,0.5349452270147852,-0.04890191108766134,0.041536424227898106,,
train,Milenge,2018,2.9080381,0.5919587890639061,0.5757396088928523,0.5260673068846914,0.014830334812943491,-0.044877839798161734,,
train,Masaiti,2018,1.9416952,0.4685976718532125,0.5056386663052297,0.553353758024682,-0.05577277860355295,0.004149273008004717,,
train,Mpongwe,2020,2.721200351,0.5706830532495206,0.6018531563600803,0.667290604176069,-0.02150122429366408,0.04509871026174961,,
train,Samfya,2017,3.1133325,0.6141938169924458,0.6232014859729577,0.6675379563578339,-0.0017763285108060023,0.04677604809761249,,
train,Lusaka,2021,1.862249854,0.4567075418896065,0.48445981538443117,0.5832847224993771,-0.07463079546867857,0.08987591971249004,,
train,Mwense,2018,2.4502552,0.5378512190885808,0.5210192338388461,0.49187899860340756,0.003138693611094534,-0.04580808088959598,,
train,Luanshya,2019,2.570548852,0.5527349794382039,0.5306936536603686,0.4920754000488826,-0.0013712386671818066,-0.05541163123892856,,
train,Lusaka,2020,2.961276678,0.5978351770501521,0.5605264140885825,0.4255857441688044,0.06649683969186704,-0.06782305861808269,,
train,Chililabombwe,2021,3.951534179,0.6947397812048084,0.6549957429810914,0.6025542841330287,0.12251069499143918,0.03220482474673236,,
train,Lundazi,2016,2.2656066,0.5139638651098334,0.5257726665819226,0.5496673760156616,-0.030863392451041083,0.008732780077325142,,
train,Mpika,2016,3.4073069,0.6441732933816642,0.634024475722397,0.6579383868185114,0.01170889681014431,0.012179324330307328,,
train,Lusaka,2016,5.5629134,0.8170966736230256,0.743202864977524,0.5112181802061565,0.28575833626474056,0.017809377419269412,,
train,Gwembe,2017,1.9046683,0.4630965450896622,0.4428890467894585,0.43409698154825727,0.12800689729787945,0.08289718666990087,,
train,Chiengi,2016,2.6454489,0.5617510149006553,0.5467307015556355,0.5422941597032775,0.056893353500022226,0.029850612829835477,,
train,Mpika,2018,3.1503203,0.6180816145807039,0.630317670187948,0.6449555970513067,-0.014382781990815996,-0.0008034654368973548,,
train,Luwingu,2016,3.2380598,0.6271670804131878,0.6092374134531714,0.5554845515036885,-0.0316093417827743,-0.08597586836475968,,
train,Chinsali,2018,3.0569608,0.6082008113952461,0.6133687182689781,0.6264369989384937,-0.018359307779452383,-0.005176656303152782,,
train,Kalulushi,2020,3.472055334,0.650507168559536,0.5999123118489851,0.5717848492744319,0.06327595057251756,-0.01669190405304599,,
train,Mambwe,2017,1.7288141,0.435973950439349,0.3974357739418366,0.377906493092374,0.05039909089909278,-0.00894052994999911,,
train,Kapiri Mposhi,2019,1.906152481,0.463318397270879,0.4596426574086994,0.45921382988242876,-0.046461244603382856,-0.059869867193154014,,
train,Kabwe,2019,1.980910364,0.47434891699020776,0.4687059673549475,0.45416464048325544,-0.049944237649107714,-0.04607861512197442,,
train,Kalomo,2019,0.160254647,0.06455331651137856,0.12683565162967742,0.1745057196338708,-0.2762795135684883,-0.17606288741849496,,
train,Kazungula,2020,0.962372363,0.29278141887081455,0.3082338864608031,0.33338019030165406,-0.005362297348325218,0.046322750256695966,,
train,Mpulungu,2017,2.719739,0.5705124681516868,0.5343339158979346,0.5171605646323973,0.023362235167962098,-0.02953978646178923,,
train,Mwinilunga,2019,3.893043857,0.6895791084163316,0.6634151738199938,0.6414659370433823,0.019481455069528475,-0.03758752074370908,,
train,Serenje,2020,3.170047869,0.6201410403750119,0.6044025804843911,0.6153146459987849,0.04058124619157233,0.030944567155818836,,
train,Chingola,2020,2.961717081,0.597883457939606,0.6262652919747109,0.628853590729823,-0.01871186120421886,0.020631995687187765,,
train,Chibombo,2016,2.4415317,0.5367517742011487,0.5321835312499256,0.5227744665159286,0.050133086454414,0.024133999035717557,,
train,Mufulira,2018,3.0143201,0.6036119999703278,0.5889051756084436,0.5741329108335615,-0.00765763057694413,-0.06609608585735094,,
train,Itezhi-Tezhi,2017,1.8144867,0.4493992007204146,0.4173677361188379,0.37984727797481155,0.10973276780471952,0.025619193802490003,,
train,Mkushi,2019,2.462586715,0.5394006584261306,0.552609857681764,0.594970790817066,-0.06021527119181114,-0.0271307213473454,,
train,Mkushi,2021,3.405127625,0.6439584952748169,0.6627927420394124,0.7087268137213392,0.04434256565687511,0.08662530155692771,,
train,Gwembe,2021,1.683545818,0.4287090146909508,0.43899047203921876,0.45005550401883215,0.09361936689916805,0.09885570914047576,,
train,Chavuma,2017,2.190542,0.5038644660084595,0.5060436994007135,0.5563723662843916,-0.03559225410888589,-0.009963788199352175,,
train,Nyimba,2019,1.231844629,0.3486639576864157,0.3841056002744481,0.4078682379400993,-0.06918057931467808,-0.026063851552388884,,
train,Lusaka,2019,1.223315244,0.3470010457053091,0.39241534597952193,0.37093299254401246,-0.18433729165297597,-0.12247581024287463,,
train,Sinazongwe,2019,0.03837861,0.016355733332789592,0.03247953517490515,0.08414713646504274,-0.20594351613941903,-0.155103954228709,,
train,Nchelenge,2020,2.441062908,0.5366926122743839,0.5262622700425433,0.4691304801616941,0.030605240865464234,-0.023527629521406468,,
train,Zambezi,2016,1.7252927,0.43541315291295085,0.41550989582682707,0.4102276140805234,0.03151350505690986,0.0009168962356048693,,
train,Mansa,2016,2.9418659,0.5957018457474227,0.5947432456991426,0.5968100280819181,0.0007766727681605134,-0.0007527529893682772,,
train,Kawambwa,2020,3.426863792,0.6460961595905877,0.635624115572264,0.6210786542074919,0.03605226979287024,0.013578240999634339,,
train,Kalabo,2018,0.56161791,0.1935747812201365,0.18885860216026717,0.17966132800125062,0.038598443829940376,0.019827309658897813,,
train,Kawambwa,2021,3.403591704,0.6438070448773673,0.6419990756962513,0.6493608262925389,0.033763155079649776,0.04186041308468136,,
train,Itezhi-Tezhi,2021,1.87942866,0.4593063230284034,0.44816336243096627,0.4322176323476716,0.11963989011270831,0.07798954817535003,,
train,Zambezi,2019,1.184922761,0.33943608887422355,0.3631983885530481,0.37531466914963363,-0.06446355898181744,-0.033996048695284886,,
train,Shangombo,2020,0.741212572,0.24085179421389005,0.23086518236220316,0.20941168050989165,0.06969569036928885,0.04312414508491347,,
train,Kalomo,2018,1.3288354,0.36713879407443806,0.35600381662802094,0.3613567886889197,0.02630596399457119,0.010788181636553928,,
train,Kasempa,2021,2.682857638,0.5661849313919782,0.5822873184656421,0.5958133856841159,-0.004166560754104931,0.030500597883965863,,
train,Katete,2018,0.94324011,0.2885264660683233,0.363650968611007,0.4222615899878684,-0.11813779175446126,0.02771106866674916,,
train,Chavuma,2020,2.443932018,0.5370545700467549,0.5676485918520733,0.6074517222361435,-0.002402150070590414,0.04111556775239977,,
train,Mpika,2020,3.039081408,0.6062826064972694,0.6322878189512912,0.6610504855951889,-0.026181790074250477,0.015291423106984836,,
train,Kalomo,2017,1.7525494,0.4397351219961549,0.4502595362916373,0.4841289647816245,0.09890229191628802,0.13356035772925873,,
train,Ndola,2021,2.966312051,0.5983868794850455,0.6113024137394076,0.6437746139139255,0.036285420930464385,0.06585993275370539,,
train,Kasama,2017,3.0980456,0.6125767865976782,0.6266544091260035,0.6464722170970392,0.004846360858062337,0.030316189391263237,,
train,Masaiti,2019,2.614534564,0.5580523820454175,0.5262743607357457,0.515427919000834,0.03368193158865207,-0.033776566015843335,,
train,Mkushi,2018,2.620023,0.5587113298539811,0.5686692417584585,0.6167324297963336,-0.04090459976396066,-0.005369082368077871,,
train,Namwala,2018,0.52168161,0.1823237920632568,0.1979433231503563,0.21698932207083782,-0.048357530340832955,-0.018545296985040594,,
train,Mbala,2018,2.4919531,0.543068402116011,0.524846311109369,0.49434096912973524,0.0038779012239709143,-0.05205895546158967,,
train,Nyimba,2017,1.8011197,0.4473316678877352,0.4415946136710834,0.43901291158049666,0.0294871308866414,0.005080822088008474,,
train,Chibombo,2017,1.9416062,0.46858453222079716,0.4902232212968823,0.5131761062463471,-0.018034155525937567,0.014535638766136061,,
train,Mongu,2021,0.813281878,0.2584653212187412,0.2573272662165311,0.24510119811085745,0.08439058270539718,0.0597862162533202,,
train,Mambwe,2020,1.253598771,0.3528765971353031,0.3785190426151302,0.38294085561579694,-0.032698262404953105,-0.003906167426576179,,
train,Mwense,2017,2.5432405,0.549400631384287,0.5496197852497551,0.5436483035594869,0.014688105906800697,0.0059612240664833616,,
train,Chadiza,2019,2.131008409,0.4956842340102063,0.4617968980621829,0.4289103696050856,0.05697448455155385,-0.014844961016431735,,
train,Serenje,2017,2.434624,0.535879200300057,0.575973337476332,0.6015838170035099,-0.043680593883382635,0.017213738160543834,,
train,Kaoma,2021,1.463837657,0.391612088641815,0.40507934307557514,0.40329232122576786,0.029953513811999233,0.029449006240870212,,
train,Isoka,2021,3.774985942,0.6789720973185476,0.6740513968561851,0.6773392769843225,0.02710063809164276,0.020775849201937202,,
train,Luangwa,2020,0.337679879,0.12635219458441463,0.13080697801847857,0.11785894110794776,0.02213055257213488,-0.007686202935375974,,
train,Mungwi,2017,3.0053055,0.6026356469880974,0.6392347366629374,0.6676208009957498,-0.012394424359055467,0.04450214304723277,,
train,Siavonga,2018,0.5062077,0.1778848634611572,0.2047096929617332,0.23730779324351167,-0.05006534160341389,0.010630579688096276,,
train,Monze,2021,2.116859756,0.49371726151149886,0.43890297477246487,0.3851483383382889,0.15045712521792443,0.03909643857676609,,
train,Solwezi,2020,1.91589576,0.4647719943832569,0.445267991421766,0.41894208621805323,0.01971597315487028,-0.045706179248263035,,
train,Luangwa,2018,0.12127549,0.04971232899797991,0.0630495765271607,0.12235777007639609,-0.05450931301429984,-0.0031873739669276424,,
train,Senanga,2019,0.025613177,0.010983591993019824,0.018639424971506335,0.03453059572348094,-0.12434962348082265,-0.11044099675637198,,
train,Itezhi-Tezhi,2018,1.3205426,0.365589545508813,0.35740415438212897,0.4042661587175235,0.025923112593117914,0.05003807454520198,,
train,Mkushi,2016,3.7212489,0.6740568966496697,0.6187233137360988,0.6060191401371117,0.07444096703172798,-0.016082372027299785,,
train,Chama,2021,2.433645548,0.5357554613278712,0.5251410718050603,0.5123054286163431,0.06412688448107473,0.05134921292206762,,
train,Mumbwa,2020,1.07829057,0.31770626705443583,0.33336369407855926,0.36283646744777887,-0.04855073620107031,-0.005005211197482373,,
train,Kabompo,2018,2.3740122,0.5281466486096862,0.557181485517306,0.5625476821147884,-0.03120810295419052,0.002316773333864486,,
train,Mongu,2018,0.40754744,0.14846304123778306,0.175396063307113,0.2142871675815567,-0.02561169727556098,0.02897218572401944,,
train,Chingola,2016,3.0635717,0.6089079270984802,0.6118121841169772,0.5720131934109483,-0.007687392045344632,-0.03620840163168704,,
train,Siavonga,2021,1.285483643,0.3589781174300921,0.3305308522316425,0.266196793556964,0.13102791236552103,0.03951958000154862,,
train,Choma,2020,1.609573964,0.4165696107150779,0.37419375251061066,0.312012676021481,0.09942973293717816,-0.009094184618645917,,
train,Chingola,2021,5.268607256,0.7971710610504599,0.7021856392148187,0.6146584627907008,0.18057574190663506,0.006436867748065511,,
train,Monze,2016,1.4287233,0.3853780392480223,0.4003564148154149,0.38133165218622944,0.04211790295444784,0.035279752424706656,,
train,Chipata,2018,1.9149315,0.4646283534272607,0.4630112920306562,0.43890251176623096,-0.014972368342455467,-0.03561876539866515,,
train,Lundazi,2021,2.43419623,0.5358251071240695,0.584434660311556,0.634497620272029,-0.009002150436804968,0.09356302433369257,,
train,Namwala,2016,1.3391956,0.3690665383756129,0.34589189519506053,0.32458642203479915,0.13838521597152312,0.08905180297892074,,
train,Mwinilunga,2021,3.533443717,0.6564282283050462,0.6814056683906794,0.711112460500409,-0.013669425041756944,0.03205900271331763,,
train,Ndola,2018,3.0773473,0.6103777053323797,0.5400811596635792,0.49501762696415524,0.048276246777798515,-0.08289705419606491,,
train,Kaoma,2019,0.523864018,0.18294621446611378,0.27372315722108537,0.342714505016622,-0.178712360363702,-0.03112880996827566,,
train,Mambwe,2016,1.2420337,0.3506421361867174,0.36216570455148217,0.3753671114501861,-0.03493272335353881,-0.011479911592187031,,
train,Chongwe,2018,1.9853874,0.4750006955208595,0.4367003315547157,0.42300218263584416,0.031528061813296315,-0.03856640155824237,,
train,Sinazongwe,2017,1.041549,0.30995980805241846,0.2806551059439839,0.276331956847619,0.08766055858020985,0.03708086615386727,,
train,Kapiri Mposhi,2020,2.556598354,0.5510348231586701,0.5129847782811096,0.49653513871056343,0.041255181284408304,-0.022548558365019344,,
train,Luanshya,2017,2.5069788,0.5449331405405146,0.5574004446330671,0.5674782398673759,-0.00917307756487118,0.019991208579564712,,
train,Chibombo,2021,2.047632103,0.4839625396753275,0.4934173331987601,0.5259283641100712,-0.0026561480714072383,0.027287896629860087,,
train,Chinsali,2017,3.8225853,0.6832799180145603,0.652448881339365,0.6229489830105535,0.05671979883986189,-0.008664672231093018,,
train,Chadiza,2016,1.8764269,0.4588533415702706,0.4393640825374684,0.42332694033782853,0.020143592111618147,-0.020428390283688813,,
train,Lukulu,2019,0.174245186,0.06975878840144668,0.13069338500186362,0.20841675469516202,-0.16420896392306567,-0.025813104921824592,,
train,Nyimba,2020,1.979363062,0.47412342910148025,0.41941824253660304,0.3879774448848564,0.056278892100386446,-0.04595464460763177,,
train,Kafue,2018,1.8572754,0.45595210210344644,0.4860354965591258,0.5350741165893714,-0.022644874919005076,0.05985882045906926,,
train,Mufumbwe,2020,2.59355582,0.5555243952981505,0.5641874077048953,0.5230707551701281,0.035415819962917316,-0.0007976958793843858,,
train,Sinazongwe,2021,0.728112774,0.23757208046219228,0.2647118699943577,0.29516462633506824,0.015272830989983666,0.055913535641316486,,
train,Livingstone,2020,0.595150105,0.20280155680128958,0.2064461745405642,0.19649867083996858,0.059592496535789574,0.026751722803195405,,
train,Milenge,2020,2.047804806,0.483987149546957,0.5276361070165417,0.5862724882919983,-0.09314130470400561,0.015327341609145173,,
train,Kabwe,2020,2.048028215,0.48401898286509965,0.49654479766077597,0.4596990298341784,-0.04027417177421583,-0.04054422577105149,,
train,Sesheke,2020,1.074714692,0.31695838239300633,0.2715509283944348,0.1835225732067226,0.13571320535388554,0.017862173696457623,,
train,Kabwe,2021,3.270185155,0.6304467064188052,0.6213846543339485,0.5594235390493449,0.10615355177948971,0.05918028344411508,,
train,Samfya,2020,2.574809717,0.5532529297577298,0.5544784385433155,0.5961470556778993,-0.06271721574552203,-0.0246148525823221,,
train,Kitwe,2017,2.4623575,0.539371908213388,0.5448063108610632,0.5434375194520412,-0.01535932114103511,0.004928325855550697,,
train,Gwembe,2019,0.009843301,0.004253988841323058,0.03695667443837353,0.11312327925326848,-0.3308356589504597,-0.23807651562508791,,
train,Mufumbwe,2021,1.945550485,0.46916647068736567,0.4937678785850527,0.5564744436149098,-0.05094210464786747,0.03260599256539731,,
train,Chipata,2016,1.9158015,0.46475795504066325,0.46107667954741094,0.44706929637629617,-0.014842766729052936,-0.02745198078859995,,
train,Lundazi,2019,2.270357589,0.5145952420911103,0.5231056349029592,0.5541598397454182,-0.030232015469764173,0.013225243807081677,,
train,Mpika,2019,3.173700736,0.6205213059265484,0.6071308818843123,0.6161008229849977,-0.011943090644971455,-0.02965823950320634,,
train,Mambwe,2021,1.809918969,0.448693796124449,0.43331739559773896,0.427080774107429,0.06311893658419276,0.04023375106505589,,
train,Kasempa,2020,3.349064394,0.6383958380520522,0.6209997866784814,0.5773051331030057,0.06804434590596908,0.011992345302855645,,
train,Kasama,2021,4.002100501,0.6991524132224026,0.6588524210627611,0.6286094822689842,0.09142198748278674,0.012453454563208233,,
train,Luangwa,2016,0.060554486,0.02553298531018358,0.0706734200264798,0.14393021046580812,-0.07868865670209617,0.018385066422484386,,
train,Kapiri Mposhi,2021,1.709524523,0.432893086020262,0.487443984601145,0.5691548653583861,-0.07688655585399984,0.050071168282803336,,
train,Senanga,2020,0.398830575,0.1457651163514371,0.16042822710451082,0.24969880881960999,0.01043190087759463,0.10472721633975707,,
train,Zambezi,2020,1.689628352,0.4296922741189877,0.4331909185961106,0.46126357183583594,0.025792626262946705,0.051952853990917425,,
train,Mkushi,2020,2.819022947,0.5819522678851105,0.5952841324809277,0.5840583863502071,-0.017663661732831293,-0.038043125814204326,,
train,Mwinilunga,2016,3.6162107,0.6642856233190315,0.665471742867342,0.6845819758174828,-0.005812030027771642,0.005528518030391449,,
train,Lukulu,2021,1.008066344,0.30277805725641405,0.2999836244873779,0.3102965866760665,0.06881030493190171,0.07606672705907991,,
train,Kabompo,2016,3.1356502,0.6165437983077797,0.5816124597455237,0.5723693690764934,0.057189046743903016,0.01213846029556942,,
train,Kaoma,2017,1.5404202,0.40490555734748723,0.3754462913864301,0.396288504340182,0.04324698251767145,0.022445189355284334,,
train,Petauke,2020,1.557734902,0.4078555297576671,0.4183194187376431,0.3871081791608042,-0.029987099428526065,-0.009760535657626801,,
train,Sesheke,2017,0.52576435,0.18348746324046636,0.19063078469457245,0.15680924316561085,0.0022422862013455613,-0.008851156344654137,,
train,Kabwe,2017,3.1367884,0.6166633069572417,0.5499535525148223,0.500474562298165,0.09237015231792622,0.0002313066929351404,,
train,Itezhi-Tezhi,2020,0.809071659,0.2574557700062497,0.3239560368712316,0.4157153870640552,-0.0822106629094454,0.06148730289173365,,
train,Mongu,2019,0.263574759,0.10160094191140748,0.08147494693348184,0.10239942897199539,-0.07247379660193656,-0.08291555288554187,,
train,Kalulushi,2021,3.288287643,0.6322839085825476,0.6360324735510633,0.6229577610023691,0.04505269059552908,0.03448100767489126,,
train,Mpulungu,2019,1.586150906,0.41265386305440477,0.49295581311910264,0.5360859028174356,-0.1344963699293199,-0.010614448276750954,,
train,Choma,2019,0.138716264,0.05641552361383405,0.0995066258190434,0.14216114029791527,-0.2607243541640657,-0.17894572034221162,,
train,Mwense,2019,2.481880648,0.5418138802783324,0.5074325431274718,0.4874484394662825,0.007101354800846171,-0.050238640026721015,,
train,Milenge,2021,3.382257655,0.6416979083353991,0.6260541588282731,0.6109333982627118,0.06456945408443648,0.039988251579858636,,
train,Senanga,2018,0.50678778,0.17805208943135684,0.15240010345842137,0.12187792402108233,0.042718873957514364,-0.02309366845877059,,
train,Chinsali,2016,2.9531336,0.5969414919959736,0.6009380171019196,0.6164839945962237,-0.029618627178724877,-0.01512966064542276,,
train,Kalabo,2019,0.112217559,0.04618974716653514,0.0261068839762994,0.011699065651454787,-0.10878659022366097,-0.14813495269089802,,
train,Sesheke,2019,0.103660177,0.04283537233137089,0.05564668230218872,0.0794199648140601,-0.1384098047077499,-0.08624043469620488,,
train,Monze,2019,0.171938503,0.068904822852309,0.0984710363908739,0.15030871318332978,-0.2743553134412654,-0.195743186578193,,
train,Senanga,2016,0.60891116,0.20653206411955607,0.2098658895497154,0.17377904135523842,0.0711988486457136,0.0288074488753855,,
train,Chingola,2018,2.4087288,0.5325924499385687,0.546014166570362,0.5771881299466888,-0.08400286920525613,-0.03103346509594651,,
train,Chipata,2021,2.498686824,0.5439050694632426,0.523934102144962,0.517118714272109,0.06430434769352639,0.042597437107212865,,
train,Samfya,2016,3.2976162,0.633227628078473,0.6393525853455242,0.6375626554120214,0.017257482575221195,0.016800747151800022,,
train,Kapiri Mposhi,2018,2.0535808,0.4848094162362129,0.4861848097555614,0.4833621069171509,-0.02497022563804896,-0.03572159015843185,,
train,Mpulungu,2018,2.3531175,0.5254487722500318,0.5307549402021304,0.5531448409256138,-0.021701460733692834,0.0064444898314272026,,
train,Chiengi,2020,2.514816863,0.5459027013443027,0.5440488792643665,0.5415516909342668,0.0410450399436697,0.029108144060824737,,
train,Luangwa,2019,0.274746464,0.1054238159582656,0.0,0.0,0.001202173945985846,-0.12554514404332373,,
train,Kazungula,2017,1.8180712,0.4499519615825929,0.4420412549191915,0.38198699628640254,0.1518082453634531,0.09492955624144445,,
train,Katete,2017,1.7531818,0.43983488997304543,0.41588971549777537,0.4027117044825187,0.03317063215026089,0.008161183161399466,,
train,Mazabuka,2020,1.363319468,0.37352243251329675,0.4006854318052806,0.4817308571237057,-0.01941967317105847,0.06576253044898145,,
train,Lukulu,2020,0.919776888,0.28325075894273705,0.2703502957612036,0.22974349284429493,0.04928300661822471,-0.00448636677269168,,
train,Chililabombwe,2017,2.0451746,0.4836121986577755,0.5659029299889344,0.6161333501907383,-0.08861688755559372,0.04578389080444201,,
train,Chililabombwe,2018,2.5813479,0.5540465113808943,0.5119951614746515,0.5205602092205052,-0.018182574832474874,-0.049789250165791166,,
train,Kapiri Mposhi,2017,2.5628033,0.5517918459034445,0.5515702610898048,0.5458127941676553,0.04201220402918271,0.026729097092072496,,
train,Luangwa,2021,0.551129224,0.1906479802329108,0.20358291605076484,0.18225172335825285,0.08642633822063105,0.05670657931492912,,
train,Shangombo,2017,0.62909776,0.2119471465274427,0.21743790346057887,0.21382707034508444,0.040791042682841505,0.04753953492010626,,
train,Mpulungu,2016,2.8369057,0.5839811256322741,0.5743823006239619,0.5582541468312383,0.03683089264854944,0.01155379573705173,,
train,Serenje,2019,2.635613021,0.5605776501856834,0.533254977623025,0.5191308879721772,-0.018982143997756218,-0.06523919087078889,,
train,Kasempa,2019,2.3768786,0.5285154478732548,0.5316956300482953,0.5394101186916924,-0.04183604427282839,-0.02590266910845762,,
train,Mpongwe,2019,2.689074217,0.5669173924752009,0.5645578849863133,0.5794642039432735,-0.025266885067983802,-0.042727689971045923,,
train,Sesheke,2021,0.538047024,0.18696961371737603,0.18852071296243922,0.1888167662538477,0.005724436678255229,0.023156366743582707,,
train,Livingstone,2019,0.006963636,0.003013787366236342,0.02094705961267057,0.09700559231138339,-0.14019527289926367,-0.07274135572538978,,
train,Kafue,2019,0.621101835,0.20981029738362952,0.27537277330291376,0.36066612155252886,-0.26878667963882197,-0.1145491745777733,,
train,Nchelenge,2018,2.1147962,0.49342963619232744,0.4879452034717608,0.4653183081030313,-0.012657735216592247,-0.027339801580069267,,
train,Namwala,2021,0.942334919,0.2883241179162242,0.3007641697728197,0.314684106283762,0.05764279551213444,0.07914948722788356,,
train,Lufwanyama,2021,2.337853589,0.5234672829472061,0.5467617322806617,0.5467133517483905,0.02183472150532295,0.05327037613424973,,
train,Mazabuka,2019,0.409797307,0.14915667664173204,0.18010704038574782,0.25814182853017686,-0.24378542904262318,-0.1578264981445474,,
train,Kalulushi,2017,2.7733805,0.576730600779685,0.5802248251444808,0.5833780321162666,-0.010500617207333529,-0.0050987212112112434,,
train,Mongu,2017,0.54088295,0.18776964968544435,0.18210143018752928,0.17947213276573948,0.01369491117210031,-0.005842849091797775,,
train,Isoka,2016,3.5849974,0.661339093732109,0.6531930607527305,0.6595469989004997,0.009467634505204159,0.0029835711181144253,,
train,Namwala,2019,0.210628354,0.08301084126126516,0.07812637017836288,0.08587862583411471,-0.1476704811428246,-0.1496559932217637,,
train,Chiengi,2017,1.8360791,0.45271833942162665,0.48070907036213284,0.572045757450321,-0.05213932197900639,0.05960221057687898,,
train,Kazungula,2019,0.158059087,0.06373071872077288,0.08061817041626013,0.10050460050077165,-0.2344129974983669,-0.18655283954418644,,
train,Nchelenge,2017,2.2126985,0.5068699705156602,0.5272469870078507,0.5486568405972883,0.0007825991067405003,0.05599873091418767,,
train,Sinazongwe,2018,0.66803795,0.22220592716988505,0.23813983272002837,0.28831442413929154,-9.332230232356187e-05,0.049063333445539786,,
train,Livingstone,2016,0.27420977,0.10524093071056619,0.12776597174974713,0.19405662791732703,-0.037968129554933824,0.024309679880553853,,
train,Sinazongwe,2020,0.589120216,0.20115675256961446,0.21842783834022314,0.2434650421890674,-0.02114249690259415,0.004213951495315643,,
train,Chingola,2019,2.519019713,0.5464216996920096,0.5966989430769832,0.6483945983350151,-0.07017361945181522,0.04017300329237983,,
train,Lufwanyama,2017,2.3298743,0.5224278395583495,0.48489716268550564,0.46086535505459997,0.02079527811646631,-0.03257762055954083,,
train,Mungwi,2018,3.3023338,0.6337041024424721,0.6270926558528231,0.6288077521761423,0.018674031095319288,0.005689094227625202,,
train,Sinazongwe,2016,1.2209828,0.3465451952463518,0.29938200299677453,0.24808335818642158,0.12424594577414319,0.008832267492669826,,
train,Kabompo,2020,2.831648352,0.5833856450323913,0.5519562990085861,0.5343832997011544,0.024030893468514614,-0.025847609079769573,,
train,Gwembe,2020,1.041243366,0.3098947862986622,0.3336013821937306,0.38839660908843476,-0.025194861493120557,0.037196814210078366,,
train,Kabompo,2019,2.312666821,0.5201777579231319,0.5316093229713987,0.5354974929595595,-0.039176993640744784,-0.024733415821364457,,
train,Mpulungu,2020,2.208692695,0.5063281255540557,0.5369871893530321,0.5518070918429046,-0.04082210742966896,0.005106740748717975,,
train,Mazabuka,2018,1.2457986,0.35137080676493515,0.3689629451977853,0.4219226613591917,-0.041571298919420074,0.005954334684467433,,
train,Mpika,2017,3.596173,0.662396367172764,0.6391663168725504,0.6343514620127753,0.029931970601244084,-0.01140760047542877,,
train,Lusaka,2017,2.068691,0.48695315961099356,0.5118722753462908,0.5344859502881869,-0.044385177747291504,0.041077147501299816,,
train,Chama,2019,1.837408192,0.4529218182706636,0.44239240115435025,0.41523349422102385,-0.01870675857613291,-0.045722721473251626,,
train,Petauke,2021,1.93649813,0.4678297286147192,0.457365990716246,0.4066292504760578,0.029987099428526065,0.009760535657626801,,
train,Lufwanyama,2019,2.027458058,0.4810781351989595,0.503637353595236,0.4959136087365925,-0.020554426242923696,0.0024706331224517153,,
train,Mbala,2021,2.769781695,0.5763162012928047,0.5755675206699176,0.5831058025123849,0.03712570040076457,0.03670587792105995,,
train,Mwense,2021,2.583511823,0.554308841665944,0.5638902308538046,0.5557451412253755,0.019596316188457696,0.01805806173237201,,
train,Lufwanyama,2016,2.6585491,0.5633088879100627,0.5218564029311763,0.48173387541103874,0.061676326468179554,-0.011709100203102063,,
train,Kalulushi,2019,2.677851402,0.5655941782475917,0.5760845509872381,0.5838823708444719,-0.021637039739426767,-0.004594382483005921,,
train,Chinsali,2021,3.416813066,0.6451090188819703,0.6555346511989677,0.6701419977823152,0.018548899707271804,0.038528342540668725,,
train,Kitwe,2020,2.771742812,0.5765420713565761,0.5675482570822822,0.5335686121871279,0.021810842002152997,-0.004940581409362599,,
test,Petauke,2018,1.3331778,0.3679478355004061,0.389994141999471,,,,-0.029041029103016813,-0.007900271660212232
test,Kitwe,2018,2.3163252,0.5206571110340356,0.472974468139294,,,,0.0,0.0
test,Mambwe,2018,0.77372056,0.24888520015790322,0.3709718305395405,,,,0.0,0.0
test,Namwala,2017,1.0458239,0.3108682478757741,0.3222077936919737,,,,-0.05616933019772191,0.034402251840735476
test,Mumbwa,2016,2.162931,0.5000897177942845,0.4353384381602332,,,,0.11543374336265344,0.07693380049816856
test,Mwinilunga,2017,3.261337,0.6295458809390245,0.6521337461702477,,,,0.009596104167560182,-0.0071059236899472245
test,Katete,2016,1.1580888,0.3340693108550234,0.3887368996165301,,,,-0.02593332424456818,0.012631769359868983
test,Chama,2020,2.405620073,0.5321961969434059,0.49917056489467954,,,,0.06373550099151243,0.019557211178721667
test,Chibombo,2019,0.962179239,0.29273867631263384,0.3780945453599579,,,,-0.06880177481933908,-0.02496266005927128
test,Mongu,2020,0.500614504,0.17626913975290687,0.2108815842204942,,,,-0.05389475021498463,0.037800920392433573
test,Mungwi,2020,2.935287574,0.5949764742396699,0.5703197266444732,,,,0.0,0.0
test,Choma,2021,1.737153479,0.4372991500641225,0.3929910858330022,,,,0.0018431731895587888,-0.010769981693818598
test,Solwezi,2016,1.4981424,0.39761719055195816,0.4826739107753169,,,,0.0,0.0
test,Lukulu,2016,1.1199417,0.3263239176662785,0.2487574535367436,,,,0.0024115632078098304,-0.011807178479921743
test,Nyimba,2016,1.6702282,0.42654837813079527,0.4290820222079804,,,,0.0,0.0
test,Isoka,2020,2.936742089,0.5951369634330741,0.6346509799753991,,,,-0.02418530911163974,-0.00010105849296060399
test,Mongu,2016,0.92335141,0.28405864018287613,0.13527974343562704,,,,0.05389475021498463,-0.037800920392433573
test,Kazungula,2018,1.1193726,0.3262073153227647,0.341288908941303,,,,0.0,0.0
test,Chavuma,2016,2.8063221,0.5805055365347381,0.4736391016577298,,,,0.11055293213673056,0.01395710759116675
test,Luanshya,2018,2.585597,0.5545614758253036,0.5186468758417604,,,,0.0007417424055775612,-0.023252865034537717
test,Ndola,2016,3.6122153,0.6639095721307984,0.5460105079840631,,,,0.0,0.0
test,Chingola,2017,2.5630524,0.5518222093461076,0.6116779096361078,,,,0.0,0.0
test,Namwala,2020,1.649762248,0.423206908271218,0.25340329001050277,,,,0.05616933019772197,-0.034402251840735476
test,Choma,2016,1.7140185,0.4336128036850049,0.4145310492206394,,,,-0.0018431731895588443,0.010769981693818598
test,Kasempa,2017,2.1785178,0.5022246478634185,0.5659913150977647,,,,-0.03916929214802478,-0.005510984483277914
test,Mpongwe,2018,2.5246844,0.5471202363700767,0.5552393834514858,,,,0.0,0.0
test,Lukulu,2017,1.0965286,0.3215007912506589,0.2723718104965871,,,,-0.002411563207809775,0.011807178479921743
test,Milenge,2017,3.0636063,0.6089116249599209,0.5573012943595259,,,,0.0,0.0
test,Serenje,2018,2.6266379,0.5595041958113927,0.5697499386276763,,,,0.0,0.0
test,Mumbwa,2017,1.8183885,0.4500008581050867,0.4061074919620236,,,,0.0653448836734557,0.04770285429995896
test,Senanga,2021,0.561860237,0.19364216845588733,0.2536723631347198,,,,-0.004623766441801513,0.045948479341729076
test,Masaiti,2021,2.61307435,0.5578768985905788,0.5685506778022185,,,,0.03711656993908108,0.019448007797624456
test,Kabwe,2016,2.5014477,0.5442476438152296,0.5309866903142669,,,,0.0,0.0
test,Chavuma,2019,1.287703161,0.35939967226127695,0.4457248864753964,,,,-0.11055293213673062,-0.013957107591166695
test,Monze,2017,2.169112,0.5009375879193789,0.43544409324360017,,,,0.0,0.0
test,Petauke,2016,1.5849327,0.4124492405057401,0.45497455174435153,,,,0.015460375902317192,0.057080138084668275
test,Mufulira,2021,3.408298783,0.644271022189168,0.6454834300957877,,,,0.03422086448384165,0.015652696741221828
test,Kasama,2019,2.999286383,0.6019825044344382,0.6245984335394081,,,,0.0,0.0
test,Isoka,2018,3.4005563,0.6435075816563537,0.6348530969613203,,,,0.024185309111639852,0.00010105849296060399
test,Mbala,2019,1.830338242,0.45183833936043655,0.5001671446328122,,,,0.0,0.0
test,Petauke,2019,1.434668962,0.3864399192466667,0.3368862439765064,,,,-0.010548945356756212,-0.06100816968317685
test,Itezhi-Tezhi,2016,1.2238996,0.34711517672736664,0.41597509273827904,,,,0.0,0.0
test,Mwinilunga,2020,2.93295659,0.5947191529117801,0.6668779238838072,,,,-0.02523062385968422,0.00763825402361229
test,Samfya,2019,2.432941189,0.5356663634282107,0.6152423666463608,,,,0.0,0.0
test,Mufulira,2020,3.192749764,0.6224989431674679,0.6118854499371083,,,,0.012448785462141565,-0.017945283417457603
test,Katete,2019,1.431845385,0.38593595934415975,0.3634733608967921,,,,0.02593332424456818,-0.012631769359868983
test,Luwingu,2019,2.951705969,0.596784622962308,0.6587997352094412,,,,0.00694354769842509,-0.005398870240994058
test,Shangombo,2016,0.45512441,0.16290012615125865,0.18519396714710795,,,,0.0,0.0
test,Chongwe,2016,2.6469312,0.5619275703490997,0.5077638814512392,,,,0.01413438371419562,0.0003982020105893769
test,Mwinilunga,2018,3.3210003,0.6355842964635884,0.6587073395265298,,,,0.015634519692124038,-0.0005323303336650653
test,Zambezi,2021,2.981741365,0.6000730469015222,0.45395588168164,,,,0.0,0.0
test,Chama,2016,1.2574561,0.35361931348692327,0.4658227334442453,,,,-0.11484138246497022,-0.013790620271712573
test,Chadiza,2017,2.8829465,0.5891614067925458,0.48811596584610223,,,,0.02014709003698134,-0.003750918190626673
test,Mumbwa,2019,0.502478514,0.176808270147018,0.23936534032066392,,,,-0.20784770428461302,-0.11903929734140073
test,Kasempa,2016,2.8068278,0.580563232159468,0.5770132840643204,,,,0.03916929214802478,0.005510984483277803
test,Mufulira,2019,2.659152484,0.5633805077593431,0.6321233200308016,,,,-0.046669649945983216,0.002292586676235775
test,Petauke,2017,1.6370506,0.42111846316087875,0.4097227169184042,,,,0.024129598557455834,0.011828303258720918
test,Kaputa,2016,2.5495331,0.5501712303989879,0.43479802111880606,,,,0.07120558335824606,0.03579409087384117
test,Masaiti,2017,2.0453959,0.4836437587124165,0.5296546622069696,,,,-0.03711656993908119,-0.019448007797624456
test,Mkushi,2017,3.2671978,0.630142774440639,0.6370258324842959,,,,0.0,0.0
test,Luanshya,2020,3.005726445,0.6026812875727582,0.5566330460883646,,,,0.04886155415303217,0.014733305212066505
test,Chongwe,2021,2.417108769,0.5336588029207084,0.5069674774300603,,,,-0.01413438371419562,-0.0003982020105894879
test,Livingstone,2021,2.289913492,0.5171844783630486,0.16711997666598127,,,,0.15673211119309205,-0.0004322655969352107
test,Kaoma,2020,1.422214607,0.3842126187851104,0.452324391733952,,,,-0.019654853102594905,0.038433692159901556
test,Kaputa,2018,1.6032548,0.4155166778358351,0.41194061823626693,,,,-0.06344896920490667,0.012936687991302043
test,Luanshya,2016,2.1931288,0.5042164368611163,0.5504193006987692,,,,-0.04960329655860973,0.008519559822471101
test,Chipata,2017,2.1703718,0.5011101963565213,0.5100397852702607,,,,-0.017487991190724972,0.023793640009046102
test,Chipata,2020,2.436261282,0.5360861787379713,0.4624525052521685,,,,0.017487991190724972,-0.023793640009046102
test,Chiengi,2018,1.8606272,0.4564612637709352,0.49854280568514053,,,,0.0,0.0
test,Chinsali,2019,2.685934343,0.5665475949289696,0.598545335596031,,,,0.0,0.0
test,Kaputa,2019,1.959436548,0.47120903288740246,0.3502731513798218,,,,-0.007756614153339336,-0.0487307788651431
test,Chadiza,2020,2.62653792,0.5594922229147248,0.4799130430101525,,,,-0.009522093840839685,-0.011953841026576428
test,Luwingu,2020,2.827344259,0.582897527565458,0.6695974756914294,,,,-0.006943547698424979,0.005398870240994058
test,Senanga,2017,0.59547389,0.20288970133949033,0.16177540445126165,,,,0.004623766441801486,-0.045948479341729076
test,Kaoma,2018,1.6516874,0.42352232499030024,0.3754570074141489,,,,0.019654853102594905,-0.038433692159901556
test,Mansa,2018,2.8280931,0.5829824913630594,0.5769439988206956,,,,0.0,0.0
test,Chadiza,2021,2.617339915,0.5583893205594228,0.5075716432539321,,,,-0.010624996196141656,0.015704759217203212
test,Livingstone,2018,0.59852803,0.20372025597686452,0.1679845078598517,,,,-0.15673211119309202,0.0004322655969352107
test,Mumbwa,2018,1.5806259,0.41172505168013485,0.35280728020533786,,,,0.027069077248503826,-0.0055973574567267925
test,Kafue,2020,2.012611542,0.4789431356421132,0.5053747160408802,,,,0.0,0.0
test,Chama,2017,2.3080082,0.5195665774253512,0.47384676280894866,,,,0.05110588147345768,-0.005766590907009206
test,Chibombo,2020,1.693656581,0.430342225951312,0.42801986547850046,,,,0.06880177481933908,0.02496266005927128
test,Gwembe,2018,0.80910718,0.2574642972653923,0.28534459594239475,,,,0.0,0.0
