split,random_state,variables,year_start,hot_encode,anomaly,total_n,train_n,test_n,best_reg_param,mean_of_val_R2,val_R2,val_r,val_r2,train_R2,train_r,train_r2,test_R2,test_r,test_r2,demean_cv_R2,demean_cv_r,demean_cv_r2,demean_test_R2,demean_test_r,demean_test_r2
2,26225,ndvi,2016,False,False,432,345,87,[1.0],[0.259278142604299],0.273080969519774,0.5237534727472055,0.27431770021475776,0.2950665036305332,0.5464161057623814,0.298570560636526,0.28030840066996743,0.5429375199103138,0.2947811505263624,0.15788905151507449,0.416330629902214,0.17333119339477426,0.11103025267524935,0.34822011398003394,0.12125724778026784
1,116739,pre,2016,False,True,432,345,87,[0.1],[0.06502301263683977],0.09029059781659066,0.30532957928348736,0.0932261519854314,0.1646200399539175,0.41272708611548575,0.17034364761337958,0.10211391886128074,0.348567735079267,0.12149946593829009,,,,,,
3,777572,pre,2016,False,False,432,345,87,[0.1],[0.34711119940795543],0.3582370724867462,0.598713495485639,0.3584578496766323,0.3950958548320541,0.6310927837895877,0.39827810175129125,0.32443225340170234,0.5755929433928537,0.3313072364836489,-0.28168450678712054,-0.15131731316753402,0.022896929264241566,-0.3800653727398895,-0.2194793486818779,0.04817118449782134
0,670487,ndvi,2016,False,True,432,345,87,[0.01],[0.3491304341436222],0.39155724521796453,0.6264500551404576,0.3924396715854824,0.4548966650675622,0.6746616991020387,0.45516840823524973,0.5706493342721095,0.7569015525468716,0.5728999602478647,,,,,,
7,146316,pre,2016,False,False,432,345,87,[0.01],[0.3416913956282963],0.3495558381598889,0.593290314444491,0.351993397213643,0.3941945999346609,0.6279121056770267,0.39427361245575754,0.3689042902817483,0.6098731751839678,0.3719452898089746,-0.3546217065209216,-0.08578321006752147,0.0073587591294885174,-0.5366024537070442,-0.1479941082733958,0.021902256083637595
7,146316,ndvi,2016,False,False,432,345,87,[0.1],[0.26507516741508586],0.27149003375025405,0.521253080148849,0.2717047735646624,0.30392775724563537,0.551623620324256,0.304288618499639,0.3138204129414809,0.564030405536953,0.3181302983701797,0.19530471220642143,0.44439527083370356,0.19748715673936074,-0.09487311158796796,0.1167703559857101,0.013635316037029463
8,772246,ndvi,2016,False,False,432,345,87,[0.01],[0.25569019677494986],0.28045303023922596,0.5307866550382865,0.28173447316673295,0.3318303763144096,0.5762024878491898,0.3320093070035957,0.26527056274144345,0.5181653981448572,0.26849537983461835,0.2771978335058731,0.5282904091665549,0.27909075641736597,0.17330033540355116,0.42104950172005995,0.17728268289871077
3,777572,ndvi,2016,False,False,432,345,87,[0.001],[0.3065531416286279],0.3270264843320845,0.5733624317416115,0.3287444781326541,0.37454317224620903,0.6120294816994742,0.37458008646932706,0.08113031050539377,0.3698120632486794,0.13676096212424524,0.2846832842803647,0.5376870082085924,0.2891073187963069,-0.07812260949337868,0.2020805130464241,0.04083653375310598
2,26225,tmp,2016,False,True,432,345,87,[0.1],[0.3485677297342079],0.41223688896934796,0.6429702258143605,0.4134107112837697,0.44415605829924754,0.6689150684771725,0.4474473688358204,0.4403493235574919,0.672872005204136,0.4527567353874349,,,,,,
5,256787,pre,2016,False,True,432,345,87,[1.0],[0.05743579129848604],0.06959125279621003,0.28161629540894034,0.07930773783985555,0.09555040146454552,0.3547149814603395,0.12582271807240897,0.03620059276853904,0.2361549164671592,0.05576914457161094,,,,,,
0,670487,tmp,2016,False,True,432,345,87,[0.1],[0.335723606995759],0.3724460985146242,0.6106378954849015,0.37287863940222954,0.41617014377110884,0.6476181093400032,0.41940921554512034,0.5061218813120636,0.751276206811091,0.5644159389204612,,,,,,
8,772246,tmp,2016,False,True,432,345,87,[0.01],[0.41170561037793957],0.41400328664690456,0.6436462553594444,0.41428050203823513,0.4511103373752158,0.6717299263725522,0.45122109398447446,0.4631709029199699,0.68342837601354,0.4670743451405046,,,,,,
9,107473,tmp,2016,False,False,432,345,87,[0.01],[0.5967993396323461],0.6195268927288622,0.7871418035414955,0.6195922188825583,0.6617186821097827,0.8137158168759799,0.6621334306341433,0.5882112426067709,0.7677863487912335,0.5894958773901737,0.2105992659539846,0.47176984999366484,0.22256679136304502,0.38612823296665066,0.6542088019260218,0.4279891565174809
3,777572,ndvi,2016,False,True,432,345,87,[0.01],[0.46689995966969067],0.4977099977813194,0.7057220924267448,0.4980436717391829,0.5326353214405697,0.7299766667450737,0.5328659339922484,0.1857106458982185,0.4768787768747575,0.22741336783356475,,,,,,
4,288389,ndvi,2016,False,True,432,345,87,[0.1],[0.3560988092782016],0.3595734163312503,0.601016542067191,0.3612208838384036,0.4381345688877414,0.663864699533416,0.4407163392865927,0.5304802289415034,0.7442016678062133,0.5538361223655495,,,,,,
6,234053,pre,2016,False,False,432,345,87,[0.1],[0.3259852170097587],0.33098451417252217,0.5753165866824754,0.33098917491197427,0.3729725292492623,0.6131676283636691,0.3759745404731266,0.41682312647101005,0.6597073973336788,0.4352138500967763,-0.2909479756212392,-0.1263805198581479,0.01597203579961572,-0.23730021151215586,-0.14513455498413622,0.021064039050443257
4,288389,pre,2016,False,False,432,345,87,[0.01],[0.35840714777919336],0.367970562926488,0.6070574830549891,0.36851878773305835,0.40415904548876125,0.6357726769139495,0.40420689671032917,0.33015778252377703,0.5850774015444651,0.34231556579802325,-0.3120676715219173,-0.1742801407383169,0.03037356745576755,-0.21450719157497145,-0.08152605548236219,0.006646497722513198
4,288389,tmp,2016,False,True,432,345,87,[0.1],[0.40898398554998944],0.40999647535381356,0.6404357457649212,0.4101579444534708,0.44577526405470513,0.6696465295036024,0.44842647447621903,0.41665773452201604,0.650984280907156,0.423780533988207,,,,,,
0,670487,pre,2016,False,True,432,345,87,[0.1],[0.052306963048555734],0.09130325409177953,0.3033378713663116,0.09201386420504498,0.1511643369285427,0.39586281297279424,0.15670736669473348,0.1300961193957706,0.38443302203770924,0.14778874843304585,,,,,,
0,670487,tmp,2016,False,False,432,345,87,[0.001],[0.5684052940818021],0.6085022351899825,0.7802178970605552,0.6087399668935951,0.6444975383267303,0.802815502746774,0.6445127314505555,0.699480324740035,0.8371249009386041,0.7007780997714678,0.2590961545002346,0.5297981614639186,0.28068609189054833,0.4088210056408996,0.6488123071872844,0.42095740995768716
1,116739,tmp,2016,False,True,432,345,87,[0.1],[0.37287009686298045],0.3953356125942491,0.6289137012739425,0.3955324436500898,0.4632221500836209,0.6826244168372831,0.46597609446244087,0.37383022093976825,0.6145582243363829,0.3776818110994879,,,,,,
9,107473,ndvi,2016,False,False,432,345,87,[1.0],[0.2012272726537355],0.2310197197872046,0.4809424461509596,0.23130563650966868,0.26801047990148474,0.5206680299008214,0.2710951973608026,0.3595456945497889,0.6334733183989664,0.40128844512339823,0.09679146122800852,0.3133096832436493,0.09816295761423584,0.1849322525116529,0.486358186716815,0.2365442857864683
7,146316,pre,2016,False,True,432,345,87,[0.1],[0.1309078990650982],0.14639310243700343,0.38276210374335806,0.1465068280620412,0.19896732418677898,0.45231776271143637,0.20459135846427925,-0.13684768454861707,0.055569356724971146,0.003087953406827096,,,,,,
0,670487,ndvi,2016,False,False,432,345,87,[1.0],[0.22272871081404483],0.25817329652882515,0.5089220750128001,0.2590016784353341,0.28603002458763926,0.5378635189754374,0.2892971650446407,0.2992236389569711,0.5541954268514441,0.3071325711430543,0.0974539198014317,0.31397755004833844,0.09858190193435687,0.24076544513962073,0.5816214789922817,0.33828354482516915
5,256787,pre,2016,False,False,432,345,87,[0.01],[0.33015430851865263],0.3355557741094016,0.5800913900343638,0.3365060207920004,0.3779042610644411,0.6147954746505871,0.3779734756508407,0.43184982810147887,0.6794982994733827,0.46171793898721886,-0.27275448389540236,-0.1436737168387271,0.020642136910254735,-0.5469459513847597,-0.14082330143885777,0.0198312022281394
8,772246,tmp,2016,False,False,432,345,87,[0.01],[0.6172540575844642],0.6344352680034883,0.7965173933110963,0.6344399578471036,0.658674712839999,0.8119141613553724,0.6592046054093977,0.6092868667541638,0.7820145193614606,0.6115467084921362,0.30458882492746797,0.5532664241343477,0.3061037360744079,0.3867270201415378,0.6265906378529762,0.39261582744499957
6,234053,ndvi,2016,False,False,432,345,87,[1.0],[0.2590958944984319],0.2634417573312372,0.5145953784633576,0.2648084035358462,0.279688003672096,0.5319539041583403,0.28297495614930074,0.3284264102741786,0.6007278026418427,0.3608738928668967,0.13630056381769662,0.3789301746664016,0.14358807727270964,0.16426435509070958,0.4602644913676488,0.21184340201392046
2,26225,pre,2016,False,False,432,345,87,[0.01],[0.3508064392122275],0.3661166137376013,0.6057833674766062,0.36697348831129695,0.4025452609601755,0.6345370204136869,0.40263723027547965,0.3495676677186259,0.5940954564490886,0.35294941137345087,-0.3246919798714052,-0.12557831907280692,0.015769914221151704,-0.24454935932290622,-0.01694718804994982,0.000287207182800362
2,26225,tmp,2016,False,False,432,345,87,[0.01],[0.5982937639822751],0.611340546059127,0.7819186707730366,0.6113968077034724,0.6466082338831436,0.8045086880410534,0.6472342291335369,0.6652585805000117,0.8195860509346996,0.671721294886736,0.281462497773562,0.5337467949232905,0.2848856410908851,0.326870218801833,0.577069655734291,0.33300938756929316
3,777572,tmp,2016,False,False,432,345,87,[0.0001],[0.6379023433409577],0.6485705472042069,0.8056921416763948,0.6491398271590958,0.6748530284445513,0.8214948457922595,0.6748537816632483,0.5612615916735122,0.7525683833701711,0.5663591716483928,0.323768875786276,0.5808455263288566,0.3373815254562464,0.04806693726518174,0.4111103818459027,0.16901174606148392
9,107473,tmp,2016,False,True,432,345,87,[0.1],[0.36878642133917394],0.3769223234203568,0.6141578929906061,0.37718991752266073,0.4095512080485918,0.6417844536291532,0.41188728492007065,0.5181719451736483,0.786656965571175,0.6188291814816489,,,,,,
1,116739,tmp,2016,False,False,432,345,87,[0.01],[0.6033503036073926],0.6216262426700458,0.7884897833199083,0.6217161383998759,0.6588129766610946,0.812031224366151,0.6593947093455903,0.6152609634749611,0.7881137576160269,0.6211232949436536,0.28448725837480104,0.5380325769411639,0.2894790538499495,0.34675459498267547,0.5908559840796068,0.3491107939226806
4,288389,pre,2016,False,True,432,345,87,[0.1],[0.10123840533704102],0.104316438679669,0.32526663281940843,0.10579838242567587,0.17461245762061783,0.4252155317256211,0.18080824842070267,0.06478739086174179,0.27059068948150256,0.07321932123407494,,,,,,
9,107473,pre,2016,False,False,432,345,87,[0.01],[0.31926223745298465],0.34206015095088904,0.586815507327819,0.3443524396404055,0.39832309394139165,0.6311789963232909,0.39838692539967685,0.36031676419117253,0.6058637087570934,0.3670708335889001,-0.3692351258602309,-0.18322485835016525,0.03357134871743812,-0.22058735761372916,-0.05411856009074472,0.002928818546295547
9,107473,ndvi,2016,False,True,432,345,87,[0.01],[0.4210438985652424],0.42658300307909014,0.6538421509681317,0.4275095583826331,0.4723952573950958,0.6874941000858764,0.47264813765288904,0.510377223787767,0.7149253538222495,0.5111182615378687,,,,,,
2,26225,pre,2016,False,True,432,345,87,[0.1],[0.024403130569132903],0.08416359335720636,0.2917939669896122,0.08514371917153489,0.1406484883931315,0.3836933077761428,0.14722055443219784,0.18051148961846253,0.4457675694501212,0.19870872597346861,,,,,,
6,234053,pre,2016,False,True,432,345,87,[0.1],[0.10827218984490398],0.13314293152521484,0.3649890367108034,0.1332169969190802,0.18344555619214398,0.43495300555962557,0.18918411704535168,-0.014381842220970942,0.2512682652476756,0.06313574112057625,,,,,,
8,772246,ndvi,2016,False,True,432,345,87,[0.01],[0.41908496093595565],0.43114284506817424,0.6568325783647561,0.4314290360012934,0.47229810876647205,0.6873729798560589,0.472481613436198,0.5066094454297358,0.7216504018092998,0.5207793024315239,,,,,,
1,116739,ndvi,2016,False,False,432,345,87,[0.1],[0.2754429706175109],0.28020366895529003,0.5294216947769387,0.280287330900486,0.3076752402881826,0.5550416918775726,0.30807127972231824,0.286470326932049,0.5698070669901043,0.3246800935918652,0.2052988527629993,0.46483854408034686,0.21607487206273657,0.1858261440264426,0.46167028895026185,0.21313945569941828
9,107473,pre,2016,False,True,432,345,87,[0.1],[0.047678862624670804],0.06251312189168612,0.2576285602313828,0.06637247504689524,0.12731274667021297,0.36501012088075413,0.13323238834538273,0.197039536262135,0.4986341858967965,0.248636051344961,,,,,,
4,288389,tmp,2016,False,False,432,345,87,[0.001],[0.6183009240580047],0.6246171473704439,0.7907884194832405,0.6253463243888016,0.6608780512477034,0.8129525027668814,0.6608917717549362,0.6296959818700707,0.8037316015124301,0.6459844872697357,0.2966562737863183,0.5566158068624396,0.30982115644912467,0.24870657173252608,0.5393994374065685,0.2909517530745226
8,772246,pre,2016,False,True,432,345,87,[0.1],[0.10119842822948269],0.11227212899921213,0.335071945739975,0.11227320882197275,0.15399564655785547,0.3982284988554471,0.1585859373006628,0.11340784881305033,0.35688058054576366,0.1273637487706813,,,,,,
5,256787,ndvi,2016,False,True,432,345,87,[0.01],[0.3995875602779916],0.46045050551790145,0.6789822292185316,0.46101686759456656,0.5227030415324239,0.7231828600176403,0.5229934490232939,0.1809240563725738,0.4754029122057554,0.2260079289337132,,,,,,
3,777572,tmp,2016,False,True,432,345,87,[0.01],[0.434425538650407],0.46543757046134027,0.6822988394184062,0.46553170627170404,0.49284100985777346,0.702097171548486,0.49294043829638423,0.23369859306820795,0.5265091337465655,0.2772118679185588,,,,,,
4,288389,ndvi,2016,False,False,432,345,87,[0.1],[0.2908088856436232],0.3019328206501041,0.5495752148808254,0.3020329168113054,0.32768954773619763,0.5726582853633772,0.3279375117953231,0.21995021422216554,0.4719043339333635,0.22269370038509145,0.16578476806045583,0.40841299147007487,0.16680117160153546,0.2388496029511361,0.5073017779744923,0.2573550939360811
7,146316,tmp,2016,False,False,432,345,87,[0.001],[0.6117512913221618],0.6183173631363232,0.7867620661135185,0.6189945486752124,0.6497911048966575,0.8061054815589689,0.6498060473994172,0.671823464152731,0.8199268130470906,0.6722799787535586,0.34031643739569195,0.58595212124571,0.3433398883923472,0.08229678090094561,0.42167788974089093,0.17781224269633097
2,26225,pre_tmp,2016,False,True,432,345,87,"[1.0, 0.1]","[0.28352147364802044, 0.34834822989450515]",0.4150102573502622,0.644906818585396,0.4159048046579369,0.4593090399724168,0.6808734486524702,0.46358865307990804,0.4407708698256789,0.6729686566714576,0.45288681286218613,,,,,,
5,256787,ndvi,2016,False,False,432,345,87,[0.1],[0.25609662176895837],0.2661057939561041,0.5160119203541653,0.26626830194759343,0.30245042061732963,0.5504181288041138,0.302960116516222,0.2923434390049875,0.5512398454892893,0.30386536725505553,0.2217507110808078,0.477357256587441,0.22786995041668798,0.11416552438603966,0.38735383512952604,0.15004299358955203
7,146316,ndvi,2016,False,True,432,345,87,[0.01],[0.49707431731236673],0.5107253770916362,0.7147498166907801,0.5108673004595037,0.5465469630539077,0.7394220992657835,0.5467450408826182,0.1145938455815082,0.4298447974415863,0.18476654988759839,,,,,,
0,670487,pre,2016,False,False,432,345,87,[0.01],[0.29828640687436275],0.32420494912171915,0.5703059911317583,0.32524892352077717,0.3720591362729512,0.6100269613547955,0.37213289357976514,0.4652449846547163,0.6865356831051125,0.47133124417660344,-0.3487219074619532,-0.13095440504824496,0.017149056201539805,-0.25706923566015716,-0.15781353380212493,0.024905111451114428
5,256787,tmp,2016,False,True,432,345,87,[0.01],[0.4139741779135777],0.45821289358630435,0.6771006672763095,0.45846531362602355,0.49411101135813296,0.702987134210296,0.4941909108652047,0.07652358507645718,0.47933287033425914,0.22976000058287968,,,,,,
7,146316,tmp,2016,False,True,432,345,87,[0.01],[0.4333525016513007],0.4489097158020334,0.6707109174345175,0.44985313476585215,0.49346991322698563,0.7025506329221878,0.49357739181936666,0.22440859630800636,0.5324613043313765,0.2835150406102708,,,,,,
8,772246,pre,2016,False,False,432,345,87,[0.01],[0.35995034455544694],0.37695178644646554,0.6146563392484755,0.37780241537833703,0.41289893930049704,0.6426280298416416,0.4129707847381498,0.30266079000015256,0.5802033506159153,0.3366359280659348,-0.31964678006016967,-0.12328587706507174,0.015199407483703983,-0.2617442805589978,-0.19085277640190787,0.03642478226031664
3,777572,pre,2016,False,True,432,345,87,[0.01],[0.13968361494373857],0.16786371951908818,0.41244794219333897,0.17011330501951988,0.21124885937665716,0.4597804130689053,0.2113980282418132,-0.2184956611472073,0.05306181362686179,0.0028155560653718155,,,,,,
5,256787,tmp,2016,False,False,432,345,87,[0.001],[0.6332314065236883],0.6365605236544019,0.7981395626297099,0.6370267614347446,0.6691568030878816,0.8180311982521796,0.6691750413138968,0.5633457794777533,0.7702378052563865,0.5932662766461753,0.3235978843234929,0.5785697538179676,0.33474296003298365,-0.07859189493698615,0.38062866869152134,0.14487818342987993
1,116739,ndvi,2016,False,True,432,345,87,[0.01],[0.40637637146933664],0.4309471471515094,0.6578142364300646,0.43271956965006897,0.501572724446727,0.7083315040767251,0.5017335196675956,0.42453774117879617,0.6517642385410568,0.4247966226410036,,,,,,
6,234053,tmp,2016,False,True,432,345,87,[0.01],[0.41533980766949813],0.430771027049483,0.6565537329758936,0.431062804284581,0.462629305006483,0.6802310315350374,0.46271425626322105,0.4014100441672698,0.6542972532931804,0.42810489566700033,,,,,,
1,116739,pre,2016,False,False,432,345,87,[0.01],[0.35496478693847017],0.36494754425863796,0.6048420451580417,0.36583389959096263,0.40425776949484304,0.6359097394913633,0.40438119677997353,0.3206806909937683,0.5972996164139251,0.3567668317682221,-0.29851406632214794,-0.0651025866906024,0.0042383467938074005,-0.415053476133159,-0.14939432519849385,0.022318664401513335
1,116739,pre_tmp,2016,False,True,432,345,87,"[1.0, 0.1]","[0.329685156668507, 0.3782579722062142]",0.4005710954190457,0.6330341076459745,0.40073218144313516,0.48159391554604425,0.6967418896001585,0.48544926072359945,0.37178948227446285,0.6127945394931906,0.3755171476326716,,,,,,
6,234053,tmp,2016,False,False,432,345,87,[0.01],[0.6144342970018893],0.6203372454045619,0.7876192944544695,0.6203441529969564,0.6482206385516462,0.8054311308251036,0.6487193065022052,0.6529133578634281,0.8113716384173413,0.6583239356280408,0.29731416764907237,0.5474508530319743,0.2997024364854363,0.3209899632086901,0.5863732257519869,0.3438335598787906
4,288389,pre_tmp,2016,False,False,432,345,87,"[0.1, 0.001]","[0.5267560748809681, 0.6757137426490386]",0.6816529537077699,0.8258320242848444,0.6819985323344038,0.7240494077095382,0.8510041252328386,0.724208021163309,0.6907102883084744,0.838003590416825,0.7022500175514899,0.27370752668806275,0.5521566244105592,0.3048769378804634,0.30941390731136387,0.5923191107934037,0.35084192901108846
2,26225,ndvi,2016,False,True,432,345,87,[1.0000000000000003e-09],[0.35733778854690845],0.4283063432426073,0.656402615571747,0.43086439372943064,0.4860255290741877,0.6971553120174784,0.4860255290741876,0.5021003045342263,0.7125536770519029,0.5077327426801875,,,,,,
6,234053,pre_tmp,2016,False,False,432,345,87,"[0.1, 0.01]","[0.5126245259939319, 0.6824497682154104]",0.6870910835395622,0.8289413660230639,0.6871437883041832,0.7239893265604811,0.8516184100454213,0.7252539163282913,0.6884436930792557,0.8310457005841446,0.6906369564593917,0.28201735347051515,0.5547386598755968,0.30773498076057304,0.28229400103506597,0.5493267126649808,0.30175983724731437
6,234053,pre_tmp,2016,False,True,432,345,87,"[0.1, 0.01]","[0.36205799935006244, 0.43128026269771025]",0.4476485172261394,0.6698104829235915,0.44864608303433484,0.5080912618017064,0.71315549022437,0.5085907532371614,0.3532884186926921,0.6178047676325866,0.38168273090955435,,,,,,
9,107473,pre_tmp,2016,False,False,432,345,87,"[0.01, 0.01]","[0.5056031179950619, 0.6583014044435835]",0.6784656020594013,0.8237182829707326,0.6785118097002518,0.7312405165740047,0.8554013887857839,0.7317115359366477,0.677902832725954,0.8242184509577865,0.6793360548992531,0.20023776769327373,0.49592410430483924,0.24594071723055708,0.4176743938052365,0.6603191619878307,0.436021395688311
6,234053,ndvi,2016,False,True,432,345,87,[1.0000000000000003e-09],[0.4524008697246108],0.4686249738763629,0.6857659651394076,0.4702749589435832,0.5137229096476768,0.7167446614015881,0.5137229096476772,0.3408178813254864,0.6260074316951363,0.3918853045375407,,,,,,
1,116739,pre_tmp,2016,False,False,432,345,87,"[0.1, 0.01]","[0.5248840499918954, 0.6715968570305275]",0.6861152258504295,0.8284141872161881,0.6862700655810575,0.7319332052697264,0.8563253865454201,0.7332931676421632,0.6634070536254483,0.8214392564576793,0.674762452049745,0.2968569312830993,0.5657653402227748,0.32009042019739214,0.32297334898341634,0.5789669718947152,0.335202754544936
4,288389,pre_tmp,2016,False,True,432,345,87,"[1.0, 0.1]","[0.34917939408628007, 0.40749442598436136]",0.40738959813655584,0.6383599567945061,0.40750343443868364,0.4613663629756093,0.6817633268910553,0.46480123389356,0.412943015260262,0.6479710068870528,0.419866425766221,,,,,,
2,26225,pre_ndvi,2016,False,True,432,345,87,"[0.1, 0.0001]","[0.31109073852973984, 0.36172988644902876]",0.43854143803133416,0.6661627504507417,0.44377281008809716,0.529385324745973,0.7276349955131708,0.5294526866954521,0.5198299484036069,0.723948988211866,0.5241021375329845,,,,,,
8,772246,pre_tmp,2016,False,False,432,345,87,"[0.01, 0.01]","[0.5334068978231901, 0.6879643477723973]",0.7011906087127621,0.8373716500706319,0.7011912803420127,0.7343695883118457,0.8572482335807474,0.7348745339773117,0.6757529225795247,0.8258050955653454,0.6819540558616893,0.28498547094397464,0.5582331770893426,0.31162428000326137,0.3551709417936413,0.6059842986771351,0.3672169702432193
3,777572,pre_tmp,2016,False,False,432,345,87,"[0.1, 0.001]","[0.5186592062486941, 0.6894183667185965]",0.7015128307064189,0.8375857279660706,0.7015498516924523,0.7363435681382461,0.8582373907675405,0.7365714189114759,0.6385587833171438,0.8011675453150388,0.6418694356661246,0.3602090855604474,0.6141406839090742,0.37716877963230533,0.03434348993975245,0.43396573292349644,0.18832625735182745
0,670487,pre_ndvi,2016,False,False,432,345,87,"[0.01, 0.001]","[0.38726975001155717, 0.4100835141889993]",0.44927318941746464,0.672682587464196,0.45250186347752563,0.539166857598633,0.7343790984390717,0.5393126602241838,0.5830193509102013,0.7651889249069888,0.5855140908003132,-0.012071345695479518,0.32982610843560006,0.10878526180577221,0.26091115236036155,0.5123566930020431,0.26250938086398984
4,288389,tmp,2016,True,False,432,345,87,"[0.001, 0.1]","[0.7417820586542179, 0.7650870152245427]",0.7690814657468275,0.8772937754292763,0.7696443684069535,0.8771700497823542,0.9369047803857715,0.8777905675097107,0.7832024209888846,0.8870403702379771,0.7868406184319275,0.017974068229003493,0.37662041607897645,0.14184293780750135,0.299398622434747,0.5715481385009593,0.32666727462391176
0,670487,pre_tmp,2016,False,True,432,345,87,"[0.1, 0.1]","[0.2951936866091964, 0.3513175363748343]",0.38533483506681643,0.6208231472878797,0.38542138020842837,0.4465762967243162,0.6707307700648714,0.44987976591181533,0.5289254800322376,0.7646466918768688,0.5846845633982392,,,,,,
7,146316,pre_tmp,2016,False,True,432,345,87,"[0.1, 0.01]","[0.3845604125663626, 0.44616053437099656]",0.4623240361866723,0.6808000570945266,0.4634887177399107,0.5304513259207252,0.728662682315021,0.5309493045985212,0.21829050714613651,0.5212863611837026,0.2717394703561457,,,,,,
5,256787,pre_tmp,2016,False,True,432,345,87,"[1.0, 0.1]","[0.36447895130282826, 0.41312814679519105]",0.450621059996259,0.6716697994108872,0.45114031944066146,0.4955931071886831,0.7063294782561106,0.4989013318535494,0.09754750389633748,0.47643731980055476,0.2269925196987361,,,,,,
2,26225,pre_ndvi,2016,False,False,432,345,87,"[0.01, 0.01]","[0.4291404870246013, 0.4651327350257011]",0.4810570681729718,0.6957263705711415,0.4840351827080933,0.5616151670232967,0.7497691277309381,0.5621537448984117,0.49196936402064684,0.7020997781388633,0.49294409846264103,0.05469928586386663,0.3731740373616707,0.1392588621608096,0.32167851492802824,0.5686584107037036,0.32337238806406204
8,772246,pre_tmp,2016,False,True,432,345,87,"[0.1, 0.01]","[0.344397587390513, 0.41604776836567153]",0.41844666234402284,0.6475390990701971,0.41930688482464257,0.48677072688310796,0.6980290663117809,0.48724457741609656,0.4661057639817826,0.6846253291092269,0.46871184125791726,,,,,,
9,107473,pre_ndvi,2016,False,True,432,345,87,"[0.1, 0.01]","[0.35740250734386, 0.417567597531165]",0.4273366960701611,0.6562366238518279,0.43064650648444547,0.5096170112704024,0.714189194032253,0.5100662048724391,0.5617770262296848,0.7500374030671034,0.5625561059996446,,,,,,
2,26225,pre_tmp,2016,False,False,432,345,87,"[0.01, 0.01]","[0.5245631082363237, 0.6744648655415058]",0.6877220731956533,0.829307796736523,0.6877514217279861,0.727262574641165,0.8531481642085483,0.7278617900924161,0.705244011630581,0.8410588143187986,0.7073799291433434,0.2857230234447383,0.5609883477228216,0.31470792628078137,0.36127391761202343,0.6141771188379039,0.3772135333040288
0,670487,pre_ndvi,2016,False,True,432,345,87,"[0.1, 0.001]","[0.3032375500033376, 0.37265906494400813]",0.41163356160415665,0.6440018127301601,0.4147383347997322,0.5006876845070513,0.7076780241330092,0.5008081858407999,0.6126606998871936,0.7846348940853977,0.6156519170164032,,,,,,
9,107473,pre,2016,True,False,432,345,87,"[0.1, 0.01]","[0.5325944935835665, 0.6311518550975741]",0.6570951627187351,0.8137181164873779,0.6621371730997659,0.8170876290786578,0.9040439115418523,0.8172953939958923,0.7077861068319594,0.8422126740824722,0.7093221883851486,-0.5552447498597084,-0.307948685189598,0.09483239271000214,0.16247255658951631,0.41142040289934306,0.16926674792185778
9,107473,pre_tmp,2016,False,True,432,345,87,"[1000000000.0, 0.1]","[0.31074486086995756, 0.36878642132740974]",0.37692232341085996,0.6141578929824582,0.3771899175126525,0.40955120807830114,0.6417844536540301,0.41188728495200194,0.5181719451671574,0.786656965556628,0.6188291814587619,,,,,,
8,772246,pre,2016,True,False,432,345,87,"[0.1, 0.01]","[0.5268385953777296, 0.6453846657425915]",0.6586855826775699,0.8161385150255893,0.6660820757081741,0.8222333902431342,0.906903955446786,0.8224747844050261,0.6664960571816051,0.8421609937517243,0.7092351393968918,-0.5239183166381842,-0.25851194677560396,0.0668284266257127,0.03453513613472603,0.2542440993355248,0.06464006204693219
4,288389,pre_ndvi,2016,False,False,432,345,87,"[0.01, 0.01]","[0.446453730481959, 0.47938349808185343]",0.4900838830194397,0.7008492758212895,0.49118970741922596,0.5646232741488033,0.7517624820345453,0.56514682939474,0.46817575165787073,0.6908452856540219,0.47726720871038714,0.03322613037261346,0.33215829852566,0.11032913527946145,0.30962378458592077,0.5624427285882924,0.3163418229418435
3,777572,tmp_ndvi,2016,False,False,432,345,87,"[0.001, 0.01]","[0.6716753275602521, 0.6743380613951869]",0.6838425825585329,0.8276866752954001,0.685065232461553,0.7394793028703361,0.8599887021376795,0.7395805678044505,0.5862840617588356,0.7683196243636199,0.590315045182254,0.3784196429345429,0.6274101807732432,0.3936435349379137,0.17340341342213417,0.46572024774259047,0.21689534915741984
3,777572,pre_ndvi,2016,False,False,432,345,87,"[0.1, 0.01]","[0.42653133246530944, 0.46435777584276056]",0.48470892189903947,0.6962833691079727,0.4848105300963494,0.5612907113244099,0.7509321820098073,0.5638991419780103,0.3569712985601441,0.6138979155737969,0.3768706507458527,0.1795111686447196,0.45280969111066993,0.20503661636374032,-0.2279897776296429,0.07344300836785873,0.005393875478121368
3,777572,pre_tmp,2016,False,True,432,345,87,"[0.1, 0.01]","[0.39793164326223296, 0.46287449127620217]",0.4931138088521223,0.7023006961137243,0.49322626776182166,0.5378366167074757,0.7337304437352871,0.5383603640639812,0.15325694622389519,0.4777989126258163,0.22829180090641243,,,,,,
1,116739,pre_ndvi,2016,False,True,432,345,87,"[1.0, 0.1]","[0.38262597519069813, 0.4353704734638593]",0.45722981851322686,0.6763520366957525,0.45745207754249256,0.5221666173577459,0.7255541026517645,0.5264287558748072,0.3959868621298097,0.6298396342788538,0.39669796490852033,,,,,,
8,772246,tmp,2016,True,False,432,345,87,"[0.01, 0.01]","[0.7373188260461918, 0.7789351569585872]",0.791257823408584,0.8902560908062634,0.79255590721765,0.8826604490508146,0.9396105652742954,0.882868014375081,0.8004873715486105,0.9024864443693106,0.8144817822703607,0.03486273049197974,0.350260630935846,0.1226825095835769,0.39677185173758756,0.6307816109703431,0.3978854407383413
7,146316,pre,2016,True,False,432,345,87,"[0.1, 0.01]","[0.5285073368268879, 0.6478763441109056]",0.6544348245556876,0.814671174977314,0.6636891233389174,0.8127457997160543,0.9016921100135568,0.8130486612607002,0.732372893076403,0.8674990551913007,0.7525546107577993,-0.43555979960900526,-0.16145117957392718,0.02606648338581248,-0.1284613438224198,0.07998870350080135,0.006398192687739111
0,670487,tmp_ndvi,2016,False,False,432,345,87,"[0.01, 0.001]","[0.6031363847609208, 0.6266764908528435]",0.6642384286688094,0.8150751959659274,0.6643475750788949,0.7175504222535942,0.847326564859091,0.7179623075159073,0.7041460914756991,0.8416387443937916,0.7083557760647581,0.28781846031928005,0.5609770864462003,0.3146952915176676,0.49958332184485366,0.7102005481241463,0.5043848185558379
2,26225,pre,2016,True,False,432,345,87,"[0.1, 0.01]","[0.5369650532769841, 0.6383138177705335]",0.6455318701384267,0.807904380782208,0.652709488487083,0.8117541681387093,0.9011054862973473,0.8119910974351788,0.7285931020877077,0.8541727300544352,0.729611052768647,-0.517960027916158,-0.2627578790978813,0.0690417030280168,0.20401244470703417,0.46597238636025634,0.217130264850272
9,107473,pre_ndvi,2016,False,False,432,345,87,"[0.01, 0.1]","[0.3877818895147815, 0.41206230822313755]",0.4376015166685452,0.662028352567088,0.4382815396026926,0.5131423734636791,0.7170793455815238,0.5142027878596264,0.5297368359483914,0.7297831176346257,0.5325833987845139,-0.06278925798051671,0.1855161459560167,0.03441624041037409,0.17031771228195713,0.4169346407611834,0.17383449466665707
6,234053,tmp,2016,True,False,432,345,87,"[0.01, 0.1]","[0.7432419534588736, 0.783112000969791]",0.7848970681386667,0.8862584153581315,0.7854539787931064,0.8773461929349133,0.937491025973439,0.8788894237807313,0.7863011714967352,0.8928961440003323,0.7972635239706622,0.06258927667479186,0.3850928555685637,0.14829650740995068,0.2997460526430141,0.5565633277392343,0.30976273778417035
0,670487,tmp,2016,True,False,432,345,87,"[0.001, 0.1]","[0.7154812736462355, 0.7588827927495236]",0.7833418030379388,0.8853173090740681,0.783786737746149,0.8774671241590661,0.9371006127145399,0.8781575583499661,0.8046702284975188,0.9028346126505115,0.815110337799799,-0.019378132469411335,0.3416084711940357,0.11669634759152632,0.4341172945443381,0.6754756711468253,0.456267382311254
4,288389,ndvi,2016,True,False,432,345,87,"[0.01, 0.1]","[0.6134590994931827, 0.7272521886637009]",0.7310237821068679,0.8553193345757869,0.7315711640991669,0.8649296658041696,0.932060102675467,0.8687360349994021,0.8158828455299895,0.9141233399885955,0.8356214807119053,-0.11537279765411745,0.2003239068072513,0.0401296676385203,0.4849115931991883,0.7286515761642233,0.5309331194466068
9,107473,tmp,2016,True,False,432,345,87,"[0.01, 0.1]","[0.7023966934678774, 0.7381021394702345]",0.7619696778723953,0.8729874964308554,0.7621071689246127,0.8673029823769944,0.9319849927228167,0.8685960266605486,0.8212990659447571,0.910440427898044,0.8289017727511735,-0.0520478979590655,0.28522856360904963,0.08135533349848167,0.4717928332532727,0.7298713767381064,0.5327122265815789
1,116739,tmp_ndvi,2016,False,False,432,345,87,"[0.01, 0.01]","[0.6347588722699677, 0.6486859265812219]",0.6626828470613874,0.8141675764100096,0.6628688424773488,0.7160228605202599,0.8465095490623795,0.7165784166537931,0.6740876304817791,0.8254786012706616,0.681414921155768,0.34558618484284875,0.5944271336779255,0.35334361725255437,0.38949898397776606,0.6241907345746356,0.3896140731288232
3,777572,pre_ndvi,2016,False,True,432,345,87,"[0.1, 0.01]","[0.42286673412555764, 0.4933079001064182]",0.5237129684874512,0.7241046743462574,0.5243275794100994,0.5731427217271229,0.7572827076890244,0.5734770993648204,0.19328159750610452,0.48279678921675195,0.2330927396780048,,,,,,
7,146316,pre_ndvi,2016,False,False,432,345,87,"[0.01, 0.01]","[0.41617613427132366, 0.45287622356813584]",0.4628989151862708,0.6820276281912442,0.465161685616174,0.5341422313336119,0.731180345694372,0.5346246979297413,0.5770541617786313,0.7612328376372766,0.5794754330973002,0.1468152054629257,0.44143351957450955,0.19486355220393892,-0.42323508595612336,0.05245375466915781,0.0027513963788921947
6,234053,pre,2016,True,False,432,345,87,"[0.1, 0.01]","[0.5443174086867568, 0.6838726623336933]",0.6877112232586269,0.8334585782879327,0.694653201721742,0.8276875620799586,0.9099379423113828,0.8279870588578734,0.6452914750462475,0.8332342799092414,0.694279365215872,-0.41624784613760535,-0.17434075630368076,0.030394699308539403,-0.0011795499763918027,0.20919231646454234,0.04376142526780123
5,256787,pre,2016,True,False,432,345,87,"[0.1, 0.01]","[0.5271249420518764, 0.6490456517267786]",0.6505607631835553,0.812076836399642,0.659468788216851,0.8004439451102292,0.8948368834404281,0.8007330479653784,0.8010811615494936,0.8980550750678844,0.8065029178551835,-0.4259699112693647,-0.22647144335491406,0.05128931465525805,-0.06866330384576624,0.24773881111094337,0.061374518530663676
5,256787,pre_tmp,2016,False,False,432,345,87,"[0.01, 0.01]","[0.5234108893064022, 0.6827756577813956]",0.6842293279103111,0.8273367863153542,0.6844861579906181,0.7414218656551094,0.8614211896033737,0.7420464658976914,0.6277433604666071,0.8042260776993758,0.6467795840517224,0.26146405192401856,0.5529652638901299,0.305770583069081,-0.172551386366794,0.3769938969073574,0.14212439830539522
5,256787,ndvi,2016,True,False,432,345,87,"[0.01, 0.01]","[0.6265042905870895, 0.7848327228056622]",0.7884899725766494,0.8885186611038703,0.7894654111298144,0.8824799548983708,0.9395960984659043,0.8828408282523493,0.8375669062829223,0.9175631210014389,0.8419220810219011,0.1410170720549183,0.4310008870815515,0.1857617646650843,0.14929765945976126,0.4342294699344181,0.1885552325595257
6,234053,pre_ndvi,2016,False,True,432,345,87,"[0.1, 1.0000000000000003e-09]","[0.40011487645647453, 0.47800872664634825]",0.4943880074843885,0.7044953958185618,0.4963137627295521,0.553806782250148,0.7442097692715977,0.5538481806792847,0.38061317404322903,0.6546209556081798,0.4285285955213665,,,,,,
0,670487,pre_tmp,2016,False,False,432,345,87,"[0.01, 0.001]","[0.48779859282373605, 0.6389683563787656]",0.670708520702453,0.819054969656618,0.6708510433192033,0.7142518902432748,0.8451623458668751,0.7142993908711994,0.7747138414515808,0.8808185234157232,0.7758412711922549,0.21525402901266288,0.5295468476300423,0.2804198638349153,0.40725485253489146,0.6453303309547819,0.4164512360502083
8,772246,tmp_ndvi,2016,False,True,432,345,87,"[0.01, 0.1]","[0.5091598041900032, 0.525178643384843]",0.5294556616119934,0.7277106024396319,0.529562720903052,0.5795385003544622,0.7615785105981365,0.580001827804876,0.5869552445879771,0.7679599131877265,0.5897624282633004,,,,,,
4,288389,tmp_ndvi,2016,False,False,432,345,87,"[0.001, 0.01]","[0.6575227735905169, 0.6632008363475694]",0.6694636033386159,0.818807224300928,0.6704452705673902,0.7225374022985847,0.8500644620456181,0.7226095896329061,0.657334443587008,0.8195610821525822,0.6716803673791115,0.33374367543613526,0.5917406962311027,0.3501570515760702,0.405607940460033,0.6542223048977535,0.4280068242257291
8,772246,pre_ndvi,2016,False,False,432,345,87,"[0.001, 0.01]","[0.4318858393851558, 0.4863487924409068]",0.5058287619998308,0.7120396976726883,0.5070005310618133,0.5675522889129243,0.7534964789492395,0.5677569437889018,0.4564580954286014,0.6968756627176325,0.48563568928813944,0.1292955487820271,0.43438947730289784,0.1886942179914848,0.09989496830189226,0.3799463454072432,0.14435922538832016
8,772246,tmp_ndvi,2016,False,False,432,345,87,"[0.01, 0.001]","[0.6432634188075644, 0.659255128671332]",0.676086824889617,0.8223272612896968,0.6762221246602133,0.7204470718017943,0.8489835132133173,0.7207730057080269,0.6839932531876276,0.8291586187945421,0.6875040151212728,0.3447549113638826,0.6035340990517468,0.3642534087182037,0.397878429306885,0.63218011331696,0.3996516956734444
2,26225,ndvi,2016,True,False,432,345,87,"[0.01, 0.1]","[0.6056771638854584, 0.7468894855338158]",0.7574970862677973,0.8705865924274208,0.757921014914388,0.8691796069477151,0.9344071053004988,0.8731166384360574,0.8026121393340663,0.8983401819260899,0.8070150824630002,-0.011332435614509917,0.284830725295249,0.08112854207221759,0.3890738524410282,0.6271263954924478,0.39328751592335
1,116739,tmp,2016,True,False,432,345,87,"[0.001, 0.1]","[0.7303813994049212, 0.7711451621673605]",0.7877812889750853,0.8880011336046605,0.7885460132831621,0.8803009449965687,0.9386437030160344,0.8810520012116534,0.8058531045111138,0.9001068702162268,0.8101923778104514,0.058737621799379025,0.3995409498786851,0.15963297062996196,0.36310469254775235,0.6052741947084956,0.3663568507800179
1,116739,pre,2016,True,False,432,345,87,"[0.1, 0.01]","[0.5527845113525706, 0.6736722367237157]",0.6882565984915062,0.8331581604760585,0.6941525203678497,0.8233624265698642,0.9075238151929239,0.8235994751423203,0.6805247600728863,0.8317607841384135,0.6918260020305484,-0.42028423221539857,-0.24050595361230828,0.057843113722965786,0.06641229007764882,0.2919715727372739,0.08524739928667724
3,777572,tmp_ndvi,2016,False,True,432,345,87,"[0.1, 0.1]","[0.5286727837761036, 0.5484661471696172]",0.5741436376626068,0.757759715207135,0.5741997859907984,0.6151726458648576,0.7854112043344771,0.6168707598941338,0.33702068998819334,0.5956435379562672,0.3547912243090592,,,,,,
9,107473,pre_tmp,2016,True,False,432,345,87,"[0.1, 0.01, 0.1]","[0.6152233707834935, 0.7251249968453131, 0.7396328719645352]",0.7613240985787317,0.8726700956137824,0.7615530957785681,0.8749192106746083,0.9359880072432558,0.8760735497032011,0.8179402786418618,0.9067222999761915,0.8221453292741145,-0.056522362555605055,0.295063751608132,0.0870626175130654,0.45816804053038984,0.7042880624582479,0.4960216749211929
7,146316,pre_tmp,2016,False,False,432,345,87,"[0.1, 0.001]","[0.5130571545970796, 0.6775679079629112]",0.6845889701647527,0.827633213099302,0.6849767354250748,0.7260052738459379,0.8522364915868662,0.7263070375922906,0.6961338402108088,0.8347631459651379,0.6968295098616141,0.32228075822543245,0.5882333513213464,0.3460184756067425,0.08063496545715743,0.45932710452259096,0.2109813889491072
2,26225,tmp_ndvi,2016,False,False,432,345,87,"[0.01, 0.01]","[0.6297038537579882, 0.640015954132015]",0.6537975814378332,0.8087994241805981,0.6541565085548671,0.7110504591212474,0.843584549345956,0.7116348918952196,0.7072767816667109,0.8437646265196347,0.7119387449658187,0.3371262702198454,0.5906217860024046,0.3488340941006702,0.37369296288841003,0.6148383904452593,0.3780262463653172
2,26225,tmp_ndvi,2016,False,True,432,345,87,"[0.1, 0.1]","[0.45188965722172847, 0.45198936644832094]",0.5223383679866203,0.7227366187306353,0.5223482200541917,0.5762258390166534,0.7602433119657339,0.5779698933886283,0.5817029186883123,0.767975523296606,0.5897864043826958,,,,,,
9,107473,pre_ndvi,2016,True,False,432,345,87,"[0.1, 0.01, 0.01]","[0.6087360420412871, 0.6387395169814475, 0.7595797722292372]",0.7806004138296487,0.8839879146404012,0.7814346332302852,0.8922309509768406,0.9447291044251367,0.8925130807479208,0.8386310331088294,0.9174666665185781,0.8417450841727118,0.023303988048754887,0.3565240682011428,0.1271094112066931,0.5677507595183211,0.760864585614607,0.5789149176424876
7,146316,tmp,2016,True,False,432,345,87,"[0.001, 0.1]","[0.7397110778045219, 0.7697363991384865]",0.7743790459042067,0.8813659526509399,0.7768059424922987,0.8756917434406912,0.9361495569423883,0.8763759929634299,0.8152841356714128,0.9066265225293431,0.8219716513536494,0.0659331337290936,0.4193792701966217,0.17587897227065102,0.19829501967436902,0.5122129953088986,0.2623621525633138
4,288389,pre,2016,True,False,432,345,87,"[0.1, 1.0000000000000003e-09]","[0.5384756177202566, 0.6244354996318388]",0.630336267688477,0.8025836287305289,0.6441404811062634,0.8246958388736314,0.9081391257660966,0.8247166717472102,0.6710461051079313,0.8223658938727924,0.6762856634051968,-0.595280306412636,-0.23174423371387418,0.053705389859630734,-0.11184158129888577,0.14783134074020007,0.021854105305045137
4,288389,tmp_ndvi,2016,False,True,432,345,87,"[0.1, 1.0]","[0.4857114725206627, 0.4857114725206627]",0.4858223557947734,0.6971817328075208,0.48606236856049734,0.5387973060782435,0.7371560057706357,0.5433989768437174,0.552942776993159,0.7556465560619418,0.5710017176882732,,,,,,
7,146316,ndvi,2016,True,False,432,345,87,"[0.001, 0.01]","[0.6378949066090257, 0.8039075852270408]",0.8093662454459694,0.900374176299016,0.8106736573461315,0.8976668778734564,0.9476233713076384,0.8979900538484543,0.7976170469622313,0.9009206442085873,0.8116580071612159,0.1943841758237499,0.5017987527120528,0.2518019882233719,0.10605425684627223,0.39271686528000765,0.15422653627535568
6,234053,ndvi,2016,True,False,432,345,87,"[0.01, 0.01]","[0.6207660238846161, 0.8149991071286218]",0.8161583604283209,0.9045078181215537,0.8181343930430136,0.8950480578919374,0.9462367477320288,0.8953639827584872,0.764575311922765,0.8899076809095333,0.7919356805417838,0.16454352852450227,0.46173802935550384,0.21320200775310413,0.3195560017385227,0.5972603636824536,0.35671994202609675
6,234053,pre_tmp,2016,True,False,432,345,87,"[0.1, 0.01, 0.1]","[0.6400489379183725, 0.759913824262757, 0.7935173029463998]",0.7949339902853313,0.8919163426896457,0.7955147623568735,0.8849574297960545,0.9414514933447238,0.8863309143210105,0.7819226055110571,0.8906951431531077,0.793337838036535,0.09345757974461155,0.41658166646338807,0.1735402848334135,0.3058744010917316,0.566279030447441,0.3206719403244938
0,670487,tmp_ndvi,2016,False,True,432,345,87,"[0.1, 0.1]","[0.43830383685240254, 0.4499865621684457]",0.48462853066905687,0.6962074788645155,0.4847048536268848,0.549487192982139,0.7426621993373038,0.5515471423245212,0.6559158004041925,0.8190555099154766,0.6708519283229014,,,,,,
1,116739,ndvi,2016,True,False,432,345,87,"[0.01, 0.001]","[0.6259571187868087, 0.7910408727424393]",0.8059578381931212,0.8988865870881222,0.8079970964469323,0.8954822653108775,0.9463992926528377,0.8956716211337916,0.7686898735248981,0.8810824467952735,0.7763062780507459,0.1187788854090851,0.42424644718893767,0.17998504795243608,0.38300389938597534,0.6191721014738136,0.3833740912434986
9,107473,tmp_ndvi,2016,False,True,432,345,87,"[0.1, 0.1]","[0.4780595010552899, 0.48386947434143346]",0.49169810650307055,0.7015041119428963,0.4921080190727916,0.5520446092317536,0.7440777317372063,0.5536516708671859,0.6321687531080905,0.8045448561926429,0.6472924256260405,,,,,,
4,288389,pre_ndvi,2016,True,False,432,345,87,"[0.1, 0.01, 0.01]","[0.6180341369168908, 0.6484394297369607, 0.7330292752405937]",0.7389669022475586,0.8620602424576247,0.7431478616260987,0.8908406228774618,0.9439962283233536,0.8911288790887172,0.8403582608107661,0.9194485161313918,0.8453855738162183,-0.09908663663185235,0.290544369178106,0.08441603046110355,0.4821420479168702,0.6969623138702753,0.48575646695540814
6,234053,tmp_ndvi,2016,False,False,432,345,87,"[0.01, 0.01]","[0.6486004671634162, 0.6608963333742156]",0.6665831257181323,0.8165257401452047,0.6667142843196744,0.7174891894749236,0.8473780696373542,0.7180495929023287,0.6818949782901205,0.8266888679195754,0.6834144843421492,0.375541720995895,0.6191420038170543,0.3833368208905973,0.28479011617716876,0.5599798903218581,0.31357747756488025
4,288389,pre_ndvi,2016,False,True,432,345,87,"[1.0, 0.1]","[0.367241816262647, 0.38257138249599193]",0.3853243364907729,0.6216118883999933,0.3864013398002057,0.4804158390180253,0.696168346078627,0.48465036608185097,0.5275045811303158,0.7402444270903225,0.5479618118382797,,,,,,
7,146316,tmp_ndvi,2016,False,True,432,345,87,"[0.1, 0.1]","[0.5489715592465629, 0.5652216589427166]",0.5778623893568058,0.7601873147249026,0.5778847534686582,0.6236903419222675,0.7906208245319584,0.6250812881835937,0.28764104886953556,0.5709237886752233,0.325953972475271,,,,,,
5,256787,tmp_ndvi,2016,False,False,432,345,87,"[0.001, 0.01]","[0.663675603996612, 0.6667058646195372]",0.6691317308013193,0.8183247381561152,0.6696553770782745,0.7188918880715516,0.8479180720018972,0.7189650568274145,0.660837822564771,0.825386415418191,0.6812627347568906,0.36519905618889437,0.6156334365507988,0.37900452819934644,0.02298199243067478,0.4241490774330111,0.17990243988727445
7,146316,pre_tmp,2016,True,False,432,345,87,"[0.1, 0.01, 0.1]","[0.6270578791113811, 0.7585333069515697, 0.7766253170179895]",0.7809120757259542,0.8842791448838268,0.7819496060764719,0.8802917174208496,0.9390159316680997,0.8817509199265093,0.8153609924450158,0.9063062640985398,0.8213910443442521,0.08819076238641277,0.41672779387190684,0.17366205418534647,0.19350264292242092,0.4942504323958446,0.24428348992347934
0,670487,pre_ndvi,2016,True,False,432,345,87,"[0.1, 0.01, 0.0001]","[0.5985726519249377, 0.6230535150524912, 0.7685958109906497]",0.7958021900146172,0.8933548173016169,0.7980828295960053,0.895191921020064,0.9461905201951266,0.8952765005071243,0.8314441443788887,0.9148675012794929,0.836982544897383,0.026180544882181245,0.3700358035418455,0.1369264959028593,0.5803873199248424,0.7680512923236668,0.5899027876400547
8,772246,ndvi,2016,True,False,432,345,87,"[0.001, 0.01]","[0.5966860137288421, 0.7630441937785754]",0.7773566079392906,0.8830094374484472,0.7797056666230231,0.8905928083013878,0.9438759138171748,0.8909017406842069,0.8129030396036836,0.9050281179269001,0.819075894238307,0.06966463492871677,0.3928311084995875,0.1543162798050147,0.3420563805937854,0.592629924501114,0.35121022741419605
1,116739,pre_ndvi,2016,False,False,432,345,87,"[0.01, 0.01]","[0.43630999186687697, 0.48408515105114713]",0.494383253992283,0.7036051152651213,0.4950601582272446,0.5586293871347257,0.7478657731449335,0.5593032146416692,0.479969346243596,0.7322854441846132,0.5362419717646562,0.15374773352752757,0.4401975207833022,0.19377385730376578,0.029887448788067483,0.33168975097294656,0.1100180909004953
0,670487,ndvi,2016,True,False,432,345,87,"[0.01, 0.01]","[0.5772703434955894, 0.759071372845533]",0.7885421043668982,0.8888124509053594,0.7899875728843919,0.8860603657767567,0.9414481171188597,0.8863245572266462,0.8116590687267449,0.9038997148383687,0.8170346944848843,-0.01114813229444156,0.31452976693793877,0.09892897429003408,0.5197940041457988,0.7271011769929381,0.5286761215845158
6,234053,tmp_ndvi,2016,False,True,432,345,87,"[0.01, 0.1]","[0.5216106817587326, 0.5318086440499451]",0.5464412158567774,0.7397115599246807,0.5471731918862045,0.6036956364911621,0.7773091586356345,0.6042095280988381,0.46404975027785733,0.7003114706410248,0.490436155911395,,,,,,
5,256787,tmp,2016,True,False,432,345,87,"[0.001, 1.0000000000000003e-09]","[0.7441718745804407, 0.7832964778865146]",0.7877864616322405,0.8896131857351022,0.7914116202337574,0.8825149588181616,0.9394340935847258,0.8825364161893554,0.835621000178637,0.9169824922757773,0.840856891140296,0.13403581564734723,0.4641961604424241,0.21547807536948876,0.061350550897536715,0.4728057140674333,0.2235452432548155
6,234053,pre_ndvi,2016,False,False,432,345,87,"[0.1, 0.01]","[0.399546829883301, 0.43864908289830595]",0.44350788817562503,0.6664526184293226,0.4441590926113002,0.5204644026548659,0.7234477197969796,0.5233766032794491,0.5651567763562707,0.7621622730355765,0.5808913304387566,0.10702567297139343,0.3924564203144922,0.15402204184606536,0.10737864465349078,0.39520405204626236,0.15618624275378484
2,26225,tmp,2016,True,False,432,345,87,"[0.01, 0.001]","[0.7317272728633787, 0.7662455072627452]",0.7799620096381765,0.8843389198563758,0.7820553251727415,0.8814207184064501,0.9388777031113573,0.881491341399658,0.8087029366651636,0.9002075131022355,0.8103735666457115,0.03774129783717994,0.3685970416449643,0.13586377910941955,0.447486428860696,0.6703258223487378,0.44933670810751164
7,146316,tmp_ndvi,2016,False,False,432,345,87,"[0.001, 0.01]","[0.6514840859956618, 0.665589454240021]",0.6711428305710962,0.8196410781947017,0.6718114970641731,0.7116547423398152,0.8436353077598909,0.7117205324991259,0.7045599829528417,0.8394182252654703,0.7046229569078318,0.422888671446055,0.6542980319538618,0.4281059146186968,0.0004968621171028698,0.3921509036179211,0.15378233120835205
5,256787,tmp_ndvi,2016,False,True,432,345,87,"[0.01, 0.1]","[0.49711476905961705, 0.49939943069120235]",0.5546280174571685,0.7448947326647801,0.5548681627517342,0.6170839588947361,0.7857930159430281,0.61747066390484,0.29152686864320143,0.5832088993724444,0.3401326203072179,,,,,,
3,777572,tmp,2016,True,False,432,345,87,"[0.001, 0.001]","[0.7430183714778785, 0.78295836282475]",0.7923456469874658,0.8919015856592324,0.795488438501453,0.8868982967183231,0.9417583451845088,0.8869087807246645,0.817826806525922,0.9061142332633637,0.8210430037224535,0.12337249842804554,0.458438373531011,0.2101657423257588,0.16750112709739762,0.48515363197364547,0.23537404661721945
4,288389,tmp_ndvi,2016,True,False,432,345,87,"[0.001, 0.1, 0.1]","[0.7626643620273172, 0.7628489891539753, 0.7843011289263663]",0.7890400808460413,0.8884554835866284,0.7893531463151497,0.8920579123637792,0.9448541712486963,0.8927494049260607,0.8159413952586433,0.9058265358636943,0.8205217130748207,0.10291703891242387,0.4397773177640862,0.19340408921977403,0.41837463461815527,0.6536420508733184,0.42724793066987776
0,670487,tmp_ndvi,2016,True,False,432,345,87,"[0.001, 1.0, 0.1]","[0.7297324021464761, 0.7297324021464761, 0.7712929173294307]",0.7947299112693672,0.8916929217419359,0.7951162666846703,0.8854724849999285,0.9413705693705277,0.8861785488769914,0.8224410466087688,0.9119560694610583,0.8316638726268627,0.03688977008523253,0.3830547941054342,0.1467309752871566,0.4790315309927219,0.7067311941643,0.4994689808048975
7,146316,pre_ndvi,2016,False,True,432,345,87,"[0.1, 0.01]","[0.4496753907298924, 0.5196689178545155]",0.5317172748172558,0.7296074848735139,0.5323270819834548,0.5933949153738858,0.7705747379006282,0.593785426690622,0.11882731338889319,0.4443248952957794,0.19742461257960534,,,,,,
8,772246,tmp_ndvi,2016,True,False,432,345,87,"[0.01, 0.01, 0.01]","[0.7570446568111056, 0.7675836049140446, 0.813427785056555]",0.826396962541614,0.9093929105309763,0.8269954657240002,0.912156841583002,0.955277118325457,0.9125543727961892,0.8378392153418389,0.9191886477816387,0.8449077702106373,0.23544600965463514,0.5245258388954239,0.2751273556689482,0.4592923315706542,0.6798453914949649,0.46218975633694215
5,256787,pre_ndvi,2016,False,True,432,345,87,"[1.0, 0.001]","[0.35096789940254924, 0.4169397564010285]",0.4789021685166145,0.6929367748030962,0.4801613738745169,0.5548814531276272,0.7450510534118983,0.5551010721901792,0.19924175135673938,0.49978121396907843,0.24978126183640575,,,,,,
1,116739,pre_tmp,2016,True,False,432,345,87,"[0.1, 0.001, 0.1]","[0.6366551600938755, 0.7540342214693383, 0.7765196587453591]",0.7931582571633344,0.8909666283774893,0.7938215328823511,0.8888320295814377,0.943164630218545,0.8895595196952848,0.7998170235670222,0.8966960181807124,0.8040637490211445,0.0850076380598137,0.42519944150750283,0.1807945650582923,0.34732257924028875,0.6007853413646047,0.3609430263985846
6,234053,tmp_ndvi,2016,True,False,432,345,87,"[0.01, 0.01, 0.01]","[0.7660946535782432, 0.778503244067254, 0.8377800162924555]",0.8399343159420911,0.9176946484001202,0.8421634677022202,0.9167767012994149,0.9576023477426231,0.9170022564021837,0.81288139944855,0.9106954167430116,0.8293661420767275,0.26341632286734473,0.5620198315241779,0.3158662910264653,0.4683552679570121,0.7023455049384019,0.4932892083071787
1,116739,tmp_ndvi,2016,False,True,432,345,87,"[0.1, 0.1]","[0.48841050776080197, 0.49958820325782494]",0.5189272363974589,0.7208415368443283,0.519612521240093,0.5995108654738683,0.7752262218785857,0.6009756950881462,0.48940585819454596,0.7006697716931385,0.49093812896451483,,,,,,
4,288389,pre_tmp,2016,True,False,432,345,87,"[0.1, 0.01, 0.1]","[0.626364956516006, 0.7524512964888571, 0.7619272675059241]",0.7659791162508753,0.8753484568653342,0.7662349209365219,0.8807463638318458,0.9391053969289036,0.8819189465409936,0.7802175912238203,0.8859499932080047,0.7849073904652636,0.0016453537350019642,0.3417764703853508,0.11681115570906858,0.2901926018489108,0.5585082130628302,0.31193142405863566
3,777572,pre_tmp,2016,True,False,432,345,87,"[0.1, 0.001, 0.1]","[0.6235314692763338, 0.765574837817416, 0.7878250147507982]",0.7971585841478203,0.8931570685264577,0.7977295490587755,0.8851526883625417,0.941162823734716,0.8857874607803042,0.7957015796675333,0.8932213285197635,0.7978443417226113,0.1555817436726662,0.47728743333480234,0.2278032940193234,0.07696443663884134,0.44251448965509627,0.1958190735547103
8,772246,pre_ndvi,2016,False,True,432,345,87,"[0.1, 0.001]","[0.38137926679464407, 0.4324224723400887]",0.448702494502489,0.6712012330512341,0.4505110952494971,0.5207031921900172,0.7216716657724063,0.5208099931787197,0.5377470958718078,0.7436782019239998,0.5530572680169135,,,,,,
7,146316,pre_ndvi,2016,True,False,432,345,87,"[0.1, 0.01, 0.01]","[0.6185573632727707, 0.6867510541407299, 0.8110079004886479]",0.8147656726270497,0.9032904261786138,0.8159335940259417,0.9037944685906292,0.9509059903893015,0.9042222025582582,0.7986634328095401,0.9026762254667755,0.8148243680229449,0.21876764753739686,0.518786973189322,0.2691399235509383,0.10142232431486731,0.39521359537012846,0.1561937859653836
2,26225,tmp_ndvi,2016,True,False,432,345,87,"[0.01, 0.1, 0.1]","[0.7520506429116878, 0.7553245459164718, 0.7929745331708431]",0.8028626891646613,0.8961176171131453,0.8030267837005417,0.8908113304063916,0.9446007581350314,0.8922705922692761,0.8383466266976762,0.9162296709856623,0.839476809994495,0.14726548360072,0.448730270583297,0.20135885573775894,0.4774151409298927,0.6929771191516476,0.4802172876677168
3,777572,pre,2016,True,False,432,345,87,"[0.1, 1.0000000000000002e-08]","[0.5208872833912123, 0.6631787533311707]",0.6705552186574372,0.8222221991865968,0.6760493448352436,0.8160503673897453,0.9033785251293536,0.8160927596648861,0.7196701088512952,0.8561859336445555,0.7330543529707992,-0.39328498804114864,-0.12308704432326915,0.015150420480238425,-0.22004602721920152,-0.011128963754087416,0.00012385383423979147
0,670487,pre_tmp,2016,True,False,432,345,87,"[0.1, 0.001, 0.1]","[0.6298360053974752, 0.7363529780281763, 0.7636652356921325]",0.7868604121992806,0.8873463406935224,0.7873835283421846,0.8825534107344751,0.9397777552722711,0.8831822293045888,0.8092351414093937,0.9050707213508845,0.8191530106466104,-0.0033846128060905922,0.35714182749383083,0.12755028494563322,0.44252114854077973,0.6788299198206148,0.4608100600436623
2,26225,pre_tmp,2016,True,False,432,345,87,"[0.1, 0.01, 0.1]","[0.6280199378030765, 0.7555942346992507, 0.7703154992773635]",0.7828143743644015,0.8848594285126892,0.7829762082278029,0.8789256566348,0.9382388930316364,0.8802922203972305,0.8074649906783948,0.899026788720099,0.8082491668363735,0.05407158373712173,0.3752344968357755,0.1408009276155976,0.41485258563387806,0.6487417382223708,0.4208658429117831
5,256787,pre_ndvi,2016,False,False,432,345,87,"[0.01, 0.001]","[0.42366445162694627, 0.4777094014160479]",0.4800777505787468,0.6941127599251913,0.48179252349096624,0.5545797648448247,0.7448294087429912,0.5547708481284338,0.5095906512912245,0.7232828427695138,0.5231380706447493,0.13421142564711463,0.43769284322111424,0.1915750250069829,-0.5904897669675546,0.08081442559039136,0.0065309713835049014
2,26225,pre_ndvi,2016,True,False,432,345,87,"[0.1, 0.01, 0.01]","[0.6092992708883992, 0.649041735374095, 0.74864791566694]",0.7597027272508805,0.8737593553406078,0.7634554110452345,0.8926584429025277,0.9449700390457701,0.8929683746941643,0.8360222858588423,0.9146391007522697,0.8365646846249206,0.0017794450155785846,0.3601368698630301,0.1296985650347411,0.46791617584490264,0.6844707984885449,0.4685002739835462
5,256787,pre_tmp,2016,True,False,432,345,87,"[0.1, 0.01, 0.1]","[0.6287488550142072, 0.7607189416602709, 0.777616811906753]",0.7802838235546614,0.8835575750869616,0.7806739884935519,0.8755362895713809,0.936388171393909,0.8768228075264286,0.8258152336589041,0.9111396480339296,0.830175458219393,0.1145011374490329,0.42990967218496573,0.1848223262381847,0.02935460048605154,0.4381152393104739,0.19194496291607382
0,670487,pre,2016,True,False,432,345,87,"[0.1, 1.0000000000000003e-09]","[0.5386084934167069, 0.675222853887668]",0.7025001972686964,0.8406749965749715,0.7067344498663283,0.8291358756477665,0.9105789263644085,0.8291539811389589,0.6481275393198418,0.8193057956274017,0.6712619867486497,-0.4349469494210423,-0.22027237533338295,0.048519919335010736,0.12326563412304237,0.36058702633593953,0.13002300356179555
3,777572,pre_ndvi,2016,True,False,432,345,87,"[0.1, 0.01, 0.01]","[0.6115126430350935, 0.6669698754648143, 0.7905162185882811]",0.797148676380584,0.8938031971851562,0.7988841552984073,0.8997993766764774,0.9487472557953337,0.9001213553791764,0.7926540335078929,0.894773514231928,0.8006196417709542,0.15429454180046764,0.47600491554821217,0.2265806796260606,0.09259866264807659,0.37419867456127587,0.14002464804341563
3,777572,ndvi,2016,True,False,432,345,87,"[0.0001, 0.001]","[0.6270209019770201, 0.7831153567408581]",0.7937312186899557,0.8924419657431749,0.7964526622195421,0.8966513680718993,0.9469631066538181,0.8967391253634505,0.7986567497718067,0.8991885338736882,0.8085400194499129,0.14065988625864367,0.4765103312854333,0.22706209582175338,0.095344116943058,0.3706485620233237,0.13738035652995764
8,772246,pre_tmp,2016,True,False,432,345,87,"[0.1, 0.01, 0.1]","[0.6195518766330848, 0.7536822236585359, 0.7781415799689063]",0.7906236052028432,0.8892084620676594,0.790691689012732,0.8812837239625206,0.9394485298130095,0.882563540167825,0.7970344844896523,0.8964660706851612,0.8036514158896924,0.05530213917618365,0.37203136733890513,0.13840733828405535,0.3747173858588644,0.6127626622867366,0.3754780802927292
4,288389,pre_tmp_ndvi,2016,False,True,432,345,87,"[1.0, 0.1, 1.0]","[0.46279483142557315, 0.4839481026075725, 0.4839481026075725]",0.4833355623907306,0.6953460171884409,0.48350608361982755,0.5510223012195751,0.7458106156620258,0.5562334744341699,0.5423111950121144,0.7477232093176522,0.5590899977522896,,,,,,
9,107473,tmp_ndvi,2016,True,False,432,345,87,"[0.01, 0.1, 0.01]","[0.7267555029865393, 0.7291660063850927, 0.7787616161991608]",0.8006482947791798,0.8951083231868642,0.8012189102383996,0.8976649201119506,0.9475833971856189,0.8979142946218384,0.8579881629051732,0.9275113095951877,0.8602772294269802,0.10374773356084566,0.42108696898957076,0.17731423545282374,0.6026067818079919,0.8023251871673871,0.6437257059631828
6,234053,pre_tmp_ndvi,2016,False,True,432,345,87,"[1.0, 0.1, 0.1]","[0.4974005003752411, 0.5245756474026828, 0.5325385910064165]",0.5483448306065148,0.7405165859727202,0.548364814100693,0.6025900505809283,0.7774930189148556,0.6044953944613359,0.45769981931618064,0.6999319957894046,0.4899047987297391,,,,,,
1,116739,pre_ndvi,2016,True,False,432,345,87,"[0.01, 0.01, 0.001]","[0.6283424179393486, 0.6949989514980758, 0.8068161891944767]",0.8209006637435281,0.9070589600784228,0.8227559570585498,0.9105927514548708,0.9543297475865673,0.9107452671286412,0.7658782242528862,0.8810194357933409,0.7761952462456166,0.19035058876893884,0.4963879157055804,0.2464009628585304,0.3923118756034374,0.631411542560104,0.39868053607813003
6,234053,pre_ndvi,2016,True,False,432,345,87,"[0.1, 0.01, 0.01]","[0.6182251062577615, 0.6697401087062709, 0.8200864732282444]",0.8211427385840381,0.9076686229091616,0.8238623290138138,0.9041904799273426,0.951074599215772,0.9045428932734413,0.7770863484396433,0.8957320347805838,0.802335878132165,0.19660157802761646,0.49592673627217587,0.24594332774957228,0.3547460768862286,0.6280797114282031,0.39448412390773485
9,107473,tmp_ndvi,2016,False,False,432,345,87,"[0.01, 0.1]","[0.6233458446692121, 0.6262621861026064]",0.6487867819955393,0.8055128437944387,0.6488509415178038,0.6983103609382092,0.8359551336731732,0.6988209855145329,0.6734523859126749,0.8229520016107268,0.6772499969551017,0.26294544746207216,0.5206241277394458,0.27104948238445875,0.49023892558923676,0.7403536511919412,0.5481235288332386
5,256787,pre_tmp_ndvi,2016,False,True,432,345,87,"[1.0, 0.01, 0.1]","[0.4654765234247516, 0.495232479397559, 0.49803504406105004]",0.5528095063366368,0.7437217055503923,0.5531219753067844,0.6217063694637321,0.7887885606215882,0.622187393367477,0.29095785551374886,0.5834338522530331,0.34039505995481406,,,,,,
1,116739,tmp_ndvi,2016,True,False,432,345,87,"[0.001, 0.01, 0.0001]","[0.748642877723607, 0.7536643758072241, 0.8192213025438463]",0.8372501791547502,0.9159528978741885,0.8389697111241237,0.9224387082609282,0.9605165861090096,0.9225921121905064,0.8088370278801519,0.9003537961835013,0.8106369583020419,0.27496518788690294,0.5678400020703097,0.32244226795120934,0.4609176556474198,0.6824235161264443,0.4657018553623793
3,777572,pre_tmp_ndvi,2016,False,True,432,345,87,"[0.1, 0.1, 0.1]","[0.5094269008727932, 0.5350994670259615, 0.5514439592392761]",0.575682174430722,0.758741031074978,0.5756879522367208,0.6276454597434462,0.7932305892274055,0.629214767686057,0.3164268447011037,0.5800768764260945,0.33648918256425453,,,,,,
9,107473,ndvi,2016,True,False,432,345,87,"[0.01, 1.0000000000000003e-09]","[0.5931155002965419, 0.7525256020007252]",0.7776751060965108,0.8826519601864703,0.7790744828210183,0.8863040763526987,0.941475561911304,0.8863762336762055,0.8271948097260073,0.9109736280965867,0.8298729510874582,0.007128406957087385,0.34756174085128577,0.12079916370357632,0.5190004345386157,0.7210843473888223,0.5199626360491638
2,26225,pre_tmp_ndvi,2016,False,False,432,345,87,"[0.01, 0.01, 0.1]","[0.5646850640433658, 0.6868368155301934, 0.6985459801188192]",0.7089259003742954,0.8419861109221876,0.7089406109858704,0.7580436247074596,0.8711803039706869,0.7589551220264584,0.7257686345151779,0.8533401076833319,0.7281893393810005,0.3392152809439888,0.601090371925482,0.36130963522151427,0.3795773288551866,0.6297145247907782,0.39654038273247555
6,234053,pre_tmp_ndvi,2016,False,False,432,345,87,"[0.01, 0.01, 0.01]","[0.548933415504129, 0.6907373550080036, 0.7069823754593225]",0.7101486936245289,0.8429894973748543,0.7106312926843095,0.7738246383069821,0.8800650670337017,0.7745145222130339,0.6989474975567324,0.8365385858133398,0.6997968055545826,0.3075265876348202,0.5923215739890859,0.3508448470129082,0.1800407115229714,0.5135315276244724,0.26371462986432426
1,116739,pre_tmp_ndvi,2016,False,True,432,345,87,"[1.0, 0.1, 0.1]","[0.47643761125218137, 0.4895423970004898, 0.5010182138444574]",0.5206465588977349,0.722048421148909,0.5213539224836322,0.6079868311718677,0.7808595257821677,0.6097415990047518,0.48836592918682764,0.7003363210874886,0.49047096263435785,,,,,,
5,256787,pre_ndvi,2016,True,False,432,345,87,"[0.01, 0.01, 0.01]","[0.6225739526099131, 0.6800393495423481, 0.7888260914604499]",0.7920178489775671,0.890761820469287,0.7934566208057583,0.8946243411203331,0.9460374371059513,0.8949868324059969,0.8491646046480694,0.9237099537967031,0.8532400787431074,0.15792606520265962,0.4609007981586844,0.21242954574331233,0.17193088102977316,0.4676956396805829,0.21873921137622965
7,146316,tmp_ndvi,2016,True,False,432,345,87,"[0.001, 0.01, 0.01]","[0.7666927131340904, 0.7838995338144521, 0.823564500438334]",0.8286186007795561,0.9115548317224732,0.8309322112365864,0.9157743454629226,0.9570540893653141,0.9159525299708706,0.8323428786539492,0.9169408769308356,0.8407805717866897,0.2791156446560854,0.5743668482634801,0.32989727638412353,0.2864087037766102,0.5549774313947551,0.30799994935752006
2,26225,pre_tmp_ndvi,2016,False,True,432,345,87,"[1.0, 0.1, 1.0]","[0.41889315236558744, 0.44984535726750235, 0.44984535726750235]",0.5104270507331305,0.7156793682206619,0.5121969580967258,0.5581723816957727,0.7513143405147606,0.5644732382631297,0.5437282393838485,0.7448032531909282,0.55473188596379,,,,,,
8,772246,pre_ndvi,2016,True,False,432,345,87,"[0.1, 0.001, 0.01]","[0.5939513493472429, 0.6493775361306271, 0.7752699196738904]",0.7899972204431854,0.8897357430719893,0.791629692499865,0.8999531988412467,0.94885129059811,0.900318771669699,0.813526487759408,0.9072636276408439,0.8231272900400238,0.10629056436576934,0.43161457251148544,0.18629113920427232,0.3966542282144385,0.636017678583801,0.4045184874711272
4,288389,pre_tmp_ndvi,2016,False,False,432,345,87,"[0.1, 0.001, 0.1]","[0.5737088024456372, 0.6896823070927711, 0.693229898779977]",0.6992112149828431,0.8365126286522372,0.6997533778946756,0.7507932778479671,0.8666258314633533,0.7510403317595483,0.69966711609454,0.8428429729605937,0.7103842770690522,0.31495326509841937,0.5810124638233681,0.33757548311810065,0.4065889023827336,0.6565685563151517,0.43108226914176245
7,146316,pre_tmp_ndvi,2016,False,True,432,345,87,"[1.0, 0.1, 0.1]","[0.5289436208557541, 0.5496982532043097, 0.56510364901515]",0.5776009789795431,0.7600201318956478,0.5776306008866778,0.6320475911857739,0.7960418440028252,0.6336826174034182,0.28120602011087314,0.5655453219169259,0.3198415111421193,,,,,,
5,256787,pre_tmp_ndvi,2016,False,False,432,345,87,"[0.01, 0.01, 0.01]","[0.5717971737468888, 0.6935414374895286, 0.7042720558138057]",0.7047477441272255,0.8396375825486977,0.7049912700282212,0.7695384348542568,0.8776350863630545,0.7702433448154862,0.6987182013725657,0.84648870447638,0.7165431268061002,0.32296882452124853,0.5943862290456003,0.3532949892790489,-0.06687153036246585,0.39329037745818346,0.1546773210012004
0,670487,pre_tmp_ndvi,2016,False,True,432,345,87,"[0.1, 0.1, 0.1]","[0.4119361684087256, 0.4430505533005129, 0.4529524881287553]",0.486247069316771,0.6973322867425993,0.48627231813366273,0.5647101495621518,0.7528759961570645,0.5668222655894921,0.6558309553189756,0.8181221674791378,0.6693238809207624,,,,,,
8,772246,pre_tmp_ndvi,2016,False,True,432,345,87,"[1.0, 0.01, 0.1]","[0.4786686027588389, 0.5068598208041856, 0.522698592797615]",0.527338591521598,0.7262846026981267,0.5274893241163757,0.5862265801070683,0.7660644192431458,0.5868546944303383,0.5853808462293912,0.7666027077990334,0.5876797116048101,,,,,,
3,777572,tmp_ndvi,2016,True,False,432,345,87,"[0.001, 0.1, 0.001]","[0.764322958510667, 0.7701509805397303, 0.808896156880348]",0.8164882483915933,0.9045054163867301,0.818130048272932,0.9062609118831618,0.9520346143172143,0.9063699068581269,0.8465188265139498,0.9212613080448936,0.8487223977005883,0.2336225536817531,0.5338419391890626,0.28498721603713884,0.30076391826001825,0.562912934600302,0.3168709719403239
3,777572,pre_tmp_ndvi,2016,False,False,432,345,87,"[0.1, 0.001, 0.1]","[0.5638603279371834, 0.6982162842163218, 0.7002496534216103]",0.7121074009854991,0.8439762480442122,0.7122959072627857,0.7626499242572033,0.873487684497769,0.7629807349692741,0.6474536039464259,0.8077011282584713,0.6523811125900075,0.39313365993580174,0.6377142381045968,0.4066794494813264,0.1255472631574852,0.46466277936451655,0.2159114985267574
1,116739,pre_tmp_ndvi,2016,True,False,432,345,87,"[0.01, 0.001, 0.01, 0.001]","[0.6814502914052116, 0.7662883367323061, 0.7762438417326201, 0.8151808515941079]",0.8330356678273073,0.9137862450230061,0.8350053015932454,0.9258902883803274,0.9623138411261943,0.9260479288230504,0.8077513210670829,0.9000937099548685,0.8101686867003189,0.2631172227223899,0.5654771657931498,0.31976442503345337,0.45990942875684604,0.6835691449776756,0.46726677596551053
0,670487,pre_tmp_ndvi,2016,False,False,432,345,87,"[0.01, 0.001, 0.001]","[0.5310779321804775, 0.6502071949808005, 0.6691345574740648]",0.703904165040786,0.839232634491294,0.704311414795198,0.7651294391270864,0.8748388342800859,0.7653429859645396,0.765636486620066,0.8788071458964508,0.7723019996786658,0.2211329804620521,0.544224804417271,0.29618063774301684,0.4574317897866609,0.6816832237464551,0.4646920175373595
1,116739,pre_tmp_ndvi,2016,False,False,432,345,87,"[0.01, 0.001, 0.01]","[0.5672988205649789, 0.6868949013558676, 0.7022675079301045]",0.7137781533912122,0.845138367931969,0.7142588609507121,0.7769751954996276,0.8815565819040885,0.7771420070984199,0.6921651175914361,0.8393116957217752,0.7044441225753618,0.30826002140676734,0.5973043161699834,0.35677244611529146,0.28863947411552227,0.576187692857551,0.33199225740050753
0,670487,pre_tmp_ndvi,2016,True,False,432,345,87,"[0.1, 0.001, 0.1, 1.0000000000000003e-09]","[0.6602929976214613, 0.7426682273640374, 0.7427696718245933, 0.7884433145846339]",0.8115906341257565,0.9018579659441089,0.8133477907368456,0.9063560528303811,0.9520759386536061,0.9064485929631451,0.8472212057439352,0.9273398094535892,0.8599591221974191,0.106397514770592,0.44139042086296465,0.19482550362958506,0.6078684935969385,0.790017750228912,0.6241280456767515
7,146316,pre_tmp_ndvi,2016,False,False,432,345,87,"[0.01, 0.001, 0.01]","[0.5557482860411065, 0.6913224011783539, 0.7067358799045949]",0.7139695345343113,0.8455538965295146,0.7149613919362451,0.7700121681484392,0.8776060653999368,0.7701924060267581,0.7221336631984594,0.8511619735569981,0.7244767052294439,0.3625785419026806,0.6312986395252008,0.39853797226636944,-0.1086531970049518,0.37134881177355905,0.1378999400056342
5,256787,tmp_ndvi,2016,True,False,432,345,87,"[0.001, 0.1, 0.001]","[0.7655420536500256, 0.7682478112757407, 0.8070225271197374]",0.8119974513074385,0.9022330632041112,0.8140245003386738,0.9029831356932865,0.9503286409997515,0.9031245259044345,0.8605190115336704,0.9291958211499046,0.8634048740424456,0.23844798294901515,0.5362947288799647,0.2876120362244348,0.18066971108074836,0.524363000751823,0.27495655655745627
2,26225,pre_tmp_ndvi,2016,True,False,432,345,87,"[0.1, 0.01, 0.1, 0.1]","[0.669857796567081, 0.7670343863677938, 0.7711362475404281, 0.7926062993509566]",0.8037230055943339,0.8965828452889794,0.8038607984664818,0.8956256063053154,0.9471065690322327,0.8970108531040073,0.833732413193357,0.9135444124055885,0.8345633934374719,0.14788846603807637,0.4540306998070885,0.20614387636731452,0.4687070414934218,0.6866195300377036,0.47144637902919695
9,107473,pre_tmp_ndvi,2016,False,False,432,345,87,"[0.001, 0.01, 0.1]","[0.5423523006774398, 0.6688455481961124, 0.6749902816322173]",0.6937645882145596,0.8329507498615617,0.6938069516949379,0.7521200368309462,0.867512463145097,0.7525778737120733,0.7247170196304489,0.8527225644300045,0.7271357718880832,0.22979483900871056,0.5223666574603802,0.27286692482633024,0.49026080643392356,0.7136237352332541,0.5092588354882615
4,288389,pre_tmp_ndvi,2016,True,False,432,345,87,"[0.1, 0.01, 0.1, 0.1]","[0.6735947177751446, 0.7656594108043454, 0.7665265594013855, 0.7803972776141936]",0.7852185769660637,0.8862277092536525,0.7853995526489763,0.8949630107212385,0.9466554817282496,0.8961566010861444,0.8126927914096659,0.9048643937664489,0.818779571106323,0.08619981625827444,0.4128075502668314,0.17041007355730253,0.4098195802342065,0.6452975792614842,0.4164089658007315
8,772246,pre_tmp_ndvi,2016,False,False,432,345,87,"[0.001, 0.01, 0.01]","[0.568220391974175, 0.6968847056619024, 0.7108156003755867]",0.7243173034493868,0.8510928081576847,0.7243589680977336,0.7693717766906931,0.8773542107550555,0.7697504111296263,0.7080105308393801,0.8449991368674787,0.714023541306784,0.32618512837437397,0.5999148015244155,0.3598977690880788,0.3593371652274676,0.6118328805946791,0.37433947377678284
3,777572,pre_tmp_ndvi,2016,True,False,432,345,87,"[0.1, 0.001, 0.1, 0.1]","[0.6766143296891817, 0.776833245335373, 0.7803037259108223, 0.8069432989204204]",0.8154127749647653,0.903162954538095,0.8157033224499811,0.8990577293102934,0.9485389171002817,0.8997260772537751,0.8133858567403928,0.9033165256572895,0.8159807455255566,0.2416041521038239,0.5358966498970393,0.28718521937086994,0.1904487801734105,0.49839588383457795,0.2483984570232501
7,146316,pre_tmp_ndvi,2016,True,False,432,345,87,"[0.1, 0.01, 0.01, 0.01]","[0.6818872186522776, 0.7762047726774463, 0.7949642956150661, 0.8278126764352625]",0.8320184276739363,0.9130047159851581,0.8335776114111392,0.9179871266339168,0.9582860179124558,0.9183120921265115,0.8303211720064535,0.9164748094847006,0.8399260764200183,0.2918108471556653,0.5787887421566461,0.3349964080472726,0.2606526901361311,0.5333727224914859,0.28448646109797965
9,107473,pre_tmp_ndvi,2016,False,True,432,345,87,"[1000000000.0, 0.1, 0.1]","[0.455170988260471, 0.4780595010445845, 0.48386947433187794]",0.4916981064957733,0.7015041119378915,0.49210801906576984,0.5520446092437692,0.7440777317456895,0.5536516708798103,0.632168753117432,0.8045448562002909,0.6472924256383468,,,,,,
9,107473,pre_tmp_ndvi,2016,True,False,432,345,87,"[0.01, 0.01, 0.1, 0.01]","[0.6613180125212376, 0.740436055017074, 0.744313961247103, 0.7712912805256564]",0.7901994730616267,0.8896596613541522,0.7914943130407848,0.9018450522032615,0.9497641945732695,0.9020520252934114,0.8488900749942597,0.9219047885666599,0.8499084391821379,0.05994283143922374,0.4090377998698789,0.16731192172239112,0.5654754802155659,0.7636055732990533,0.5830934715733759
8,772246,pre_tmp_ndvi,2016,True,False,432,345,87,"[0.1, 0.01, 0.01, 0.01]","[0.6575642642061291, 0.7644807872645287, 0.7736690432159987, 0.8077994631015354]",0.8216952999665151,0.9068795602832617,0.822430536859562,0.9137165318304095,0.9561079590738433,0.91414242940435,0.8391968190362206,0.919881672566635,0.8461822915239899,0.2134360805715536,0.5108158134492955,0.26093279526986546,0.4680342614157108,0.6864571113776319,0.4712233657609225
5,256787,pre_tmp_ndvi,2016,True,False,432,345,87,"[0.01, 0.01, 0.001, 0.01]","[0.6815398673796441, 0.7646663626295198, 0.7739653019655434, 0.8075086716813697]",0.8144245638396984,0.90320849999359,0.8157855944606709,0.9139808486898352,0.9562524374482413,0.9144187241257026,0.8667181417882044,0.9316855347981975,0.8680379357522032,0.25576297154617866,0.5506290419855288,0.3031923418779012,0.22141280344362602,0.530530220717191,0.2814623150942314
6,234053,pre_tmp_ndvi,2016,True,False,432,345,87,"[0.1, 0.01, 0.01, 0.01]","[0.6828910178599736, 0.7732147646833007, 0.7841577679662403, 0.8363425396244306]",0.8387045674746854,0.9171512384622313,0.8411663942128047,0.9187384085257146,0.9586452445022428,0.9190007048067648,0.8126321978037027,0.9105627265137461,0.8291244789161473,0.260299013219368,0.5606184581819782,0.31429305565433846,0.4660560459675174,0.7020229863312044,0.4928362733373824
