country,satellite,bands,num_features,points,month_range,limit_months,crop_mask,weighted_avg,hot_encode,kfold_total_n,kfold_train_n,kfold_test_n,kfold_best_reg_param,kfold_mean_of_val_R2,kfold_val_R2,kfold_val_r,kfold_val_r2,kfold_train_R2,kfold_train_r,kfold_train_r2,kfold_test_R2,kfold_test_r,kfold_test_r2,kfold_demean_R2,kfold_demean_r,kfold_demean_r2
ZMB,sentinel-2-l2a,2-3-4,1000,4,4-9,True,True,True,True,432,345,87,100.0,0.6349882955863674,0.6567907015101793,0.8166655791818629,0.6669426682204476,0.9669678188491424,0.9844506070700692,0.9691429977606277,0.6079951005672372,0.7924006016131093,0.6278987134368176,0.6424221204986176,0.8064693686052725,0.6503928424985869
ZMB,sentinel-2-l2a,2-3-4,1000,20,4-9,True,True,False,False,432,345,87,1000.0,0.522967704010573,0.5308232090611098,0.7287887600600197,0.5311330567898209,0.7763310379207116,0.886578151008249,0.7860208178452056,0.5074300063401325,0.7147017647585833,0.5107986125490332,0.40928577046580883,0.64608390629007,0.4174244139670359
ZMB,sentinel-2-l2a,2-3-4,1000,20,4-9,True,True,False,True,432,345,87,100.0,0.5974692004668911,0.59950629109448,0.7799948718857526,0.6083920001680716,0.9550205634248979,0.9787634706550917,0.9579779314888006,0.6737461989457688,0.8215156486852642,0.6748879610347703,0.6563581403084218,0.8103022462483244,0.65658973027508
ZMB,sentinel-2-l2a,2-3-4-8,1000,15,4-9,True,False,False,True,432,345,87,100.0,0.7090298854376276,0.7240870545773743,0.8552254435486875,0.7314105592930492,0.9667330340666747,0.9841141931453427,0.9684807451501087,0.7298968727474118,0.8618116795345266,0.7427193709821216,0.7358844127594726,0.8585384344638639,0.7370882434516624
ZMB,landsat-8-c2-l2,1-2-3-4-5-6-7,1000,20,4-9,True,True,True,False,648,518,130,1000.0,0.527858104390236,0.5308242277603519,0.7325021610088305,0.5365594158826066,0.7765903988407624,0.8862682083743609,0.7854713371750996,0.5944586982505731,0.7721208606148579,0.5961706233966287,0.2661952814231613,0.5915342596720745,0.34991278036578927
ZMB,landsat-8-c2-l2,1-2-3-4-5-6-7,1000,15,4-9,True,True,False,False,648,518,130,1000.0,0.6263301390909735,0.6292083069076255,0.7935189017325864,0.6296722474068902,0.8284709107265209,0.9140401260876805,0.8354693520983828,0.6952273785239096,0.8372431282606796,0.7009760558197288,0.43076362932352186,0.656852527271089,0.43145524258241674
ZMB,sentinel-2-l2a,2-3-4,1000,20,1-12,False,True,True,False,420,336,84,1000.0,0.6077466892401624,0.6179108617497366,0.7883084469954411,0.6214302076043642,0.8751842908301901,0.93852428671656,0.8808278367568276,0.4373950444252981,0.6975581811740468,0.4865874161228443,0.4183763339548512,0.6935900413778842,0.48106714549857504
ZMB,sentinel-2-l2a,2-3-4,1000,15,4-9,True,False,False,True,432,345,87,100.0,0.6581287970880944,0.6725088237500918,0.8297540774773839,0.6884918290903445,0.949181463307267,0.9767796682390756,0.9540985202852386,0.5793079235864869,0.7798550388418635,0.6081738816070443,0.5780291770969035,0.7707477476264131,0.5940520904711889
ZMB,landsat-8-c2-l2,1-2-3-4-5-6-7,1000,15,4-9,True,False,False,False,648,518,130,1000.0,0.6684133628870053,0.6706744340236661,0.8192430894596203,0.6711592396273435,0.8401332362290856,0.9204235876467189,0.8471795806964573,0.6373454398656542,0.8125868969910267,0.6602974651615054,0.4341845788767871,0.6638690448301034,0.44072210868363393
ZMB,sentinel-2-l2a,2-3-4-8,1000,15,1-12,False,True,True,False,420,336,84,1000.0,0.6679417688487972,0.6732503546685971,0.8216208444732218,0.6750608120728901,0.9307658997273557,0.9673810313258817,0.9358260597691266,0.5017608235068749,0.7117342754107779,0.5065656787945051,0.6622415167395977,0.8183366100859776,0.6696748074070094
ZMB,landsat-8-c2-l2,1-2-3-4-5-6-7,1000,20,4-9,True,True,True,True,648,518,130,100.0,0.6388845244331544,0.642501430828821,0.8131277932760104,0.6611768081979142,0.9600144635386952,0.9813629699917694,0.9630732788710665,0.7097363827803205,0.8506213588110133,0.7235566960654947,0.6197765620265487,0.792086866558351,0.627401604174227
ZMB,sentinel-2-l2a,2-3-4,1000,4,1-12,False,True,False,True,426,340,86,1000.0,0.6311156360035219,0.637526126471812,0.7997949934717378,0.6396720315824571,0.9274847962424871,0.966430204171941,0.9339873395358196,0.6518451746874788,0.8183009881148011,0.6696165071496599,0.6672953655823928,0.8197988091472848,0.6720700874793062
ZMB,landsat-8-c2-l2,1-2-3-4-5-6-7,1000,15,4-9,True,True,True,False,648,518,130,1000.0,0.5709471091527294,0.5757790393777129,0.7607614011145446,0.578757909425765,0.8206558152622498,0.9109941573819026,0.8299103547839627,0.6265293189827501,0.7984700036375382,0.6375543467089302,0.37278520156927,0.6203516390823741,0.38483615611218813
ZMB,sentinel-2-l2a,2-3-4,1000,20,1-12,False,True,True,True,420,336,84,1000.0,0.6481003244295337,0.6563225652650093,0.8109959669723954,0.6577144584454907,0.898244539132271,0.9511211797524797,0.9046314985737488,0.46753869632092526,0.7114036929933863,0.5060952144046283,0.44821335211906865,0.7058292526298737,0.4981949338680461
ZMB,sentinel-2-l2a,2-3-4,1000,15,1-12,False,True,False,False,420,336,84,1000.0,0.5669520230276706,0.5711190808222577,0.7594237493961659,0.5767244311469305,0.8599158530295592,0.9317978770081832,0.8682472835969572,0.4812895935627334,0.7141842763458708,0.5100591805796751,0.5548734055201014,0.7702129263792405,0.5932279519616734
ZMB,sentinel-2-l2a,2-3-4,1000,15,1-12,False,False,True,False,426,340,86,1000.0,0.5613005991639618,0.5758964466311846,0.7607055975890215,0.5786730062032702,0.8474000834374968,0.9252439052962975,0.856076284287944,0.4580255836452548,0.6884178172853134,0.4739190911558751,0.5130543135126715,0.7438839463195126,0.5533633255918915
ZMB,sentinel-2-l2a,2-3-4,1000,4,4-9,True,True,False,True,432,345,87,100.0,0.6082957838560119,0.6368494385906489,0.804271269248122,0.6468522745379851,0.9642536655899402,0.983169471948232,0.9666222105709654,0.7279803873570858,0.8533030634629627,0.7281261181152769,0.7127595056170735,0.8446973311273969,0.7135135812137472
ZMB,sentinel-2-l2a,2-3-4-8,1000,15,4-9,True,True,True,True,432,345,87,100.0,0.6831635343628485,0.6992753186040352,0.8412339316608717,0.7076745277776081,0.9718405121521202,0.9867794156702794,0.973733615190578,0.6522869865164602,0.8151627577962908,0.6644903216980542,0.694391633746845,0.8374230822596489,0.7012774187012507
ZMB,sentinel-2-l2a,2-3-4-8,1000,15,1-12,False,False,True,True,426,340,86,1000.0,0.6594389815053343,0.6749676385890916,0.8217051685557542,0.6751993840312404,0.9304621728916569,0.9676953410787494,0.9364342731455172,0.6175667895496844,0.7882893586802917,0.6214001130085856,0.6519699706623943,0.812775453636211,0.6606039380335486
ZMB,sentinel-2-l2a,2-3-4,1000,4,4-9,True,True,False,False,432,345,87,1000.0,0.5300836046795817,0.5529906095828878,0.74408373165212,0.5536605997093442,0.8090816662666466,0.9049171097305966,0.8188749754831766,0.5290439449046277,0.7325581821410797,0.5366414902218433,0.4622353098916696,0.6900963153359709,0.4762329244402838
ZMB,sentinel-2-l2a,2-3-4-8,1000,15,4-9,True,True,False,True,432,345,87,100.0,0.7138103113704467,0.7289130884444867,0.8555589807339083,0.7319811695144441,0.9718322912341564,0.986535597565943,0.9732524852647922,0.6772890680325444,0.8322144825012346,0.6925809448847978,0.7057215341489278,0.842490474013317,0.7097901988031836
ZMB,sentinel-2-l2a,2-3-4,1000,15,4-9,True,False,True,False,432,345,87,1000.0,0.4673448516496421,0.48041450914950645,0.6934685874867821,0.4808986818309127,0.7092100887411406,0.8520124501798411,0.7259252152614561,0.1773465337916399,0.5299761981654942,0.2808747706219512,0.32616757309057054,0.6197467747028305,0.3840860647545609
ZMB,sentinel-2-l2a,2-3-4,1000,15,4-9,True,True,True,False,432,345,87,1000.0,0.47047453011918927,0.48383894861004373,0.6960673401559836,0.4845097420318258,0.7120729749910608,0.8538706355410178,0.7290950622392217,0.17713307962104197,0.5300065290953777,0.2809069208837295,0.33058477739206393,0.6213842568186707,0.38611839462209174
ZMB,sentinel-2-l2a,2-3-4-8,1000,15,4-9,True,True,True,False,432,345,87,1000.0,0.5784365378493129,0.6031418618819033,0.7768607587732035,0.6035126385216775,0.8294003660090878,0.917513658411497,0.8418313133716492,0.5295703742699747,0.7395949347508549,0.5470006675091214,0.530231900849589,0.735760270676186,0.5413431759054945
ZMB,sentinel-2-l2a,2-3-4,1000,4,4-9,True,False,False,False,432,345,87,1000.0,0.491132687401277,0.5192921091054324,0.7243626759174622,0.5247012862623064,0.7961351788720495,0.8970340014914253,0.8046699998317184,0.4954358888077084,0.7075111610596765,0.5005720430240115,0.45115814109034014,0.6820571726305538,0.46520198673678503
ZMB,sentinel-2-l2a,2-3-4,1000,4,4-9,True,False,True,True,432,345,87,100.0,0.6116188268431533,0.6382652243972986,0.8074411927195261,0.6519612797003309,0.9656141414246929,0.9837828601650556,0.9678287159545372,0.6012140703497088,0.7878656940407593,0.6207323518463275,0.6342886439954964,0.8015809912070114,0.642532085464415
ZMB,sentinel-2-l2a,2-3-4,1000,4,4-9,True,False,True,False,432,345,87,1000.0,0.558587415688778,0.5778554820150286,0.7601882688347864,0.5778862040740295,0.824179291034845,0.9154278862767031,0.8380082149730326,0.5266776419445076,0.7298303237770396,0.5326523015044985,0.42289265943123455,0.6654307433365297,0.4427980741774065
ZMB,sentinel-2-l2a,2-3-4-8,1000,15,4-9,True,False,False,False,432,345,87,1000.0,0.642112383530719,0.6632727297799305,0.8144666054642785,0.6633558514165048,0.8289229470093444,0.9141961810391798,0.8357546574266207,0.5958416390149133,0.7825201773699241,0.6123378279910574,0.5606041504142445,0.7497562141680657,0.5621343806836304
ZMB,sentinel-2-l2a,2-3-4,1000,15,4-9,True,False,True,True,432,345,87,100.0,0.6831291819191048,0.6985766498478272,0.8358934617187775,0.6987178793442014,0.9527327261060984,0.9785985234650344,0.9576550701279455,0.48860864911537105,0.7259908301170053,0.5270626854139784,0.5378642169843297,0.7501174300085016,0.5626761588025593
ZMB,sentinel-2-l2a,2-3-4,1000,4,4-9,True,True,True,False,432,345,87,1000.0,0.5699061285842217,0.5875009355195271,0.7665139778191921,0.5875436781922009,0.826984471458932,0.9169207519670005,0.8407436653877297,0.5344687302905751,0.7350229407357501,0.5402587234078301,0.43540506611225505,0.6735388568459316,0.4536545916813244
ZMB,sentinel-2-l2a,2-3-4-8,1000,15,4-9,True,True,False,False,432,345,87,1000.0,0.6452797525857404,0.663622436710909,0.8151548100997051,0.6644773644286863,0.8548837010292716,0.9287641681559046,0.8626028800503294,0.5920281574878146,0.776319259035708,0.6026715919497506,0.5282299920335635,0.7332300451230921,0.5376262990712116
ZMB,sentinel-2-l2a,2-3-4,1000,15,4-9,True,True,True,True,432,345,87,100.0,0.6823262764977873,0.6980968673133899,0.8356691042973096,0.6983428518770677,0.9526481876484201,0.9785020465261094,0.9574662550557843,0.49799970513052705,0.7306944697117735,0.5339144080673699,0.5421039752761683,0.7519688942696492,0.5654572179491189
ZMB,sentinel-2-l2a,2-3-4,1000,4,4-9,True,False,False,True,432,345,87,100.0,0.5572624576838765,0.5964796931821936,0.784695236115897,0.6157466135829833,0.9609116386669202,0.9815912295386146,0.9635213419071291,0.6985639728520843,0.8375456729701339,0.7014827543109945,0.6964185845376945,0.8351343852632531,0.6974494414490316
ZMB,sentinel-2-l2a,2-3-4,1000,15,4-9,True,False,False,False,432,345,87,1000.0,0.4356955188999967,0.45848621824730496,0.6839774217567929,0.4678251134730697,0.6955315689770492,0.8411809158832732,0.7075853332462223,0.2998017344290359,0.5912669095355153,0.34959655831167924,0.39308074627963085,0.6486584684403989,0.42075780867944396
ZMB,landsat-8-c2-l2,1-2-3-4-5-6-7,1000,20,1-12,False,True,True,True,376,300,76,1000.0,0.6240962114724633,0.6166219160478916,0.7914494203462845,0.6263921849664698,0.9245679104173431,0.9641662890375932,0.9296166329165236,0.7204310938129476,0.8625393392313538,0.7439741117216605,0.5657773499220456,0.7523721851079223,0.5660639049240697
ZMB,landsat-8-c2-l2,1-2-3-4-5-6-7,1000,15,1-12,False,False,False,True,384,307,77,10000.0,0.650954782450853,0.6572136605900392,0.8129045570006004,0.6608138187923424,0.7971979173203889,0.8997859944448301,0.8096148357990718,0.7062990652024717,0.8429800174021718,0.7106153097393658,0.4106455225852055,0.6430410299077117,0.41350176614477063
ZMB,landsat-c2-l2,r-g-b-nir-swir16-swir22,1024,20,1-12,False,True,False,True,923,738,185,1000.0,0.5659282621491337,0.5666197559692399,0.7555504630018848,0.5708565021423625,0.8723638509005146,0.9385327232173971,0.8808436725498633,0.5234711425324112,0.729579349638011,0.5322860274182231,0.5493350123929468,0.7441555469757994,0.5537674780948513
ZMB,sentinel-2-l2a,2-3-4,1000,4,1-12,False,False,False,True,426,340,86,1000.0,0.6388818795285587,0.6506393718411423,0.807179943733378,0.6515394615654192,0.9328712126463026,0.9689109152351743,0.9387883616618631,0.6406079205150752,0.815104438477143,0.6643952456251385,0.666982487024164,0.818541055258792,0.6700094591441766
ZMB,landsat-8-c2-l2,1-2-3-4-5-6-7,1000,15,1-12,False,False,False,False,384,307,77,10000.0,0.6480443716658855,0.6543770467836771,0.8110344345100051,0.6577768539609637,0.793996444436829,0.8978814290014808,0.8061910605457413,0.7016784673136705,0.8400897306517862,0.7057507555465906,0.4091291941517081,0.6416249839850567,0.41168262007382433
ZMB,sentinel-2-l2a,2-3-4,1000,15,1-12,False,True,False,True,420,336,84,100.0,0.6137597087599136,0.6209370197932549,0.8048548300301858,0.6477912974229192,0.9814761804440952,0.9914413275574487,0.9829559059888764,0.5119826470224745,0.7544520405001272,0.5691978814148055,0.6790522065998053,0.8437870915421108,0.7119766558530946
ZMB,landsat-8-c2-l2,1-2-3-4-5-6-7,1000,15,4-9,True,True,True,True,648,518,130,100.0,0.6630327612783251,0.6652627542363962,0.8263485903836475,0.6828519928290412,0.9671630917925278,0.9844852243854706,0.9692111570333104,0.6414029059268238,0.8370854711642823,0.7007120860343286,0.6060158402904348,0.7798993665792224,0.6082430219906724
ZMB,landsat-8-c2-l2,1-2-3-4-5-6-7,1000,15,4-9,True,False,False,True,648,518,130,1000.0,0.7160417341704113,0.7176562317117261,0.84721936114223,0.7177806458942483,0.8783044888455408,0.9416464705624396,0.8866980755226993,0.6824993607365898,0.8372836045164126,0.7010438343919965,0.4630146849363572,0.6818296135508886,0.46489162191495403
ZMB,sentinel-2-l2a,2-3-4,1000,20,1-12,False,True,False,True,420,336,84,1000.0,0.6512566418145639,0.6592285120301227,0.8129690425091674,0.6609186640782724,0.8995963205915901,0.9518200568866206,0.9059614206916498,0.48053807156894657,0.7194598737735083,0.5176225099701924,0.4578376738661738,0.7114897894935356,0.5062177205535556
ZMB,sentinel-2-l2a,2-3-4,1000,20,4-9,True,True,True,True,432,345,87,100.0,0.5751653494672685,0.5769335123943825,0.7648631727536201,0.5850156730347342,0.9535534568936542,0.9781191510991373,0.956717073746897,0.6464753615459601,0.8046150316785775,0.6474053492031183,0.6368555853623741,0.7984905727562365,0.6375871947805826
ZMB,sentinel-2-l2a,2-3-4-8,1000,15,1-12,False,True,True,True,420,336,84,1000.0,0.6915128726112872,0.6957738324205606,0.8346569921971827,0.6966522946236479,0.9406252929250974,0.9724936195001802,0.9457438399685613,0.528466359100894,0.7285228480563083,0.5307455401400749,0.6769091545350845,0.8254008692841299,0.6812865950149973
ZMB,landsat-8-c2-l2,1-2-3-4-5-6-7,1000,20,4-9,True,True,False,False,648,518,130,1000.0,0.5304381332391971,0.533112203069384,0.7340941948664429,0.538894286936611,0.7742627800622159,0.8847887714214281,0.7828511700334401,0.5963729954428567,0.7741041752195559,0.5992372740923488,0.2551246944109147,0.584039272439373,0.3411018717515122
ZMB,landsat-8-c2-l2,1-2-3-4-5-6-7,1000,15,4-9,True,False,True,False,648,518,130,1000.0,0.5300181751312664,0.5361013334168634,0.7367786720034084,0.5428428115191061,0.8062695182397369,0.9026735796935058,0.814819591476688,0.6394051773966529,0.8024483158909422,0.6439232996762094,0.37404790204422866,0.622240603633258,0.38718336880988125
ZMB,landsat-8-c2-l2,1-2-3-4-5-6-7,1000,15,4-9,True,True,False,True,648,518,130,100.0,0.6927964405440756,0.6954114943185115,0.8401876474777842,0.7059152829742533,0.9671443300386956,0.9843692571026345,0.9689828343287924,0.7493224931703104,0.8841016613017227,0.781635747516466,0.6814739413981842,0.8257868388696145,0.6819239032502706
ZMB,sentinel-2-l2a,2-3-4,1000,20,4-9,True,True,True,False,432,345,87,1000.0,0.5031119705885752,0.5101719431622724,0.7144634410988716,0.5104580086668408,0.7694316198598554,0.8828363834513788,0.77940007994551,0.47913195407435394,0.6940659543570746,0.4817275489975968,0.38558351963663007,0.6297986575519833,0.3966463490542803
ZMB,landsat-8-c2-l2,1-2-3-4-5-6-7,1000,20,4-9,True,True,False,True,648,518,130,100.0,0.6474244337205806,0.6499364955194918,0.8167065304373301,0.6670095568589816,0.9584002832836991,0.9805649681881808,0.9615076568378881,0.6885101533622934,0.8438838679761573,0.7121399826304006,0.5944557278529359,0.7784051326865096,0.6059145505927026
ZMB,sentinel-2-l2a,2-3-4,1000,20,1-12,False,True,False,False,420,336,84,1000.0,0.6116302442890832,0.6214338848762129,0.7908826906679038,0.6254954303981033,0.877089304112436,0.9395524845063998,0.8827588711421487,0.45281252181429443,0.7065291442854702,0.49918343172475876,0.42998886356092036,0.7001607174847613,0.4902250303087757
ZMB,landsat-8-c2-l2,1-2-3-4-5-6-7,1000,15,4-9,True,False,True,True,648,518,130,100.0,0.6244258931703622,0.6277234154846043,0.8059181909410966,0.6495041304897698,0.9642999569289035,0.9831386219676359,0.9665615500044221,0.6420157377204275,0.836902395529024,0.7004056196422189,0.590068969675533,0.7693133743549088,0.591843067961336
ZMB,landsat-8-c2-l2,1-2-3-4-5-6-7,1000,15,1-12,False,False,True,True,384,307,77,10000.0,0.5879352270681748,0.6013468147361076,0.7771020538550742,0.6038876021057747,0.7765835302822768,0.889758633619206,0.7916704260999166,0.6727839243337632,0.8241148083692212,0.6791652173734383,0.3867811389445964,0.6220398060184048,0.3869335202714147
ZMB,landsat-8-c2-l2,1-2-3-4-5-6-7,1000,15,1-12,False,False,True,False,384,307,77,10000.0,0.5835487524208746,0.5971777666096538,0.7742501549625526,0.5994633024595366,0.7727545029422171,0.8874345507101998,0.7875400817942142,0.6670377887010231,0.8204037152708987,0.6730622560302939,0.3841821562202592,0.6198789093035986,0.384249862199419
ZMB,sentinel-2-l2a,2-3-4-8,1000,15,4-9,True,False,True,True,432,345,87,100.0,0.6375471362436038,0.660768816777361,0.8232344888078273,0.6777150235626848,0.9686442885425977,0.9852611220650584,0.970739478652898,0.6752861265927314,0.8289023655573297,0.687079131626537,0.6986759244150781,0.83833880555643,0.7028119529017818
ZMB,landsat-8-c2-l2,1-2-3-4-5-6-7,1000,15,1-12,False,True,True,False,384,307,77,10000.0,0.5811092362656376,0.5939357101517859,0.7725982819283391,0.5969081052386214,0.7736024681468976,0.889032709304596,0.7903791582134703,0.669371119196223,0.8236341411193341,0.6783731984173831,0.3633651433295596,0.6028124348477962,0.3633828316071286
ZMB,landsat-8-c2-l2,1-2-3-4-5-6-7,1000,15,1-12,False,True,False,True,384,307,77,1000.0,0.6349690862837604,0.6482743270298488,0.807733811985902,0.6524339110252765,0.9373472926916878,0.9707371661866088,0.9423306458160077,0.701565335914563,0.8419120538287789,0.7088159063821926,0.6057044720126026,0.77827019008141,0.605704488769354
ZMB,landsat-8-c2-l2,1-2-3-4-5-6-7,1000,15,1-12,False,True,True,True,384,307,77,1000.0,0.5866377871381674,0.6046028389830518,0.7828875449446014,0.6129129080293854,0.9366532131013947,0.9706364045919956,0.9421350299192762,0.6878732324733319,0.8316451856697434,0.691633714847662,0.6021772146122343,0.7760986469416252,0.6023291097846214
ZMB,landsat-8-c2-l2,1-2-3-4-5-6-7,1000,15,1-12,False,True,False,False,384,307,77,1000.0,0.6265576919519487,0.6402880819230212,0.8031879760837477,0.6451109249255069,0.9347732486015937,0.969454459385257,0.9398419488219609,0.687395194788394,0.8339829243111667,0.6955275180426053,0.5955040233095084,0.771763058811167,0.5956182189455689
ZMB,sentinel-2-l2a,2-3-4,1000,15,4-9,True,True,False,False,432,345,87,100.0,0.5025326235390678,0.5231518360465722,0.7335428686369618,0.538085140128143,0.8640838387913137,0.9329813152870714,0.8704541346747937,-0.05286988794017877,0.5359400891038886,0.287231779108684,0.20048075357274375,0.6296402074698851,0.39644679086272
ZMB,sentinel-2-l2a,2-3-4-8,1000,15,1-12,False,False,True,False,426,340,86,1000.0,0.6398275841728296,0.6560559054852995,0.8103864180885225,0.6567261466223456,0.9195178307471763,0.9619649788729401,0.9253766205780161,0.5767202099461177,0.7630740517040774,0.582282008384077,0.6268652939251625,0.8009148317309857,0.641464567686673
ZMB,sentinel-2-l2a,2-3-4,1000,4,1-12,False,True,True,True,426,340,86,1000.0,0.6645779141533688,0.6704949756140588,0.8189802007261084,0.6707285691813769,0.9333208812593484,0.9695817278863067,0.9400887270509961,0.6892581768445007,0.8351187120437195,0.6974232632055608,0.6586651916119528,0.8142390973286214,0.6629853076185283
ZMB,sentinel-2-l2a,2-3-4,1000,4,1-12,False,True,False,False,426,340,86,1000.0,0.608333870894169,0.6151039424517323,0.7866342921483702,0.6187935095837674,0.9150599784216202,0.9598769413693726,0.921363742572622,0.6059734587657257,0.7929230941672202,0.6287270332637184,0.6445284424421709,0.8080822165818832,0.6529968687558896
ZMB,sentinel-2-l2a,2-3-4-8,1000,15,1-12,False,True,False,True,420,336,84,1000.0,0.7188651462045074,0.7239859958169974,0.8511995140670686,0.7245406127480137,0.9427608953689871,0.9731053449029448,0.9469340122786791,0.6078835483552569,0.7808792420881572,0.6097723907241748,0.7131584513995004,0.8451834123014317,0.7143350004294918
ZMB,sentinel-2-l2a,2-3-4,1000,4,1-12,False,True,True,False,426,340,86,1000.0,0.6498901828656527,0.6559467586972781,0.8101469124820541,0.6563380198042049,0.9250845857617782,0.965346685872889,0.9318942239257701,0.6588824424195978,0.8178714047440274,0.6689136346979687,0.6402031683911493,0.8045156482666522,0.6472454283059117
ZMB,landsat-8-c2-l2,1-2-3-4-5-6-7,1000,20,1-12,False,True,True,False,376,300,76,1000.0,0.6137411613889723,0.6060170109283207,0.7855335247205067,0.617062918459823,0.9205371836161687,0.9621048984257744,0.9256458355748697,0.710768620796811,0.856451415593255,0.7335090272716904,0.5555468549045266,0.7458825548013106,0.5563407855569301
ZMB,sentinel-2-l2a,2-3-4-8,1000,15,1-12,False,True,False,False,420,336,84,1000.0,0.7007048323269294,0.7066865294822899,0.8410689016599131,0.7073968973394126,0.9337209238164678,0.9683987578690973,0.9377961542424106,0.5844973189679046,0.7655015055208596,0.5859925549547026,0.7013312059686898,0.8389659196362015,0.7038638143110173
ZMB,sentinel-2-l2a,2-3-4,1000,15,1-12,False,True,True,False,420,336,84,1000.0,0.5665871433754389,0.5703782837497784,0.7582929554433053,0.5750082062749426,0.8617038722742729,0.9324372266743479,0.8694391816881493,0.4220818694741494,0.6713901894466185,0.4507647864851663,0.5511372718716392,0.7637034669539589,0.5832429854374965
ZMB,sentinel-2-l2a,2-3-4,1000,15,1-12,False,False,False,False,426,340,86,1000.0,0.5734405529580686,0.5857025828117675,0.7682775532986219,0.5902503989025168,0.8406701338690169,0.9212085033979226,0.8486251067326404,0.44092724051923693,0.6849657310319388,0.46917805268811835,0.49076330598255014,0.7382616374852184,0.5450302453823561
ZMB,sentinel-2-l2a,2-3-4,1000,15,1-12,False,False,False,True,426,340,86,100.0,0.621254911621417,0.6331429163156582,0.808716582853021,0.654022511381467,0.9766938067053166,0.9892188777549071,0.9785539881066779,0.48084953887230286,0.7372423025289607,0.5435262126382037,0.5926071868268852,0.8093054463434075,0.654975305481102
ZMB,sentinel-2-l2a,2-3-4,1000,4,1-12,False,False,True,True,426,340,86,1000.0,0.6680234734947167,0.6764723853012193,0.8226943321379531,0.6768259641319126,0.935965059492662,0.9709252980875396,0.9426959344663776,0.7076726967590325,0.8456116795832325,0.7150591126475754,0.6681697022010357,0.8185789457280247,0.6700714903892044
ZMB,sentinel-2-l2a,2-3-4-8,1000,15,1-12,False,False,False,True,426,340,86,1000.0,0.7042787364012174,0.7148474954579667,0.8455463833084559,0.7149486863260102,0.9270324794555735,0.9655887760248004,0.9323616843850722,0.6700781351314917,0.8195248066414014,0.6716209087006263,0.7050516566217697,0.8407051439843148,0.7067851391216875
ZMB,sentinel-2-l2a,2-3-4-8,1000,15,1-12,False,False,False,False,426,340,86,1000.0,0.6810237638271935,0.6920263262034486,0.8322637630694485,0.6926629713185191,0.9131289649499879,0.9581931935673421,0.918134196198782,0.6233924912486636,0.7911748110028471,0.6259575815653909,0.6838002951953144,0.8296780999109993,0.6883657494719261
ZMB,sentinel-2-l2a,2-3-4,1000,4,1-12,False,False,True,False,426,340,86,1000.0,0.6535358664785351,0.6623485000988336,0.8140071348497558,0.6626076155863085,0.9288732411010984,0.9673208656318661,0.9357096570867829,0.6811837155103615,0.8302170171851604,0.6892602956238248,0.6510911814448845,0.8091836472017983,0.6547781748988043
ZMB,sentinel-2-l2a,2-3-4,1000,15,1-12,False,True,True,True,420,336,84,100.0,0.6252504373506431,0.6276048269345513,0.8019775540025739,0.6431679971239512,0.9831113247775788,0.9922548895188786,0.984569765774122,0.49570360447319317,0.730908020626012,0.5342265346154348,0.6690451695775739,0.8332266439392558,0.6942666401702754
ZMB,sentinel-2-l2a,2-3-4,1000,4,1-12,False,False,False,False,426,340,86,1000.0,0.6195484850778566,0.6320449731477116,0.7961206939532083,0.6338081593405379,0.923447810846732,0.9639816143756859,0.9292605528543535,0.598804822456525,0.7901482260728044,0.6243342191659996,0.6440562344677745,0.8064173400445439,0.6503089263245175
ZMB,sentinel-2-l2a,2-3-4,1000,15,1-12,False,False,True,True,426,340,86,1000.0,0.6054006347366513,0.6188969196711236,0.7870336419958008,0.6194219536331744,0.8767110486233853,0.9415920795773337,0.8865956443227679,0.5328089727214571,0.7357488010821872,0.5413262982938759,0.5504604317087809,0.7605695970194344,0.5784661119103048
ZMB,landsat-c2-l2,r-g-b-nir-swir16-swir22,1024,20,4-9,True,True,True,False,936,748,188,1000.0,0.4417931703552833,0.44482732676925574,0.6802945447532636,0.4628006676210501,0.7426349356348872,0.8683042001378422,0.7539521839770178,0.45473235789588606,0.6745746164845703,0.4550509132053051,0.4185072245397292,0.6478056656325836,0.41965218042567465
ZMB,landsat-8-c2-l2,1-2-3-4-5-6-7,1000,20,1-12,False,True,False,True,376,300,76,1000.0,0.627185685659206,0.619807911655283,0.7931324046737608,0.6290590113435822,0.9231654585482023,0.9634702172069125,0.9282748594447352,0.7116469926414438,0.857694479400941,0.7356398199948512,0.5557947579096093,0.7460009111387764,0.5565173594198846
ZMB,sentinel-2-l2a,2-3-4-8,1000,15,4-9,True,False,True,False,432,345,87,1000.0,0.5526065744014639,0.5828974226623487,0.7640812969596779,0.5838202283635834,0.8176368164024771,0.9111613883182895,0.8302150755621128,0.5488275070811296,0.7514172455466808,0.5646278769049607,0.5314523868519216,0.7351116379824283,0.5403891202972088
ZMB,landsat-c2-l2,r-g-b-nir-swir16-swir22,1024,20,4-9,True,True,True,True,936,748,188,1000.0,0.4891777751114511,0.49226103299590207,0.7101933132770021,0.504374542223366,0.7865940035793345,0.8943920241343126,0.7999370928350729,0.5230164853902448,0.7241161876426202,0.5243442532060824,0.4471060094792516,0.6688065508563471,0.4473022024683636
ZMB,landsat-8-c2-l2,1-2-3-4-5-6-7,1000,20,1-12,False,True,False,False,376,300,76,1000.0,0.6166587591067947,0.6091224309417903,0.7871710762969664,0.6196383033585244,0.9189919525371311,0.9613387225535851,0.9241721394809589,0.7015639131669824,0.8513357312470455,0.7247725272979417,0.5453251340095073,0.7394650459068342,0.5468085541179963
ZMB,sentinel-2-l2a,2-3-4,1000,15,4-9,True,True,False,True,432,345,87,100.0,0.6968642955991806,0.7122819761157982,0.8445608511078809,0.7132830312240682,0.9514718289873312,0.9779155365019878,0.9563187965319707,0.39695335995809566,0.7060451668191937,0.4984997775887431,0.46155445070380363,0.7199221014580722,0.5182878321678068
ZMB,landsat-c2-l2,r-g-b-nir-swir16-swir22,1024,20,1-12,False,True,True,True,923,738,185,1000.0,0.564437818587536,0.5652791297071018,0.7545298468452868,0.5693152897803719,0.8703954566712844,0.9375001178110504,0.8789064708957333,0.5159224767056896,0.7239297228503394,0.5240742436261693,0.5398148860941205,0.7373547050957119,0.5436919611267842
ZMB,landsat-c2-l2,r-g-b-nir-swir16-swir22,1024,20,1-12,False,True,True,False,923,738,185,1000.0,0.5469546288643077,0.5477933442391004,0.7437631993730928,0.553183696741699,0.8593120749947338,0.9316402761372718,0.8679536041211321,0.4954926696338471,0.7100757439693329,0.5042075621736016,0.526684632853416,0.727160515763152,0.5287624156849332
ZMB,landsat-c2-l2,r-g-b-nir-swir16-swir22,1024,20,4-9,True,True,False,True,936,748,188,1000.0,0.49471104490961765,0.496942449016079,0.7131041557191914,0.5085175369039807,0.7881886518928678,0.8949611352900345,0.8009554336796275,0.515701339947404,0.7188404200691221,0.5167315495251519,0.4471327689563225,0.6687450176476479,0.44721989862855294
ZMB,landsat-c2-l2,r-g-b-nir-swir16-swir22,1024,20,1-12,False,True,False,False,923,738,185,1000.0,0.54941882026426,0.5500957619459439,0.745387283265133,0.5556022020533756,0.8614314885916495,0.9327704119719089,0.8700606414502446,0.5027986171511365,0.7157794853922751,0.5123402717084301,0.5367450355847658,0.7343227204511604,0.5392298577707931
ZMB,landsat-c2-l2,r-g-b-nir-swir16-swir22,1024,20,4-9,True,True,False,False,936,748,188,1000.0,0.4472208814119232,0.4493456956845536,0.6835015470242626,0.4671743647845602,0.7465250697866828,0.8703316254626353,0.757477138280433,0.43976158014186373,0.6639300924711047,0.4408031676886896,0.4173117627174021,0.647385869209494,0.4191084636521321
