year,district,split,yield_mt,prediction,kfold_cv_predictions
2020,Chibombo,train,-0.022783004488973857,0.01087411190519963,0.022912577700994606
2019,Sinazongwe,train,-0.22623246073180361,-0.22551602237840138,-0.23030603854979445
2020,Serenje,train,0.04546382896904266,-0.015449516487806004,-0.027974980052216214
2021,Namwala,train,-0.05278793233315282,0.02686585533151062,0.03650006501184131
2015,Mporokoso,train,-0.015370529795890042,-0.012144403182292644,-0.025801047329391584
2014,Solwezi,train,-0.0077193151866079,-0.011731830997024118,-0.024777938361556517
2020,Mpongwe,train,-0.019612162151662393,-0.05428071040640592,-0.07345998741874692
2019,Monze,train,-0.2989138615371618,-0.29105326223836225,-0.28332031314353356
2016,Chama,train,-0.1041010072074876,-0.019622012113872968,0.031244006721280873
2013,Kabwe,train,0.020489025268687455,-0.018757920268770406,-0.032176153518118956
2017,Kasempa,train,-0.06740860876894761,-0.05997638274817413,-0.06427162198134591
2017,Luangwa,train,-0.04447175771093992,0.005260977652857553,0.03591019311149598
2019,Chinsali,train,-0.06335152189306792,-0.04117568665657445,-0.01827893582072953
2015,Choma,train,0.015754145088970495,-0.0074316183798018645,-0.02919306547515411
2020,Mkushi,train,-0.02889647816801122,-0.011244035812855643,-0.019585606253663165
2016,Chingola,train,0.004448170651831673,0.017636548298132736,0.029029420244967415
2017,Mwense,train,0.02264380115801412,-0.016469614344356544,-0.005189144198431084
2020,Solwezi,train,0.027470792295573088,0.012460463142322561,-0.009325791943428792
2013,Sesheke,train,0.02921495119234832,0.023471956248272238,-0.021943979764559484
2020,Lukulu,train,0.028707848963325955,0.00654532580395075,-0.0011864919040799808
2019,Chama,train,-0.004798502423747297,-0.04949902963501237,-0.08830768529795789
2019,Chadiza,train,0.006593532866117691,-0.042268941335679086,-0.069771627668268
2021,Kasempa,train,-0.0034483252403878506,0.0429886995569463,0.03874751657805784
2018,Mumbwa,train,0.0045919640502959935,-0.02185261420501982,-0.03563837239619417
2019,Lusaka,train,-0.1664501115108853,-0.14802149406339157,-0.14174105701618658
2018,Luanshya,train,-0.002144438601689669,0.0024546095253422315,-0.010492680690241838
2020,Kawambwa,train,0.03100831276692273,0.0022554216716710734,-0.010228614450795806
2015,Kapiri Mposhi,train,-0.0713720344079175,-0.012371068103791755,-0.00757102643300062
2015,Serenje,train,-0.08583210638443017,-0.016796736060016124,-0.002348217910706331
2020,Lusaka,train,0.08438401983395771,0.037183474135121936,-0.06368186982151768
2017,Kapiri Mposhi,train,0.02785021934848253,0.04200970462468129,0.05125267661578018
2013,Lundazi,train,-0.02961174735324068,0.0046388036280871,0.014871531920281894
2013,Choma,train,0.05312766875088398,0.009706742570626288,-0.02335104687615733
2016,Petauke,train,-0.023061861378910142,-0.0034500672601253946,-0.006967982555157922
2019,Luanshya,train,-0.00397093498878931,-0.018700595868171483,-0.04602523903947617
2014,Isoka,train,-0.009344914987031494,-0.026062283269030526,-0.025771548690898694
2013,Masaiti,train,0.022375975158019756,-0.002123562173079928,-0.022009623341324183
2016,Mpulungu,train,0.045917822064173386,0.05209270628386323,0.050032002927991905
2014,Nakonde,train,0.0025216595768239314,-0.004721253168283368,-0.01002095427629294
2018,Kaoma,train,0.040221926296584665,0.032919905749700905,0.024496726495216628
2018,Mpika,train,-0.009111782084454512,-0.03816128651368827,-0.05156684966647015
2018,Mpulungu,train,-0.012614531318068889,-0.001976966939258321,-0.008556155069600916
2018,Luwingu,train,0.009155316569225413,0.01872887063689447,0.007412963010465332
2019,Lukulu,train,-0.1847841215779644,-0.10414896506236626,-0.09721733082518959
2018,Mporokoso,train,-0.041656607342019814,-0.035854673286648195,-0.02804350215268099
2013,Luangwa,train,0.0580247340347855,0.0420391382376379,0.025992305317554535
2014,Siavonga,train,0.09093999765037897,0.09572512917142575,0.1113719065933771
2019,Luwingu,train,-0.039153939984409414,-0.008975262602680702,-0.011629647649411101
2017,Senanga,train,0.0584728715786593,0.03656591717841019,0.03525521677688321
2021,Monze,train,0.12589857712202807,0.08483459207131092,0.08193645522409108
2016,Kaputa,train,0.09892671699361388,0.0952010689403752,0.09826548360459408
2017,Mansa,train,-0.026972424139912632,0.0033912689193387885,0.018928905368743514
2019,Itezhi-Tezhi,train,-0.14789412812141503,-0.19621292905881252,-0.2390026561211154
2015,Kalomo,train,-0.031812216382028635,-0.052989216596124766,-0.04523334988199835
2020,Kalomo,train,0.018236102688477696,0.0015677471758818661,0.031225349327708825
2017,Sesheke,train,0.03894954870963202,0.02744175577549007,0.03158604809019241
2015,Zambezi,train,0.010216751355894393,0.0028481575446496835,0.004552863309498405
2014,Kalomo,train,0.1298968164474909,0.1144553530843869,0.05420904992525961
2020,Choma,train,0.030989518927690363,0.016403575263094883,0.021738709025395826
2020,Sinazongwe,train,-0.04143144149497874,-0.03328466911696306,-0.057975365375026316
2013,Mumbwa,train,-0.007969174006695112,0.024959203835502246,0.03448843337600784
2021,Mumbwa,train,0.007674651826737711,0.045217010344134945,0.06681341120311618
2015,Mambwe,train,-0.006384481786203822,0.001835252144887986,0.0020014267013888174
2019,Choma,train,-0.3291645681735535,-0.2695524247241874,-0.27574226402736324
2014,Mwense,train,0.012022428536331509,0.004025449507622479,0.00441792937282935
2018,Senanga,train,0.03363525967052586,-0.0018249677340431629,-0.021488381800893987
2014,Shangombo,train,0.03376800211453446,0.05868634143345914,0.09669588802949768
2021,Chipata,train,0.053736270807389075,0.06500622868103516,0.06613294501290523
2015,Lufwanyama,train,-0.05831536058675446,-0.03642493842359384,-0.032334426900777286
2019,Kasempa,train,-0.04111780875911131,-0.02285468319395931,-0.004447278740144264
2020,Mufumbwe,train,0.027868044612092246,0.0003383621587869367,-0.013648585304540833
2019,Mufumbwe,train,-0.041076259138787874,-0.02562790567701793,-0.03169478506368162
2014,Chililabombwe,train,-0.04671554890437646,0.004392768321482547,0.01794538713213159
2013,Kalomo,train,0.061438230135666294,-0.007043267487186269,-0.03655026732183821
2021,Mongu,train,0.10373305771497407,0.07565071120196146,0.03551430980080788
2021,Nakonde,train,0.009171726461470131,0.03134537698213761,0.03917810173705174
2018,Ndola,train,0.04693000575589723,0.007574941154327968,-0.008871526917198913
2018,Kasempa,train,-0.021323505365318796,-0.045844233609321175,-0.06005092246756597
2018,Mansa,train,0.002130667802522579,-0.024260408696821653,-0.05121598363209874
2021,Chongwe,train,0.04879961050985365,0.0318740804041024,0.04749271417140798
2016,Namwala,train,0.027954488126235855,-0.0005873068728461488,-0.02350128262103774
2021,Mpongwe,train,-0.04970724287699402,-0.006800600074937657,0.02240239529391639
2013,Chadiza,train,-0.010696413643269953,-0.002493478516431922,0.03321286619450558
2013,Luwingu,train,-0.02125817933555496,-0.006873776894581469,-0.008883202013107579
2021,Chingola,train,0.19271130460381136,0.042823707068949876,0.021128862418187684
2019,Kasama,train,-0.024390754262467174,0.008602761773757598,0.004157921117103308
2016,Chongwe,train,0.07706837793824489,0.05006117107226149,0.02869292633107607
2020,Mpulungu,train,-0.03173517801404502,-0.023932734775124795,-0.020401482136852216
2013,Gwembe,train,-0.0038411744199937647,0.01071676686377409,0.005310622520989109
2019,Kaputa,train,0.019964519482028487,-0.028403321108496617,-0.06060541052808837
2013,Mongu,train,-0.01771506042364837,0.018160018288399596,0.068665656354793
2017,Mkushi,train,0.01929402838751748,0.00628413023373235,0.017857695941406244
2018,Serenje,train,-0.015173015594576622,-0.015444161239479112,-0.023364357816167934
2021,Mambwe,train,0.10181358299772275,0.046511026028120295,0.04296369968232821
2017,Mufulira,train,-0.04643279972957459,-0.023544462353366487,-0.014778539220143215
2015,Mufumbwe,train,0.0377348293505303,-0.004296657892607497,-0.018792566856195618
2021,Lusaka,train,-0.05674361532658789,0.022852028446571627,0.057030701100396826
2015,Kitwe,train,-0.051040680032415964,-0.02412772032593287,-0.028990994211445402
2019,Mwense,train,0.015057050052059595,-0.03534941137629977,-0.04823240293636682
2014,Kalulushi,train,0.03525160522352899,0.019869284444119752,0.014892832797035226
2021,Mporokoso,train,0.03479312263066847,0.01641190337937032,0.0023653317907860686
2021,Kalomo,train,0.04509449226212631,0.13790525659362113,0.18052898579680635
2014,Gwembe,train,0.11426557229706807,0.08475141793560385,0.07783445993726561
2021,Kasama,train,0.07277915452549721,0.03306074847411769,0.01587832958974602
2021,Chavuma,train,0.1252002437610754,0.06344516977597738,0.04642617253974459
2018,Chingola,train,-0.07186730650807982,-0.03723729317623462,-0.030511178862705515
2013,Samfya,train,-0.03859719723407573,0.018094785934933678,0.049978788804944434
2021,Kafue,train,0.018894346189280875,0.01613339216332394,0.001351097570883116
2021,Kalulushi,train,0.05864531764251224,0.05279320250412747,0.053673911369939035
2021,Nyimba,train,-0.0358584313113226,0.038134425152623774,0.05305879270095657
2013,Nakonde,train,-0.008672394108866555,-0.0004996219928383658,-0.00027258385059403413
2021,Mufulira,train,0.015270018579200073,0.021119345031911776,0.03039228744272952
2016,Chadiza,train,-0.030237359573818068,0.022523337612464816,0.047325243979646624
2021,Itezhi-Tezhi,train,0.14483086959239372,0.06942274362234788,0.04788048642194407
2017,Mpulungu,train,0.03244916458358604,0.020546910002700994,0.0034982946773750787
2017,Sinazongwe,train,0.06737161398782526,0.03567491620265695,0.006596459782266309
2016,Mpika,train,0.016979896716505793,-0.004949775294508356,-0.03622487395810363
2019,Kalulushi,train,-0.008044412692443603,-0.04006376799799854,-0.06696663776839319
2015,Masaiti,train,-0.10589419943160866,-0.021728842353145934,-0.01740746411709744
2019,Mbala,train,-0.06827014707525086,-0.07467327664131569,-0.08397955836718063
2019,Ndola,train,-0.0085144327070249,-0.0687211246483285,-0.10073384633829131
2018,Gwembe,train,-0.08978714510629604,-0.029960658041731713,-0.002499320445304379
2016,Monze,train,0.017559354858551424,0.028866612237361967,0.042563788168900774
2017,Lukulu,train,0.0669578812712478,0.022538024321885314,3.5896538395926633e-05
2013,Solwezi,train,-0.029604359524492085,-0.0022999645061260073,-0.014206390705324977
2018,Kabompo,train,-0.02053930432764428,-0.013412992685939203,-0.02223825282509009
2014,Serenje,train,0.03968978912415466,-0.004501709351274018,-0.017527772191020228
2013,Kasempa,train,0.011667215694261435,0.004285072724229928,-0.021151789741882757
2017,Nchelenge,train,0.0007825991067405003,0.016953500810109566,0.07367177309320842
2020,Namwala,train,0.08209485802184097,0.0651330342224675,0.05819397207652238
2021,Mbala,train,0.056207714857117286,0.017837138495948215,0.0034433967038068215
2020,Masaiti,train,0.06118546484106141,0.01429851956606698,0.0023758365458271813
2013,Mbala,train,0.03348384170137719,0.0248755151313359,0.04073514387314505
2014,Ndola,train,0.025594495902176106,0.03191592364820861,0.015111565858120044
2018,Mufumbwe,train,0.008140474874926196,0.027459156394763776,0.04183680879042384
2017,Gwembe,train,0.11584510271797382,0.06535564228553603,0.06057580930560216
2015,Chavuma,train,0.033753757683986585,0.0435798148294141,0.06408922320952057
2015,Chingola,train,-0.08473348608842435,-0.027100782327455438,-0.014106710962039
2013,Itezhi-Tezhi,train,-0.04465272259948594,0.011038644861231905,0.031181911791895157
2016,Nakonde,train,0.0313766644072071,0.02066766106560216,0.01857799379887853
2014,Mufulira,train,0.0618093457550547,0.04783124425682057,0.025323236061654344
2014,Lundazi,train,0.030419522034736968,-0.00875625988828966,-0.05453801006044373
2013,Zambezi,train,-0.020508210441978925,-0.05350919289877093,-0.06011536864891541
2015,Kabompo,train,0.04195220145113443,-0.01690973620433449,-0.05127657192920045
2014,Monze,train,0.060950024608233955,0.029691677904359327,0.013845446823207487
2020,Chadiza,train,0.07040152177063613,0.11071925362103521,0.14780267845190856
2015,Sesheke,train,-0.03460635919335325,-0.021568693169379656,0.008835460757063117
2018,Mkushi,train,-0.052137416199140585,-0.013759725193952878,-0.011586448413703909
2018,Kalulushi,train,-0.062396467883771844,-0.03565018772154275,-0.01451461555606376
2017,Luwingu,train,0.022117702125736383,-0.007985329201403867,-0.02522010508095271
2013,Kafue,train,-0.005231790535991654,-0.0019445059142216212,-0.014068387323283976
2013,Chilubi,train,-0.052163303613502854,-0.03174691421819263,-0.009376102414765967
2016,Chibombo,train,0.08362654376086287,0.11650458302731498,0.1412545951662532
2014,Chongwe,train,0.09316221555713738,0.10223799705616639,0.10940841330832603
2016,Luwingu,train,-0.008771482533529662,0.006216168318366629,0.0129410898984246
2020,Nchelenge,train,0.030605240865464234,0.038088399769198755,0.01785886737203578
2018,Nakonde,train,0.00726131741317404,-0.009492990917414842,-0.021506095302550307
2016,Katete,train,-0.07702292909219166,-0.06437822392172826,-0.05001502938892702
2015,Chilubi,train,0.03697735220302778,0.005391163590803313,-0.004721184968131719
2019,Chilubi,train,0.05637880833900055,0.013651573287035446,-0.022225534436800313
2013,Mazabuka,train,0.046863018678067137,0.006049726262042719,0.0014185205497470397
2014,Kitwe,train,0.04646642607445928,0.018967411340062135,0.009219659983421422
2016,Lundazi,train,-0.011236590486520037,-0.007918285960339777,0.017616768151388816
2016,Kitwe,train,0.018119682167891282,0.021710944638194618,0.026131720459245143
2015,Shangombo,train,-0.12247109242579945,-0.09374388328315028,-0.058021562291506366
2014,Kaputa,train,0.026741298812315184,-0.02287854781830355,-0.03448537368701909
2014,Mbala,train,0.002705665766041143,0.03152459813419521,0.047034589869235685
2017,Mwinilunga,train,-0.025538746549579883,-0.029774055810324843,-0.04696117668798415
2018,Kalabo,train,0.052418593903971106,0.07451043565823862,0.09451188008042587
2015,Chiengi,train,-0.03252617784480327,-0.01785139649803473,0.005129418914312232
2016,Nchelenge,train,0.04824421469187501,0.027645135527763397,0.014233251544089208
2019,Mungwi,train,-0.055492855686999354,-0.020142155681821042,-0.021012005726850063
2016,Milenge,train,-0.016302865085931928,0.012656295775910325,0.02564226522386863
2018,Masaiti,train,-0.03088869870899752,-0.007463441201655888,0.020878632579869112
2021,Petauke,train,0.03231862673006891,0.013578435838452252,0.018218866939008826
2014,Kalabo,train,0.04220706662319171,0.032611649450205275,0.03330590085026009
2020,Isoka,train,-0.03392954187548425,-0.0323723382428351,-0.0192964158698893
2014,Kafue,train,0.12851845624235525,0.087940377968215,0.05117486892221305
2018,Chilubi,train,-0.0017866419505545572,0.02059355261742273,0.039059836177824006
2016,Masaiti,train,0.01067354196294995,-0.004848444838912055,-0.01446207989900486
2020,Lufwanyama,train,0.005099117120409835,-0.0007408333265810779,-0.016286632664011157
2019,Shangombo,train,-0.1435710625275519,-0.17942940938293106,-0.22456451547670855
2015,Lundazi,train,-0.013725764180802624,-0.025608238782381595,-0.028933791586016968
2018,Lukulu,train,0.02554049471804054,0.005194818741798807,0.00534910777751152
2018,Kafue,train,-0.09801452505891334,-0.07746191688941617,-0.01744785655301258
2019,Chililabombwe,train,-0.01976390185160648,-0.03672230892868793,-0.03775560135737952
2014,Mpika,train,0.008476534100453681,0.0029399723049708475,0.012775514308099286
2015,Mbala,train,-0.05595517788554477,-0.023740957008885677,-0.0032259789797215535
2014,Luwingu,train,-0.014064562901516697,0.0247357841026709,0.023733625707400383
2020,Mansa,train,-0.01923322255211357,0.0021974676349125616,0.004762045722079217
2016,Kasama,train,-0.0518306468945835,-0.04114551743319062,-0.05136491438860119
2015,Lukulu,train,-0.08378143029818733,-0.036459671128370605,-0.010714194500209648
2015,Chinsali,train,0.04142886817132008,0.012510750456634842,0.00455005759211059
2016,Luangwa,train,-0.14659931939068038,-0.10422754517085303,-0.06239210841743969
2017,Chadiza,train,0.10007070564845716,-0.009644074312078407,-0.0715358619551435
2015,Namwala,train,-0.022427867602362594,-0.005258094972212121,-0.006602489146579197
2018,Mwense,train,0.011094388862307958,0.019273721833505328,0.06667507825688927
2018,Milenge,train,0.02096431001095478,-0.00041589258590776714,-0.0042830424750227225
2015,Mpika,train,-0.0067692927430513805,-0.0015937359738267959,0.0007883024044127156
2018,Chadiza,train,-0.12749902834860827,-0.10147122302445458,-0.08879472229040154
2019,Kabompo,train,-0.028508195014198545,-0.012330667793197827,-0.01934155768026848
2015,Siavonga,train,-0.041610972615769015,-0.025111153154502963,-0.01907283568839918
2013,Kabompo,train,-0.06249180023692891,-0.030997243356436957,-0.010554988221496813
2017,Petauke,train,-0.014392638723771556,-0.015993547334583746,-0.054313243872847264
2020,Senanga,train,0.001348286590606096,0.025934111071093807,0.045096669963071274
2017,Chavuma,train,-0.010270072370181293,-0.021705792192705888,-0.030871246969373198
2016,Serenje,train,0.0006752530586041638,-0.016392673054636205,-0.0302575692862009
2019,Livingstone,train,-0.15617114534180956,-0.15694980023153068,-0.17029233807741712
2018,Luangwa,train,-0.12241997570288406,-0.044172902454116036,-0.020667468571517945
2013,Livingstone,train,0.019368166501364997,0.00035223224576387714,-0.02005931983604189
2013,Sinazongwe,train,0.06382716094325441,0.05718523020395837,0.05358158200948655
2015,Luangwa,train,0.1286898421816994,0.08599742348157205,0.012848921544423544
2017,Kasama,train,-0.013796472099227186,0.02078586134019316,0.0300970743279594
2017,Serenje,train,-0.0387980111059123,0.03352088374173644,0.05450673593598777
2018,Lundazi,train,4.448266737544504e-05,-0.00994460935021406,-0.004769791202066245
2016,Isoka,train,0.03227258842355063,0.014035150232606836,-0.008476281165674063
2013,Chipata,train,0.0032373290862488524,-0.005086446440177187,0.007917392815006741
2019,Solwezi,train,0.03760935471985327,-0.022584225403851757,-0.03779389208033498
2018,Mwinilunga,train,-0.019500331025016027,-0.016793001524738733,-0.02837392222384558
2016,Mpongwe,train,0.0262324001969112,0.006109208044698278,-0.00035159896289313096
2020,Zambezi,train,-0.049691653147861836,-0.02033299032619658,-0.009705969528383488
2015,Sinazongwe,train,-0.05476443860743491,-0.019151722355956885,0.09160569082110953
2020,Kafue,train,-0.07502349152024657,-0.09188460830010331,-0.08597234678163551
2016,Solwezi,train,-0.03968401153572565,0.0060754505287454255,0.026411014894553407
2017,Katete,train,0.028742650025830374,-0.0011681526913200312,-0.01974362640813714
2019,Mazabuka,train,-0.27924648074942454,-0.21972754772052155,-0.14104978803549442
2020,Mongu,train,0.02153687624913972,0.012235670311446888,0.009740040918452483
2018,Monze,train,-0.05675878688358216,-0.02794878685522615,-0.026019749503284128
2016,Mufulira,train,0.018627684181126924,0.039258783470284955,0.04438323747843154
2019,Kaoma,train,-0.2003541842276018,-0.06524159904151379,-0.04023944769933961
2015,Kaoma,train,-0.010770374755044831,-0.021403505682441655,-0.026122163359773194
2021,Gwembe,train,0.08145757231926248,0.06244019837100351,0.039957078865196005
2016,Mungwi,train,0.02361805838029085,0.025616898798482102,0.017051292979920873
2018,Nchelenge,train,-0.012657735216592247,-0.0421077201358611,-0.05252027309784153
2015,Kalabo,train,-0.05298225460251349,-0.05703658186584586,-0.05520632528166465
2020,Chongwe,train,0.03728770610499205,0.03341069169690286,0.013852059541810496
2020,Chama,train,0.07447587624899504,0.008390102839457122,-0.015218576941515242
2013,Chingola,train,0.07669321970308329,0.028846172480894355,0.01302630295248305
2019,Chongwe,train,-0.2613342624156513,-0.23216853724941722,-0.17155288542214056
2015,Monze,train,-0.06606868277627626,-0.02749116858703661,-0.022090437013537485
2013,Siavonga,train,0.022420052646916433,0.024182101101275114,0.03342229620214565
2018,Lusaka,train,-0.031014730945570668,-0.03398529337486043,0.007307160061980376
2016,Mambwe,train,0.0037619230599911235,0.005970010738691668,-0.01707633799264421
2016,Samfya,train,0.03885031434421071,-0.0015245370889912513,-0.020904109316383916
2014,Namwala,train,0.07731838303566729,0.01464483848281541,-0.058610804101985714
2016,Choma,train,0.04803271189761732,0.027502909612265897,0.028042640137534842
2015,Mpulungu,train,-0.0892043891926394,-0.056847747471273136,0.015576357478315348
2015,Chipata,train,-0.057237890853350515,-0.0332391122733805,-0.004045258200717796
2014,Mumbwa,train,0.09020297497278867,0.02695079200443449,0.0028025298852064552
2019,Mambwe,train,-0.0071923953112637,-0.021906944154511422,-0.01707963501658827
2021,Mwense,train,0.02755201143967112,0.05243428117463042,0.05466916720270107
2013,Kapiri Mposhi,train,0.028188400149113058,0.029153988320568234,0.026148392678172722
2014,Kabwe,train,0.04691550926707544,0.03595404203513569,0.06133616980860908
2019,Kabwe,train,-0.06191136237946859,-0.09853386360000489,-0.09847742613901274
2016,Chiengi,train,0.06946862922099128,0.01939846784391077,0.01834840003033233
2017,Mpongwe,train,0.07591013846773553,0.03675511049714927,-0.01982911034831261
2021,Serenje,train,0.031171404185902807,-0.0017621262057705624,-0.002048700664209205
2013,Mufumbwe,train,-0.003848891887629935,0.004615695790619639,0.00613576917837453
2020,Lundazi,train,0.024090659295978534,0.009234021436537176,0.017391699045352257
2014,Kazungula,train,0.07543137547671969,0.07393886019515257,-0.029801475348720057
2019,Senanga,train,-0.13343323776781119,-0.11126228786819073,-0.09787760215798419
2019,Mporokoso,train,0.013282558280796275,0.003084371776195593,-0.006991186581304459
2019,Mansa,train,0.020246804598801016,-0.02913127496642417,-0.03777742414630042
2019,Chingola,train,-0.05803805675463891,-0.043465571021888874,-0.0381766116581292
2015,Chadiza,train,-0.00863295871951475,0.02263512595514475,0.042297670052930114
2020,Luwingu,train,-0.05304103538125948,-0.04338814061651808,-0.03878029001363074
2018,Kasama,train,-0.07284057480808126,-0.05397844348812957,-0.022337867416459874
2016,Shangombo,train,0.007903866974092039,0.003138886254569471,-0.00014358512477816122
2015,Kabwe,train,-0.015556275329512315,0.002892094442230826,0.0153458680192522
2014,Luanshya,train,0.04724543075609633,0.026506345628107317,0.01724677287791
2020,Katete,train,0.02737945184366769,0.04139691480163085,0.05750956359011583
2021,Mpulungu,train,0.1459137396917941,0.048047229722520596,0.024958403704064876
2021,Nchelenge,train,0.023311400489963163,0.039287668899482736,0.06954944281098065
2019,Gwembe,train,-0.34299745353036526,-0.26884231228807026,-0.21046436426352533
2013,Monze,train,-0.0052075048823834735,0.007785901845367815,0.02364547284889693
2018,Zambezi,train,-0.06070600740072629,-0.0023611310200182534,0.01016241769437717
2017,Namwala,train,-0.030243802373602913,-0.014155332317193986,0.0194569110273644
2019,Nakonde,train,-0.080521826208796,-0.029789725626279278,-0.01633956738968059
2018,Kalomo,train,0.014181856337603105,0.03415636988161346,0.029206284890662636
2020,Samfya,train,-0.04112438397653251,-0.02447095299602429,-0.008600428760826822
2016,Mazabuka,train,0.0725403369035375,0.07442051025409202,0.02413665298660352
2019,Kalabo,train,-0.09496644014963024,-0.10703345429783664,-0.15642937535616022
2018,Mambwe,train,-0.09799501296882307,-0.046292969329982725,-0.02256538989511395
2020,Mazabuka,train,-0.05488072487785983,-0.023497559431708073,-0.0002694245173644502
2019,Mumbwa,train,-0.23032481748282085,-0.16680211785800952,-0.12494078151697871
2017,Samfya,train,0.019816503258183515,0.005162441776695935,0.013809421894252452
2013,Petauke,train,0.006037652634535817,-0.0004377099859217255,0.005147231142167627
2013,Mwense,train,-0.03378368902333012,0.008363571536030547,-0.0017205632246647148
2017,Mumbwa,train,0.04286777047524787,0.04386012669912478,0.05256400148468199
2014,Kabompo,train,-0.00877350087842177,0.04327253642990582,0.041718245240150845
2013,Nyimba,train,0.05004659867996175,0.0622581215922951,0.07368621521447138
2015,Kazungula,train,-0.12815672409178883,-0.014626267005129853,0.011302853421530718
2017,Mbala,train,0.04910422436027051,0.04209338051752719,0.03285109176938393
2016,Mumbwa,train,0.09295663016444561,0.047667599179833,0.040990605653061084
2014,Mpongwe,train,0.005752309554357127,0.05866099406674942,0.11639764618277432
2021,Samfya,train,0.07173168049017886,-0.004711047945455887,-0.0035773511463179394
2018,Samfya,train,0.01869004472890745,0.015267383874415329,0.010447337014308486
2016,Kazungula,train,0.00784741022712171,-0.01033697370766457,0.012214860891210086
2020,Kasempa,train,0.06876258141968616,-0.01002643055959708,-0.0416411836447685
2020,Itezhi-Tezhi,train,-0.05701968342975999,0.02108010240094821,0.041859841096305014
2019,Chibombo,train,-0.16038655412765201,-0.16655683462035778,-0.14217733559495915
2020,Chipata,train,0.045917380082117765,0.04740493143632446,0.040953823210839
2017,Monze,train,0.13311890352990807,0.12197596407010869,0.11009218390117509
2015,Luanshya,train,-0.0456073306499889,-0.028188874653105853,-0.021192438465317917
2021,Chiengi,train,-0.010932903265438554,0.06267500310268342,0.07255264639772044
2015,Mansa,train,-0.05764739270926411,-0.01251452779987803,-0.0014881585266703664
2021,Luwingu,train,0.06884990083554676,-0.005990527038484994,-0.0025924594119646374
2020,Chilubi,train,-0.06932842885115431,-0.027185239519391516,0.017150600401243606
2014,Sinazongwe,train,0.21662794640024652,0.16116846254390838,0.05591947766406714
2014,Kapiri Mposhi,train,0.06420019841201319,0.03815790440130283,0.027556776139181085
2019,Mpika,train,-0.00667209073860997,0.013976766823442972,0.02436345949897827
2014,Mungwi,train,0.009028032732585789,-0.0018078851555885253,0.001956855956618256
2020,Milenge,train,-0.08700732950599432,-0.037226834531378906,-0.002130132474289806
2021,Siavonga,train,0.10666502850853299,0.09066346276048405,0.08945351830964038
2016,Siavonga,train,0.08738206530894654,0.058150383287778606,0.027023180806689775
2018,Solwezi,train,0.014771926606626351,-0.03261409790627022,-0.04726297393447238
2017,Masaiti,train,-0.015842611849793575,-0.0029944428857261863,-0.012570568400365072
2015,Mpongwe,train,0.027977358766741567,0.03824453252514764,0.04010287925680137
2015,Kasama,train,0.05606652325814876,0.01193216122331733,-0.034507268326969445
2018,Lufwanyama,train,-0.08146155317952725,-0.03318554529887627,-0.009614284918233861
2019,Samfya,train,-0.05871095030605156,-0.030655273096580636,-0.004037102688238634
2015,Mongu,train,-0.04815432968212158,-0.040804061526146976,-0.03351566920678912
2013,Lufwanyama,train,0.043777284884441936,0.022327256380362502,0.022411273902095425
2014,Chinsali,train,0.011957500099681773,-0.0003568429899264564,0.008555678296674207
2019,Milenge,train,0.04231233128858003,0.0311893591453339,0.009864874021851933
2020,Luanshya,train,0.04597537314576494,0.015278636718948316,-0.02523060566392569
2021,Chibombo,train,0.030837309235041688,0.03152115743508022,0.021262765303377677
2013,Ndola,train,-0.05100591444298819,-0.01576584504100905,-0.02270485785713875
2015,Chibombo,train,-0.044583586161027866,-0.01648428749662364,-0.012599959310653792
2018,Mpongwe,train,-0.04317497903110645,-0.04514905495149211,-0.007284239028546362
2021,Zambezi,train,0.12068911963467266,0.07335515670033581,0.0597042764492866
2020,Siavonga,train,-0.07965186926382767,-0.0613063617771582,-0.03642406368315598
2018,Shangombo,train,-0.007343749145475448,0.010977396240678188,0.0056192600383709575
2016,Lukulu,train,0.0717810076868674,0.04234147190843533,0.04101506940156046
2017,Siavonga,train,0.04936120388536125,0.07953667215236015,0.09291558544583234
2014,Kasama,train,0.06334560640324804,0.013351239792235476,0.009831606262512022
2013,Chibombo,train,0.009583581109071315,0.010408569875924355,0.012561048436484083
2019,Kazungula,train,-0.2303027059131262,-0.20972106839033075,-0.19964218763851524
2015,Mwense,train,-0.05458599102505424,-0.03227799833113333,-0.028565506504786176
2016,Kafue,train,0.030857004683515266,0.06721726097220192,0.05299630061779753
2021,Isoka,train,0.04990559200998923,0.048631567391255515,0.05347539251744372
2020,Monze,train,0.08942197596068246,0.07333846955211487,0.06923274500277145
2020,Ndola,train,-0.04447213964832475,0.015052623356470368,0.023834051994132795
2016,Kabompo,train,0.06785784537044925,-0.0003905212677491992,-0.026350727333635193
2018,Kaputa,train,-0.035727835569538846,-0.02916743485813704,-0.10534775234131041
2018,Chongwe,train,-0.009858496889995294,-0.002268563218059655,-0.012769806411451833
2017,Solwezi,train,-0.09560513095406659,-0.000675863530613234,0.04469952576618916
2021,Ndola,train,0.0349391799085631,0.055036148298677826,0.06371944156395658
2016,Nyimba,train,0.008683932581185605,0.00043318419431630223,0.00745829928022564
2021,Kaputa,train,0.017580801322573558,0.02796609835298043,0.044961028137466184
2013,Senanga,train,0.03997681992801996,0.05058722735273147,0.05862064157912518
2013,Kaoma,train,0.07872090256783126,0.005350772935824685,-0.01130609543790232
2020,Kaputa,train,-0.030439348918539277,-0.014142454147403088,0.028706805353689743
2016,Sesheke,train,0.037031921629344045,0.03378848465704506,0.03551812202117945
2019,Kapiri Mposhi,train,-0.060623229284083036,-0.07967499696077626,-0.0722825089927143
2013,Katete,train,0.020900827222693652,0.024149461811417097,0.029327406036913726
2020,Kazungula,train,-0.0012520057630845405,-0.046660798152899904,-0.06296002326605527
2020,Mufulira,train,-0.006502060442500013,-0.005301961343370152,0.005827769307582577
2017,Chingola,train,-0.052637547100540916,-0.0029218674813826923,0.058763836689896654
2019,Chavuma,train,-0.1547348661173638,-0.11973510815589657,-0.09233630227829326
2016,Mbala,train,-0.040236037404334235,-0.0015296244890461112,0.006787117278238882
2013,Kasama,train,-0.001807210612481236,-0.006300378339274451,-0.008933502395307939
2016,Lufwanyama,train,0.06537105836214335,0.001070870131586639,-0.030790837606329224
2018,Mazabuka,train,-0.07703235062622144,-0.05196050955340566,-0.037313052765209735
2020,Kasama,train,-0.02752562551005322,0.013691566656974602,0.050890166049838495
2016,Itezhi-Tezhi,train,0.03263972329135695,0.06153207446901913,0.08845865937096029
2020,Mambwe,train,0.005996384008576827,0.01388362457279362,0.022928357568589953
2016,Gwembe,train,0.122242461666627,0.08426972945198004,0.07720002292493097
2017,Kalabo,train,0.03689059297122291,0.038697679029074714,0.046441523476009196
2019,Kitwe,train,-0.06446265496057069,-0.05954889293667496,-0.02643214883685712
2013,Kaputa,train,-0.08788128062830408,-0.010126982026392749,0.0018630637694122118
2019,Mpongwe,train,-0.023377822925982228,-0.03353947970090912,-0.044487952665036405
2017,Chiengi,train,-0.03956404625803733,0.002007140412875103,0.021847063931824597
2017,Livingstone,train,0.10259503347586207,0.07823781692015652,0.08430138391149035
2020,Nyimba,train,0.056258983551870645,0.012219037986758108,-0.00941573613785696
2020,Chinsali,train,-0.03062976123629535,-0.029608033340345674,-0.020123940079363366
2013,Namwala,train,-0.08190812687462562,-0.08664299387454076,-0.08667442635791371
2015,Ndola,train,-0.06831924890399738,-0.039902784063189485,-0.02931560753545639
2016,Lusaka,train,0.30364551640683124,0.2413005036520777,0.13120567128846616
2017,Chama,train,0.06184625673094041,0.07763123529436862,0.08862424145162676
2021,Luangwa,train,0.018515675532046832,-0.002458772545801881,0.003001155928843229
2014,Mufumbwe,train,0.007306921155737722,0.014561030030464717,0.007400632506921855
2015,Lusaka,train,-0.001649424544893141,-0.00863608745446446,-0.009156477445133385
2017,Isoka,train,0.013046608698919382,0.046000056133967314,0.03197059875079582
2016,Mwinilunga,train,0.009200995830427106,-0.036107071170970444,-0.04553167166911042
2016,Kasempa,train,0.010929975527101954,0.031722016539852314,0.03595813604584967
2017,Mporokoso,train,0.0022160762026839365,-0.0035697448816046883,0.0026731199340407517
2013,Isoka,train,-0.03562719925823854,-0.003162271574137917,0.004886734765968203
2018,Mufulira,train,-0.02538900363964014,-0.052743289463954623,-0.03431269467764428
2020,Chavuma,train,0.022920031668114182,0.023216909066230237,0.015415378761917804
2015,Gwembe,train,0.040171720128749644,-0.01149087156726094,-0.03633943400185349
2018,Kabwe,train,-0.12027241940445288,-0.07179679779187416,-0.019876901037070505
2021,Kabwe,train,0.09418642704912883,0.04612995043509835,0.01206469335396847
2015,Mufulira,train,0.060207885227390734,0.011249096243524867,-0.009257589364438011
2017,Kabompo,train,0.005018976456531932,0.015338210078645801,0.006536296934661592
2021,Kazungula,train,0.08834022242659884,0.09101790600778434,0.08284570672048638
2021,Lundazi,train,0.010624651527716078,0.05074700860931544,0.07084932447214473
2013,Serenje,train,0.02280285774721469,0.036826038657246825,0.03958631230054273
2018,Kawambwa,train,-0.02127000613050567,0.0009460558158365731,0.015618375641683693
2013,Mpulungu,train,-0.09072662781480068,-0.03792939682342927,-0.022177977979881292
2018,Mongu,train,-0.006269222265984087,-0.015064112822940276,-0.02515220535383539
2014,Chavuma,train,0.01969238147855923,0.009470930557853863,-0.00590600660634267
2017,Lusaka,train,-0.02649799760520083,-0.01906351897379714,0.05518088616712053
2021,Luanshya,train,0.007944619910445372,0.04150025868738369,0.04569453562649009
2021,Kitwe,train,0.05968027390164388,0.033079871132179764,0.008822858008646631
2014,Kasempa,train,0.023127384115538385,0.03262465249683234,-0.0009879795678637672
2017,Choma,train,0.08092443707756136,0.07854581554495169,0.10021476827731936
2015,Nakonde,train,0.03886285245898813,-0.007509446342925442,-0.02902561378025627
2014,Luangwa,train,0.15404091117242205,0.05749949044813576,0.014390507607053016
2020,Luangwa,train,-0.045780110116449335,-0.0399378096494347,-0.0364076725317262
2017,Shangombo,train,0.056950887350276064,0.03928002978007443,0.04694802455476123
2016,Mporokoso,train,0.002370852511762722,0.0639891812924612,0.09966175032761906
2017,Kalulushi,train,0.0030920098396496343,0.022981246865676153,0.09348941766965668
2015,Mazabuka,train,0.02081295056389293,0.015040580936265709,0.009034132420634815
2015,Solwezi,train,0.03823359054331138,-0.01733228481281333,-0.043058525063685044
2018,Livingstone,train,0.044535323268818594,0.029401512847621297,0.007025943882384619
2020,Shangombo,train,0.08585553503672347,0.057974522648188295,0.03277485717015259
2015,Kalulushi,train,-0.05314549465531859,-0.06527785369971824,-0.07308128044773209
2018,Chibombo,train,0.0040506744493796765,-0.04488266678742338,-0.05840486157093846
2021,Chinsali,train,0.015209902059932778,0.03745546222744084,0.0474815064319854
2014,Lukulu,train,0.0273431719596669,0.02946897744975107,0.031918297303579556
2015,Chama,train,0.006067827994079622,-0.012825301426733843,-0.03050249933656714
2020,Chiengi,train,0.05362031566463876,0.027288947705083957,0.009610913120743315
2018,Chipata,train,-0.02554044522859278,-0.07019193965590959,-0.08592403266876764
2013,Chiengi,train,0.005470921148686303,-0.0004245988417930225,1.2561379357920203e-05
2017,Chilubi,train,0.07424451891756145,0.03586362145338168,0.014034597594555111
2018,Chiengi,train,-0.03582112190872877,-0.052350940150800156,-0.050262062129000924
2019,Mongu,train,-0.05313132159235967,-0.05017822545272117,-0.024769323835890936
2015,Kaputa,train,-0.00916487149414913,-0.018448427334621376,-0.01188602875142389
2017,Kabwe,train,0.08040302758756535,0.07099236532311351,0.061444591046555086
2019,Isoka,train,-0.004004973459073247,-0.04128072166702379,-0.08154403796248462
2021,Choma,train,0.05171905827673495,0.0716605126790448,0.08162215889922457
2021,Mazabuka,train,-0.028235399747872147,-0.0264646632194675,0.011285514754202667
2017,Itezhi-Tezhi,train,0.13492374728440493,0.0691940265049483,0.01766369045975964
2018,Chavuma,train,-0.03656147610419008,0.001728076119127002,0.013152574572781702
2015,Samfya,train,-0.010656011304820745,0.022837199541005816,0.025812709546891223
2019,Nyimba,train,-0.06920048786319394,-0.06338855670272797,-0.06510207527090105
2014,Mazabuka,train,0.14509034099884804,0.13446526464202857,0.11154297347848964
2021,Mwinilunga,train,0.0013436008164418034,0.03610168566069692,0.06276339235094795
2018,Mbala,train,0.022959915680323628,-0.016386774139756602,-0.028149754270703438
2016,Kapiri Mposhi,train,0.05088865610114035,0.0030945757157248063,-0.001819263812647866
2021,Masaiti,train,0.058390528028368804,0.024860213886453583,0.013506846999733672
2018,Nyimba,train,0.01923317054194118,-0.0007782906010471921,-0.012409400766404054
2013,Milenge,train,0.014066425299850582,-0.003782635035135533,-0.0023973132845452405
2017,Luanshya,train,-0.011772773886478682,-0.01638713022540522,0.008836235069553016
2017,Kazungula,train,0.1559185369486938,0.06729204376396208,0.02209334755298672
2021,Kaoma,train,0.008311689948099443,0.016299630103048576,0.025866297927842744
2018,Choma,train,-0.05651024386964931,-0.045188498798893535,-0.05716361958648887
2018,Sinazongwe,train,-0.020382266894708123,-0.0173962832726007,-0.024742328653989232
2020,Kalabo,train,0.016432441253758034,0.01825027202616264,0.013550561811190851
2021,Lufwanyama,train,0.02552945339928675,0.04695319053710162,0.04444088691215363
2015,Petauke,train,-0.008925919155329254,-0.019332073591362825,-0.02601059133956643
2017,Mazabuka,train,0.15408830885703234,0.09167419783067211,0.06446002938097707
2015,Kasempa,train,0.018811091377177624,0.027081288793190876,0.028392442388628453
2021,Kabompo,train,0.00548377717907822,0.01543041479910559,0.016523315204671804
2013,Kalulushi,train,0.013206704769391675,0.017125086216106165,0.02611547334047209
2018,Itezhi-Tezhi,train,0.05111409207280332,0.018143659849596424,-0.009753958856189878
2015,Chililabombwe,train,-0.044314081842960595,-0.014304268190920046,0.010864190090355453
2013,Lusaka,train,-0.10567365630765091,-0.09162961236725575,-0.09680316656451642
2018,Kapiri Mposhi,train,-0.03913221031874914,-0.020370107997707883,-0.013303832855334024
2016,Chipata,train,-0.02541084361519025,-0.011054601600911047,0.06119450815370486
2020,Petauke,train,-0.027655572126983163,0.02005819243848142,0.09576666070563677
2015,Mkushi,train,0.04403934962164324,0.010660272647628083,-0.025830784939657344
2014,Choma,train,0.10512727202374428,0.11835298623290064,0.0965263053413258
2014,Chipata,train,0.050355489229533035,0.06497127114281243,0.07523166528525958
2020,Mpika,train,-0.020910790167888993,-0.01059449918526112,-0.006063076339903565
2015,Isoka,train,-0.012318159552632046,-0.005789159004802322,-0.00036882099066124743
2016,Luanshya,train,-0.05248947756587696,-0.011719750680084382,-0.012395161855947792
2016,Chilubi,train,-0.04432230504437806,-0.016567757211058274,-0.0048473803026999355
2019,Lundazi,train,-0.010605213505243238,-0.012392439692716223,-0.030765717347442517
2018,Kazungula,train,0.032173890688865614,0.04909629728912489,0.05239550190455515
2019,Siavonga,train,-0.2355055061205395,-0.26184023354166003,-0.2870203299839767
2014,Mporokoso,train,-0.02160153262475306,-0.028931314896452287,-0.03267420361604787
2019,Chiengi,train,-0.009715616757308365,-0.04074262357392689,-0.051432509750679464
2014,Milenge,train,0.02596712799254086,-0.0024202927688198976,-0.007695675601638
2015,Luwingu,train,0.03616628060576088,0.023532213295737667,0.012397202648550954
2016,Livingstone,train,-0.053944001997479715,0.018302684012107905,0.0639686750160083
2015,Mungwi,train,0.03436057891390787,0.011430342810162347,0.012325903578447596
2014,Nyimba,train,0.0248397189559465,-0.002440963823783393,-0.022385283031206626
2021,Chililabombwe,train,0.11079353259894376,0.046633808798124426,0.006872249228810189
2021,Shangombo,train,0.08890761262320077,0.10311611630911315,0.10763346790332486
2015,Itezhi-Tezhi,train,-0.113941898090298,-0.054198322649278756,-0.021805540441426227
2014,Chibombo,train,0.09965503622329797,0.058615366660882316,0.056100449761148405
2016,Kalulushi,train,0.01339073775645172,0.028222989389230266,0.03552786245902414
2013,Mufulira,train,-0.07759106993105769,-0.03786875584185103,-0.02216579367155478
2019,Mwinilunga,train,0.03449448092772722,0.0465724428453384,0.01984829448411982
2020,Kabwe,train,-0.052241296504576706,0.008868288857069626,0.03430237527598132
2014,Kawambwa,train,-0.009738306636416838,-0.0032014774875080408,-0.006734541009034111
2016,Ndola,train,0.10046187255431593,0.017322932292763972,-0.013479159943258453
2017,Ndola,train,-0.03561381841861733,-0.0025128149979230137,0.014400185293933821
2017,Kitwe,train,-0.008763047151007619,0.009918386152170059,0.02051270431725258
2013,Luanshya,train,0.014819531880517656,-0.010743499133015495,-0.030120828191841996
2013,Mpika,train,0.0018697297120334744,0.015303561058425577,-0.0002685470134090814
2016,Kabwe,train,0.007987364445553258,0.024251840567997666,0.024448386361873076
2019,Kalomo,train,-0.2884036212254564,-0.26252337518751684,-0.24313044193980407
2013,Chongwe,train,0.014874849195418594,0.01685316023804371,0.03512617206755575
2020,Mporokoso,train,0.025966060136751734,-0.002985320201029539,-0.0065286760122097035
2021,Mpika,train,0.016137795205011574,0.02307899678044348,0.02168890451834904
2020,Gwembe,train,-0.03735665607302607,0.0027600869891627605,0.01955053288468253
2013,Chinsali,train,0.025385012798428308,0.021174350302770012,0.012979896466638398
2019,Nchelenge,train,-0.09028571993745071,-0.07986698487069369,-0.05700910556916355
2021,Solwezi,train,0.05452715303552813,0.06870235348563193,0.05671789732374706
2016,Kalomo,train,0.051368339736120594,0.03447113253532465,0.03542005278343593
2019,Chipata,train,-0.045057289508155296,-0.057810331289795014,-0.14437638354821916
2015,Nyimba,train,-0.05400348513638897,-0.04643695779843525,-0.020148538904908093
2013,Mungwi,train,-0.011513814339784822,-0.01509720077123635,-0.023425374599909975
2021,Lukulu,train,0.048235147277002954,0.034520017964918666,0.027690227242016488
2013,Mkushi,train,0.01770051635799097,0.008059358125448718,0.03766067754533031
2019,Sesheke,train,-0.10170254219946345,-0.10922754130697787,-0.1251104155721055
2017,Mufumbwe,train,-0.03612511896686832,-0.017049680805008086,-0.012669982308573758
2020,Chingola,train,-0.006576298507042555,0.021419086158984343,0.03787538099362775
2018,Sesheke,train,0.03111247986149243,0.046094037795551185,0.05211682492137651
2020,Livingstone,train,0.04361662409324368,0.030655554205880987,0.03643606609717732
2013,Chama,train,-0.03349045134278028,-0.004074994958204639,-0.013410985997538068
2021,Mansa,train,0.08147556699996639,0.06031747490887254,0.0484624993267949
2016,Kaoma,train,0.0838700401701315,0.03207479593538217,0.02704118714703885
2021,Sinazongwe,train,-0.005016113602400896,0.04132008817340033,0.05659142186680204
2014,Petauke,train,0.035679712020389165,0.005576769895058648,-0.04318010991870313
2013,Nchelenge,test,-0.046584669742516405,0.009367146140367974,
2020,Mungwi,test,-0.016219822115775995,-0.007636939644623066,
2013,Lukulu,test,0.0,-2.778359743485902e-17,
2016,Sinazongwe,test,0.0,-2.778359743485902e-17,
2015,Mumbwa,test,-0.0068421078013348735,0.010163056345035254,
2020,Mwinilunga,test,-0.042450586547727376,-0.02022864698806847,
2019,Lufwanyama,test,-0.01947598057484312,-0.019456349950855625,
2019,Katete,test,-0.0010166889961212844,-0.04720555058276932,
2015,Nchelenge,test,0.054393703810676985,-0.012457923708805767,
2017,Chipata,test,0.0,-2.778359743485902e-17,
2021,Mufumbwe,test,-0.056442983255536205,0.008741917975275154,
2019,Serenje,test,0.0,-2.778359743485902e-17,
2016,Kalabo,test,-0.026984218076805844,-0.028853973868183294,
2018,Katete,test,-0.09842618227195782,-0.016229484110348927,
2014,Mongu,test,-0.002532148241911919,-0.023598142297724674,
2019,Kawambwa,test,-0.04433724140026063,-0.0018198803858044503,
2018,Isoka,test,0.0,-2.778359743485902e-17,
2021,Sesheke,test,-0.04530657774048011,0.06612588774834416,
2017,Kafue,test,0.1360905716988819,0.06841323754784141,
2017,Mongu,test,-0.04687842112775992,0.00919517578659721,
2014,Chingola,test,0.0,-2.778359743485902e-17,
2021,Kawambwa,test,0.03446948149269513,0.04292196574086722,
2013,Mambwe,test,-0.06371721149875093,0.031175226727515482,
2017,Milenge,test,0.036938210218661505,-0.010389281062919819,
2016,Mansa,test,-0.005571375611033047,0.027915379262179844,
2013,Mporokoso,test,0.0,-2.778359743485902e-17,
2020,Kitwe,test,0.03018361560656213,0.016135662893537128,
2014,Mkushi,test,0.08633576312394453,0.058450529043735905,
2014,Livingstone,test,0.08858415598507757,-0.024833294783324803,
2019,Zambezi,test,-0.07689067456882392,-0.0018064070749858714,
2018,Chililabombwe,test,0.024089578041674664,-0.00668461784003424,
2016,Mwense,test,0.06893705974261555,0.0324714415048249,
2015,Senanga,test,-0.09113113549073623,-0.04789225911295627,
2017,Mungwi,test,-0.008560649367348572,0.06953557732025073,
2014,Katete,test,0.08594889251007298,0.0408908461153724,
2014,Senanga,test,0.022161266964699,0.01006147257095949,
2014,Mwinilunga,test,0.03648419513499179,0.012122029207165848,
2016,Chinsali,test,-0.03253258180595309,0.003911369982460369,
2019,Kafue,test,-0.2236370113451544,-0.12421675389090277,
2017,Zambezi,test,-0.020047959935127924,-0.0002447452011428068,
2021,Milenge,test,0.06972449359413968,0.026558529385723895,
2014,Samfya,test,0.0,-2.778359743485902e-17,
2013,Mwinilunga,test,0.012554835622602067,-0.023721071323726275,
2015,Kawambwa,test,0.0325136444615689,-0.05446262332897781,
2019,Petauke,test,0.009246041873130328,0.011790753482705668,
2018,Petauke,test,-0.009246041873130273,-0.011790753482705094,
2014,Kaoma,test,0.02216896458454387,0.010621417212181732,
2018,Namwala,test,0.049656475400995825,0.06631425379347436,
2015,Mwinilunga,test,-0.006588444209866484,0.03182768910462817,
2016,Zambezi,test,0.019086389469903375,0.002534570549026409,
2017,Kalomo,test,0.0,-2.778359743485902e-17,
2016,Mkushi,test,0.02613962549148241,0.007605929265014022,
2020,Chililabombwe,test,0.044225012253750196,-0.022374205694484783,
2016,Chililabombwe,test,0.03265480035028945,0.007206595706946008,
2014,Mansa,test,0.050430870740131306,-0.01436037235485068,
2021,Mkushi,test,-0.003958775883370458,-0.026863541238738728,
2020,Kapiri Mposhi,test,0.05907086856920407,-0.004815565791426713,
2021,Kapiri Mposhi,test,-0.05907086856920407,0.004815565791426658,
2015,Livingstone,test,-0.28854457829729036,-0.04359460560056616,
2018,Chama,test,-0.07499072055911049,-0.013407528156339527,
2016,Mufumbwe,test,0.056442983255536205,-0.00874191797527521,
2013,Chavuma,test,-0.010908188859569679,-0.07849929984188984,
2014,Sesheke,test,-0.03937561319467012,-0.10262785067800191,
2016,Senanga,test,0.040929882094853015,0.009469445539595445,
2014,Chilubi,test,0.015727962447896315,0.016724989426938938,
2017,Chililabombwe,test,-0.04634473468144418,-0.0007320886189559378,
2017,Chinsali,test,0.05380584421263368,0.09974177921333291,
2016,Kawambwa,test,-0.006015339732984737,-0.004603981932805309,
2020,Mwense,test,-0.06893705974261544,-0.032471441504824464,
2014,Lusaka,test,0.0,-2.778359743485902e-17,
2017,Mpika,test,0.0,-2.778359743485902e-17,
2019,Namwala,test,-0.04965647540099581,-0.06631425379347443,
2013,Kitwe,test,-0.004482270890583506,0.015296311682562885,
2017,Lufwanyama,test,0.021873723784546883,0.011499521370882856,
2021,Chama,test,0.03455628982690595,0.0419965887691522,
2020,Kalulushi,test,0.0,-2.778359743485902e-17,
2015,Milenge,test,-0.10666270381280119,-0.016169248322802518,
2014,Masaiti,test,-0.007622524496285643,0.025825683710318684,
2013,Kazungula,test,0.0,-2.778359743485902e-17,
2021,Livingstone,test,0.19996042231221278,0.06842790038389023,
2014,Chama,test,0.04043443073220454,-0.02858906061281307,
2019,Mufulira,test,0.0,-2.778359743485902e-17,
2013,Shangombo,test,0.0,-2.778359743485902e-17,
2017,Kawambwa,test,-0.0011178153955800907,0.03629041952301727,
2014,Mambwe,test,0.05263209337412095,-0.00252489836998503,
2017,Kaoma,test,-0.0007380130110835603,0.002050589745251883,
2017,Chongwe,test,0.04504528839736488,0.01976296370386969,
2019,Luangwa,test,0.0,-2.778359743485902e-17,
2021,Mungwi,test,0.0022726653960982723,0.017127342335279162,
2021,Chilubi,test,-0.015727962447896315,-0.016724989426939136,
2020,Kabompo,test,0.0,-2.778359743485902e-17,
2013,Kawambwa,test,-0.015512729425438465,-0.018325899616295972,
2020,Kaoma,test,-0.021430951573460366,-0.012672006957431266,
2013,Kalabo,test,-0.02105690119095005,-0.01853095332477326,
2015,Kafue,test,0.08754643964627246,0.0558035163430609,
2014,Itezhi-Tezhi,test,0.0,-2.778359743485902e-17,
2020,Sesheke,test,0.0846821909351502,0.036501962929658474,
2014,Chadiza,test,-0.012989002051479015,0.1853115393038355,
2014,Chiengi,test,0.0,-2.778359743485902e-17,
2016,Mongu,test,0.049410569369671864,0.014402966511127007,
2019,Masaiti,test,0.007622524496285754,-0.025825683710318882,
2017,Nyimba,test,0.0,-2.778359743485902e-17,
2017,Nakonde,test,0.02006486478666658,-0.005151366923695486,
2013,Chililabombwe,test,-0.05462465596427024,0.02258431644652882,
2020,Nakonde,test,-0.020064864786666692,0.005151366923695409,
2014,Mpulungu,test,0.06940819872758541,0.0038442764018241336,
2021,Chadiza,test,0.012989002051478904,-0.18531153930383568,
2019,Mpulungu,test,-0.06940819872758541,-0.0038442764018244927,
2017,Mambwe,test,0.011085118124629811,-0.028650328357529193,
2017,Chibombo,test,0.0,-2.778359743485902e-17,
2016,Chavuma,test,0.010908188859569568,0.07849929984189001,
2018,Chinsali,test,-0.021273262406680593,-0.10365314919579391,
2020,Mbala,test,0.0,-2.778359743485902e-17,
2017,Lundazi,test,0.0,-2.778359743485902e-17,
2014,Lufwanyama,test,-0.002397743209703762,0.007956828579972864,
2021,Kalabo,test,0.048041119267755866,0.047384927192956436,
2018,Siavonga,test,0.0,-2.778359743485902e-17,
2015,Chongwe,test,-0.04504528839736499,-0.019762963703869943,
2018,Mungwi,test,0.022507806087026183,-0.07902598001090655,
2017,Kaputa,test,0.0,-2.778359743485902e-17,
2021,Senanga,test,0.02803998643118427,0.028361341002402507,
2020,Mumbwa,test,0.0068421078013348735,-0.010163056345035483,
2013,Mansa,test,-0.04485949512909826,-0.013555006907329584,
2013,Mpongwe,test,0.0,-2.778359743485902e-17,
2015,Katete,test,-0.059377356360599765,-0.03708502740735756,
2019,Mkushi,test,-0.1085166127320567,-0.03919291707001012,
2018,Kitwe,test,-0.025701344715978403,-0.03143197457609954,
2014,Zambezi,test,0.07785224503404847,-0.0004834182728982941,
2014,Nchelenge,test,-0.00780903406816047,0.003090777568437728,
2021,Katete,test,0.07287133511860566,0.05962921598510138,
