,district,year,yield_mt,log_yield,district_yield_mean,demean_yield,k-fold_prediction,k-fold_district_prediction_mean,k-fold_demean_prediction,logo_prediction,logo_district_prediction_mean,logo_demean_prediction
0,Chadiza,2016,1.8764269,0.4588533415702706,0.5038620331071084,-0.04500869153683784,0.4559524253202353,0.46935782578124646,-0.013405400461011185,0.35058452729555845,0.4736740900052467,-0.12308956270968824
1,Chadiza,2017,2.8829465,0.5891614067925458,0.5038620331071084,0.08529937368543739,0.4219616220122925,0.46935782578124646,-0.04739620376895398,0.4365030390117651,0.4736740900052467,-0.03717105099348156
2,Chadiza,2018,1.299279,0.3615916727954804,0.5038620331071084,-0.14227036031162804,0.41021994078396634,0.46935782578124646,-0.05913788499728012,0.44238819525036055,0.4736740900052467,-0.031285894754886134
3,Chadiza,2019,2.131008409,0.49568423401020634,0.5038620331071084,-0.008177799096902083,0.44105611769265834,0.46935782578124646,-0.028301708088588118,0.5092205107560018,0.4736740900052467,0.03554642075075515
4,Chadiza,2020,2.62653792,0.5594922229147248,0.5038620331071084,0.05563018980761636,0.5370702727227882,0.46935782578124646,0.06771244694154172,0.6927169246997804,0.4736740900052467,0.21904283469453373
5,Chadiza,2021,2.617339915,0.5583893205594228,0.5038620331071084,0.05452728745231439,0.549886576155538,0.46935782578124646,0.08052875037429158,0.4106313430180138,0.4736740900052467,-0.06304274698723289
6,Chama,2016,1.2574561,0.35361931348692327,0.47004463639934496,-0.11642532291242169,0.4084210417081959,0.46417988403867166,-0.05575884233047579,0.4679394660773397,0.45884561176640193,0.009093854310937788
7,Chama,2017,2.3080082,0.5195665774253513,0.47004463639934496,0.04952194102600632,0.49240652436643123,0.46417988403867166,0.028226640327759567,0.43427308659606495,0.45884561176640193,-0.02457252517033698
8,Chama,2018,1.668139,0.4262084509418548,0.47004463639934496,-0.043836185457490184,0.43116011276126465,0.46417988403867166,-0.03301977127740702,0.39930025907349015,0.45884561176640193,-0.05954535269291178
9,Chama,2019,1.837408192,0.4529218182706636,0.47004463639934496,-0.017122818128681383,0.4436083139090851,0.46417988403867166,-0.020571570129586547,0.4289832517405447,0.45884561176640193,-0.029862360025857237
10,Chama,2020,2.405620073,0.5321961969434059,0.47004463639934496,0.06215156054406096,0.49453188665614745,0.46417988403867166,0.030352002617475782,0.5895391077480905,0.45884561176640193,0.13069349598168856
11,Chama,2021,2.433645548,0.5357554613278712,0.47004463639934496,0.06571082492852626,0.5149514248309055,0.46417988403867166,0.05077154079223384,0.43303849936288136,0.45884561176640193,-0.02580711240352057
12,Chavuma,2016,2.8063221,0.5805055365347381,0.5162886815442328,0.06421685499050533,0.504347324857499,0.5029383909223736,0.0014089339351254226,0.5572225763552859,0.4966279942244878,0.06059458213079816
13,Chavuma,2017,2.190542,0.5038644660084595,0.5162886815442328,-0.01242421553577333,0.4807193255411031,0.5029383909223736,-0.022219065381270497,0.3880346529064158,0.4966279942244878,-0.10859334131807197
14,Chavuma,2018,2.0031226,0.4775730622744507,0.5162886815442328,-0.03871561926978212,0.4863934032142954,0.5029383909223736,-0.016544987708078163,0.6536865919534687,0.4966279942244878,0.1570585977289809
15,Chavuma,2019,1.287703161,0.35939967226127695,0.5162886815442328,-0.15688900928295585,0.3839318822623424,0.5029383909223736,-0.11900650866003115,0.49018779807566415,0.4966279942244878,-0.006440196148823629
16,Chavuma,2020,2.443932018,0.5370545700467549,0.5162886815442328,0.020765888502522145,0.5329007781269102,0.5029383909223736,0.02996238720453659,0.5788886994314646,0.4966279942244878,0.08226070520697681
17,Chavuma,2021,3.358477237,0.6393347821397162,0.5162886815442328,0.12304610059548338,0.6293376315320917,0.5029383909223736,0.12639924060971808,0.31174764662462745,0.4966279942244878,-0.18488034759986033
18,Chibombo,2016,2.4415317,0.5367517742011487,0.4449259422084808,0.09182583199266792,0.5009964727737669,0.45082452344206,0.05017194933170693,0.3817435278488082,0.4793287832541127,-0.0975852554053045
19,Chibombo,2017,1.9416062,0.4685845322207972,0.4449259422084808,0.023658590012316405,0.47151569640750196,0.45082452344206,0.020691172965441984,0.49983367763144637,0.4793287832541127,0.02050489437733366
20,Chibombo,2018,1.8653383,0.45717590488966553,0.4449259422084808,0.012249962681184723,0.44885327969730215,0.45082452344206,-0.0019712437447578224,0.5638835898396296,0.4793287832541127,0.0845548065855169
21,Chibombo,2019,0.962179239,0.29273867631263384,0.4449259422084808,-0.15218726589584697,0.3594583653951864,0.45082452344206,-0.09136615804687359,0.4483128615230158,0.4793287832541127,-0.031015921731096907
22,Chibombo,2020,1.693656581,0.430342225951312,0.4449259422084808,-0.01458371625716881,0.43585847210240725,0.45082452344206,-0.01496605133965273,0.599765318349676,0.4793287832541127,0.12043653509556324
23,Chibombo,2021,2.047632103,0.48396253967532754,0.4449259422084808,0.039036597466846734,0.4882648542761953,0.45082452344206,0.03744033083413534,0.38243372433210077,0.4793287832541127,-0.09689505892201195
24,Chiengi,2016,2.6454489,0.5617510149006553,0.49679159512901677,0.0649594197716385,0.547272864311415,0.5021129512383323,0.04515991307308265,0.37624729245797417,0.5322351684537344,-0.15598787599576025
25,Chiengi,2017,1.8360791,0.45271833942162665,0.49679159512901677,-0.044073255707390124,0.4570198952468538,0.5021129512383323,-0.0450930559914785,0.538079586824043,0.5322351684537344,0.0058444183703085795
26,Chiengi,2018,1.8606272,0.4564612637709352,0.49679159512901677,-0.04033033135808156,0.4877998136709793,0.5021129512383323,-0.01431313756735303,0.5026944768044761,0.5322351684537344,-0.02954069164925832
27,Chiengi,2019,2.037853099,0.4825667689223556,0.49679159512901677,-0.014224826206661156,0.4716292032674249,0.5021129512383323,-0.030483747970907416,0.492855224111504,0.5322351684537344,-0.03937994434223041
28,Chiengi,2020,2.514816863,0.5459027013443027,0.49679159512901677,0.04911110621528597,0.5546125443387842,0.5021129512383323,0.052499593100451825,0.840725265687905,0.5322351684537344,0.30849009723417053
29,Chiengi,2021,2.029350205,0.4813494824142254,0.49679159512901677,-0.015442112714791345,0.49434338659453647,0.5021129512383323,-0.0077695646437958565,0.4428091648365045,0.5322351684537344,-0.08942600361722991
30,Chililabombwe,2016,2.6526809,0.5626117336895091,0.5722290862133692,-0.00961735252386009,0.569048134839099,0.5556744473770275,0.01337368746207146,0.610967585542446,0.5246051515963802,0.0863624339460658
31,Chililabombwe,2017,2.0451746,0.4836121986577755,0.5722290862133692,-0.08861688755559372,0.5116834440108479,0.5556744473770275,-0.04399100336617967,0.5641017552107143,0.5246051515963802,0.03949660361433405
32,Chililabombwe,2018,2.5813479,0.5540465113808943,0.5722290862133692,-0.018182574832474874,0.5375060279639332,0.5556744473770275,-0.018168419413094328,0.5040341345391028,0.5246051515963802,-0.020571017057277374
33,Chililabombwe,2019,2.665914627,0.5641823467542582,0.5722290862133692,-0.008046739459111052,0.512836613808233,0.5556744473770275,-0.04283783356879456,0.49541798071169846,0.5246051515963802,-0.029187170884681757
34,Chililabombwe,2020,2.751301283,0.5741819455929699,0.5722290862133692,0.0019528593796006577,0.5624835646657672,0.5556744473770275,0.0068091172887396745,0.5463673220418138,0.5246051515963802,0.021762170445433604
35,Chililabombwe,2021,3.951534179,0.6947397812048084,0.5722290862133692,0.12251069499143918,0.640488898974285,0.5556744473770275,0.08481445159725742,0.4267421315325063,0.5246051515963802,-0.09786302006387393
36,Chilubi,2016,2.2414927,0.5107450478876229,0.5575331096669317,-0.04678806177930883,0.5302371187830102,0.5270238963087851,0.0032132224742250637,0.6880983533135785,0.5571915799229229,0.1309067733906556
37,Chilubi,2017,3.2590415,0.6293118718495624,0.5575331096669317,0.07177876218263068,0.48866299208189495,0.5270238963087851,-0.03836090422689015,0.46100416089961027,0.5571915799229229,-0.09618741902331263
38,Chilubi,2018,2.5750384,0.5532807109814464,0.5575331096669317,-0.004252398685485326,0.5374267146896823,0.5270238963087851,0.010402818380897183,0.535239266066301,0.5571915799229229,-0.021952313856621886
39,Chilubi,2019,3.087390783,0.6114461612710015,0.5575331096669317,0.053913051604069784,0.5808316338714424,0.5270238963087851,0.05380773756265733,0.5396145066951097,0.5571915799229229,-0.01757707322781321
40,Chilubi,2020,2.060123289,0.4857389240808466,0.5575331096669317,-0.07179418558608508,0.46869798311675054,0.5270238963087851,-0.05832591319203456,0.6001293040409579,0.5571915799229229,0.04293772411803498
41,Chilubi,2021,2.586542173,0.5546759419311108,0.5575331096669317,-0.002857167735820898,0.55628693530993,0.5270238963087851,0.029263039001144908,0.5190638885219803,0.5571915799229229,-0.03812769140094263
42,Chingola,2016,3.0635717,0.6089079270984802,0.6057998008442053,0.0031081262542749233,0.6043866342667875,0.5815858509201202,0.022800783346667353,0.636119806674337,0.5908682581307056,0.04525154854363134
43,Chingola,2017,2.5630524,0.5518222093461076,0.6057998008442053,-0.053977591498097666,0.5637576341948711,0.5815858509201202,-0.017828216725249035,0.6092771945713248,0.5908682581307056,0.01840893644061914
44,Chingola,2018,2.4087288,0.5325924499385687,0.6057998008442053,-0.07320735090563657,0.541153941831439,0.5815858509201202,-0.04043190908868122,0.5721650110121111,0.5908682581307056,-0.0187032471185945
45,Chingola,2019,2.519019713,0.5464216996920096,0.6057998008442053,-0.05937810115219566,0.44031513212625173,0.5815858509201202,-0.14127071879386843,0.49278262452259003,0.5908682581307056,-0.09808563360811562
46,Chingola,2020,2.961717081,0.597883457939606,0.6057998008442053,-0.007916342904599305,0.6193305381846588,0.5815858509201202,0.03774468726453861,0.700845077789287,0.5908682581307056,0.1099768196585813
47,Chingola,2021,5.268607256,0.7971710610504599,0.6057998008442053,0.1913712602062546,0.7205712249167128,0.5815858509201202,0.1389853739965926,0.5340198342145841,0.5908682581307056,-0.05684842391612155
48,Chinsali,2016,2.9531336,0.5969414919959736,0.6165580318004104,-0.019616539804436783,0.5737519906821191,0.5808640749461659,-0.007112084264046747,0.5111601562387921,0.5652857574138624,-0.05412560117507037
49,Chinsali,2017,3.8225853,0.6832799180145603,0.6165580318004104,0.06672188621414998,0.5726496846195868,0.5808640749461659,-0.008214390326579113,0.5205008172991987,0.5652857574138624,-0.04478494011466372
50,Chinsali,2018,3.0569608,0.6082008113952461,0.6165580318004104,-0.00835722040516429,0.5883700228951572,0.5808640749461659,0.007505947948991287,0.5845527764884725,0.5652857574138624,0.019267019074610037
51,Chinsali,2019,2.685934343,0.5665475949289696,0.6165580318004104,-0.0500104368714408,0.5285720582641342,0.5808640749461659,-0.05229201668203165,0.5139237390027452,0.5652857574138624,-0.051362018411117205
52,Chinsali,2020,2.974379697,0.5992693555857421,0.6165580318004104,-0.01728867621466823,0.6056201188679553,0.5808640749461659,0.024756043921789428,0.6961803400378941,0.5652857574138624,0.13089458262403164
53,Chinsali,2021,3.416813066,0.6451090188819703,0.6165580318004104,0.028550987081559898,0.6162205743480423,0.5808640749461659,0.03535649940187646,0.5653967154160722,0.5652857574138624,0.00011095800220972674
54,Chipata,2016,1.9158015,0.46475795504066325,0.49259987702889285,-0.0278419219882296,0.4852109237708576,0.4895141726416316,-0.00430324887077399,0.49923552433729995,0.4637575550965057,0.03547796924079427
55,Chipata,2017,2.1703718,0.5011101963565213,0.49259987702889285,0.008510319327628468,0.48201910678991744,0.4895141726416316,-0.007495065851714167,0.469876057166509,0.4637575550965057,0.006118502070003307
56,Chipata,2018,1.9149315,0.4646283534272607,0.49259987702889285,-0.02797152360163213,0.44727931876199056,0.4895141726416316,-0.04223485387964104,0.4336811023953881,0.4637575550965057,-0.030076452701117584
57,Chipata,2019,1.786836623,0.4451115091476982,0.49259987702889285,-0.04748836788119465,0.4591776901720157,0.4895141726416316,-0.0303364824696159,0.4704572794582573,0.4637575550965057,0.006699724361751647
58,Chipata,2020,2.436261282,0.5360861787379713,0.49259987702889285,0.04348630170907841,0.5209738630767325,0.4895141726416316,0.03145969043510094,0.48260975569414316,0.4637575550965057,0.01885220059763748
59,Chipata,2021,2.498686824,0.5439050694632426,0.49259987702889285,0.05130519243434972,0.5424241332782755,0.4895141726416316,0.05290996063664394,0.4266856115274368,0.4637575550965057,-0.0370719435690689
60,Choma,2016,1.7140185,0.4336128036850049,0.3565785774767878,0.0770342262082171,0.4152918122089657,0.3722647666197359,0.04302704558922982,0.35377452734198894,0.37701961727255395,-0.02324508993056501
61,Choma,2017,1.9275514,0.4665045288649489,0.3565785774767878,0.10992595138816114,0.44736927093276974,0.3722647666197359,0.07510450431303384,0.4126176587906447,0.37701961727255395,0.03559804151809076
62,Choma,2018,1.133388,0.32906984791773825,0.3565785774767878,-0.02750872955904954,0.35598453368585176,0.3722647666197359,-0.016280232933884142,0.43257513863285507,0.37701961727255395,0.05555552136030112
63,Choma,2019,0.138716264,0.05641552361383405,0.3565785774767878,-0.3001630538629537,0.13892384926631612,0.3722647666197359,-0.23334091735341977,0.24220251896564168,0.37701961727255395,-0.13481709830691227
64,Choma,2020,1.609573964,0.4165696107150779,0.3565785774767878,0.05999103323829014,0.40507502002801543,0.3722647666197359,0.03281025340827953,0.5016726269458065,0.37701961727255395,0.12465300967325255
65,Choma,2021,1.737153479,0.4372991500641225,0.3565785774767878,0.08072057258733473,0.4709441135964969,0.3722647666197359,0.098679346976761,0.3192752329583866,0.37701961727255395,-0.05774438431416734
66,Chongwe,2016,2.6469312,0.5619275703490997,0.4782461513500101,0.0836814189990896,0.5175312560027941,0.4707827615751625,0.046748494427631626,0.4166265671937104,0.4845295507786119,-0.06790298358490149
67,Chongwe,2017,2.5745223,0.5532180107983429,0.4782461513500101,0.07497185944833279,0.5341478871138252,0.4707827615751625,0.06336512553866269,0.5153476881603117,0.4845295507786119,0.03081813738169986
68,Chongwe,2018,1.9853874,0.4750006955208595,0.4782461513500101,-0.0032454558291505897,0.4769066734718008,0.4707827615751625,0.006123911896638301,0.5393697548934016,0.4845295507786119,0.05484020411478968
69,Chongwe,2019,0.673111676,0.22352492999520351,0.4782461513500101,-0.25472122135480657,0.26252491886421925,0.4707827615751625,-0.20825784271094328,0.367515138638649,0.4845295507786119,-0.11701441213996289
70,Chongwe,2020,2.327720932,0.5221468985158468,0.4782461513500101,0.04390074716583675,0.4917335254422517,0.4707827615751625,0.02095076386708916,0.5724616817230811,0.4845295507786119,0.08793213094446922
71,Chongwe,2021,2.417108769,0.5336588029207084,0.4782461513500101,0.05541265157069836,0.541852308556084,0.4707827615751625,0.0710695469809215,0.4958564740625177,0.4845295507786119,0.011326923283905832
72,Gwembe,2016,1.9477721,0.4694939040383153,0.32215208937071765,0.14734181466759766,0.4414675926791807,0.29779965229191224,0.14366794038726843,0.378896231115028,0.3501663539225553,0.02872987719247272
73,Gwembe,2017,1.9046683,0.46309654508966214,0.32215208937071765,0.14094445571894448,0.43589277957364947,0.29779965229191224,0.13809312728173723,0.4280462390195963,0.3501663539225553,0.07787988509704102
74,Gwembe,2018,0.80910718,0.2574642972653923,0.32215208937071765,-0.06468779210532538,0.24748833433341783,0.29779965229191224,-0.05031131795849442,0.3135909356449492,0.3501663539225553,-0.036575418277606075
75,Gwembe,2019,0.009843301,0.004253988841323058,0.32215208937071765,-0.3178981005293946,0.0024271128211620363,0.29779965229191224,-0.2953725394707502,0.12418819642086393,0.3501663539225553,-0.22597815750169137
76,Gwembe,2020,1.041243366,0.30989478629866224,0.32215208937071765,-0.012257303072055414,0.22626964492747897,0.29779965229191224,-0.07153000736443327,0.5056385151728052,0.3501663539225553,0.15547216125024993
77,Gwembe,2021,1.683545818,0.4287090146909508,0.32215208937071765,0.10655692532023314,0.4332524494165845,0.29779965229191224,0.13545279712467223,0.35063800616208896,0.3501663539225553,0.00047165223953365976
78,Isoka,2016,3.5849974,0.661339093732109,0.6410217303328412,0.020317363399267818,0.6023797805519993,0.5892201878585401,0.013159592693459121,0.6971485797993446,0.6049456287082521,0.09220295109109256
79,Isoka,2017,3.3864493,0.6421131140074777,0.6410217303328412,0.0010913836746365702,0.5627845813380864,0.5892201878585401,-0.026435606520453736,0.5505397192775793,0.6049456287082521,-0.054405909430672805
80,Isoka,2018,3.4005563,0.6435075816563537,0.6410217303328412,0.0024858513235125335,0.5646128516943679,0.5892201878585401,-0.02460733616417221,0.5738321736747789,0.6049456287082521,-0.03111345503347318
81,Isoka,2019,3.217562546,0.6250615318494851,0.6410217303328412,-0.01596019848335606,0.5887415874660025,0.5892201878585401,-0.00047860039253766473,0.6125914813220259,0.6049456287082521,0.007645852613773818
82,Isoka,2020,2.936742089,0.5951369634330741,0.6410217303328412,-0.04588476689976706,0.5508094104735902,0.5892201878585401,-0.03841077738494991,0.6351868204751716,0.6049456287082521,0.03024119176691953
83,Isoka,2021,3.774985942,0.6789720973185476,0.6410217303328412,0.03795036698570642,0.6659929156271946,0.5892201878585401,0.07677272776865451,0.5603749977006123,0.6049456287082521,-0.044570631007639805
84,Itezhi-Tezhi,2016,1.2238996,0.34711517672736664,0.34090789021764034,0.006207286509726295,0.39471130577903024,0.33198305954119056,0.06272824623783968,0.36858933543743344,0.3196182991055507,0.04897103633188277
85,Itezhi-Tezhi,2017,1.8144867,0.4493992007204146,0.34090789021764034,0.10849131050277427,0.4169432330205767,0.33198305954119056,0.08496017347938611,0.39958882472995205,0.3196182991055507,0.07997052562440138
86,Itezhi-Tezhi,2018,1.3205426,0.365589545508813,0.34090789021764034,0.024681655291172666,0.3277953912048014,0.33198305954119056,-0.004187668336389172,0.33037454255339815,0.3196182991055507,0.01075624344784748
87,Itezhi-Tezhi,2019,0.467510865,0.16658132531459466,0.34090789021764034,-0.17432656490304568,0.12458539159391807,0.33198305954119056,-0.2073976679472725,0.18014115324458563,0.3196182991055507,-0.13947714586096505
88,Itezhi-Tezhi,2020,0.809071659,0.2574557700062497,0.34090789021764034,-0.08345212021139065,0.294468978433016,0.33198305954119056,-0.03751408110817456,0.3551752247887991,0.3196182991055507,0.03555692568324842
89,Itezhi-Tezhi,2021,1.87942866,0.4593063230284034,0.34090789021764034,0.11839843281076307,0.43339405721580104,0.33198305954119056,0.10141099767461048,0.2838407138791358,0.3196182991055507,-0.03577758522641489
90,Kabompo,2016,3.1356502,0.6165437983077797,0.5593547515638767,0.057189046743903016,0.5973068239736637,0.5327132515177962,0.0645935724558675,0.5373494274935811,0.5124466238103059,0.024902803683275132
91,Kabompo,2017,2.5785322,0.5537049293938624,0.5593547515638767,-0.005649822170014307,0.5413385970210423,0.5327132515177962,0.008625345503246007,0.6339327070489806,0.5124466238103059,0.12148608323867471
92,Kabompo,2018,2.3740122,0.5281466486096862,0.5593547515638767,-0.03120810295419052,0.5098606598117509,0.5327132515177962,-0.022852591706045366,0.5487417435402286,0.5124466238103059,0.03629511972992272
93,Kabompo,2019,2.312666821,0.5201777579231319,0.5593547515638767,-0.039176993640744784,0.471969030739023,0.5327132515177962,-0.06074422077877323,0.4064967069032572,0.5124466238103059,-0.10594991690704875
94,Kabompo,2020,2.831648352,0.5833856450323913,0.5593547515638767,0.024030893468514614,0.5411343990607678,0.5327132515177962,0.008421147542971519,0.5087520031655404,0.5124466238103059,-0.003694620644765556
95,Kabompo,2021,2.58236415,0.5541697301164087,0.5593547515638767,-0.005185021447468019,0.53466999850053,0.5327132515177962,0.001956746982733737,0.43940715471024794,0.5124466238103059,-0.07303946910005799
96,Kabwe,2016,2.5014477,0.5442476438152296,0.5276189028353012,0.01662874097992839,0.5195176612282062,0.5015195158552502,0.017998145372955965,0.4701810845124818,0.5172162521631186,-0.04703516765063681
97,Kabwe,2017,3.1367884,0.6166633069572417,0.5276189028353012,0.08904440412194048,0.5658705918809877,0.5015195158552502,0.06435107602573742,0.5159914676451022,0.5172162521631186,-0.0012247845180164418
98,Kabwe,2018,1.6060807,0.41598785996522347,0.5276189028353012,-0.11163104287007775,0.44327664721028537,0.5015195158552502,-0.05824286864496486,0.6127458195763958,0.5172162521631186,0.09552956741327723
99,Kabwe,2019,1.980910364,0.47434891699020776,0.5276189028353012,-0.05326998584509346,0.4399904340664692,0.5015195158552502,-0.061529081788781026,0.4555730266486035,0.5172162521631186,-0.06164322551451512
100,Kabwe,2020,2.048028215,0.48401898286509965,0.5276189028353012,-0.04359991997020157,0.4193839887038207,0.5015195158552502,-0.08213552715142952,0.4757472147699005,0.5172162521631186,-0.04146903739321811
101,Kabwe,2021,3.270185155,0.6304467064188052,0.5276189028353012,0.10282780358350396,0.6210777720417326,0.5015195158552502,0.11955825618648241,0.573058899826228,0.5172162521631186,0.055842647663109424
102,Kafue,2016,2.8443563,0.584823631845875,0.47865467012572843,0.10616896172014662,0.47762971719995584,0.46471228094105044,0.012917436258905401,0.4154508581502007,0.508647027497926,-0.09319616934772529
103,Kafue,2017,2.711401,0.5695378804276658,0.47865467012572843,0.09088321030193741,0.549767430193398,0.46471228094105044,0.08505514925234758,0.48331574306617253,0.508647027497926,-0.025331284431753476
104,Kafue,2018,1.8572754,0.45595210210344644,0.47865467012572843,-0.022702568022281988,0.4764932019456083,0.46471228094105044,0.011780921004557854,0.6142887350130475,0.508647027497926,0.10564170751512147
105,Kafue,2019,0.621101835,0.20981029738362955,0.47865467012572843,-0.2688443727420989,0.23986619384277377,0.46471228094105044,-0.22484608709827666,0.4851711733706232,0.508647027497926,-0.023475854127302798
106,Kafue,2020,2.012611542,0.4789431356421132,0.47865467012572843,0.0002884655163847838,0.4799979189558743,0.46471228094105044,0.015285638014823855,0.5437359697238896,0.508647027497926,0.03508894222596359
107,Kafue,2021,2.739908469,0.5728609733516407,0.47865467012572843,0.09420630322591222,0.5645192235086925,0.46471228094105044,0.09980694256764211,0.5099196856636223,0.508647027497926,0.0012726581656963276
108,Kalabo,2016,0.37948307,0.1397163748763158,0.15497633739019612,-0.015259962513880315,0.16794460540771455,0.2007864412125474,-0.03284183580483285,0.16171077572058568,0.20582307213080978,-0.0441122964102241
109,Kalabo,2017,0.50676936,0.1780467802873883,0.15497633739019612,0.023070442897192178,0.21226583993038725,0.2007864412125474,0.011479398717839845,0.19440555716863783,0.20582307213080978,-0.011417514962171943
110,Kalabo,2018,0.56161791,0.1935747812201365,0.15497633739019612,0.038598443829940376,0.2605187770237848,0.2007864412125474,0.05973233581123738,0.3041810822004627,0.20582307213080978,0.09835801006965292
111,Kalabo,2019,0.112217559,0.04618974716653514,0.15497633739019612,-0.10878659022366097,0.03700471036656694,0.2007864412125474,-0.16378173084598047,-0.24618187359798754,0.20582307213080978,-0.45200494572879735
112,Kalabo,2020,0.437436368,0.15758862856992342,0.15497633739019612,0.002612291179727305,0.2275123973407295,0.2007864412125474,0.0267259561281821,0.5332050079486398,0.20582307213080978,0.32738193581783004
113,Kalabo,2021,0.639614356,0.2147417122208775,0.15497633739019612,0.059765374830681395,0.29947231720610146,0.2007864412125474,0.09868587599355405,0.28761788334452043,0.20582307213080978,0.08179481121371066
114,Kalomo,2016,1.5370281,0.40432527747295555,0.34083283007986687,0.06349244739308868,0.3829239896687359,0.3085389721846053,0.07438501748413062,0.3378884019279452,0.3404634028818964,-0.0025750009539511898
115,Kalomo,2017,1.7525494,0.4397351219961549,0.34083283007986687,0.09890229191628802,0.3778925152409144,0.3085389721846053,0.06935354305630909,0.37207379983319727,0.3404634028818964,0.031610396951300856
116,Kalomo,2018,1.3288354,0.36713879407443806,0.34083283007986687,0.02630596399457119,0.33848651433378346,0.3085389721846053,0.029947542149178163,0.39103504590403315,0.3404634028818964,0.050571643022136736
117,Kalomo,2019,0.160254647,0.06455331651137856,0.34083283007986687,-0.2762795135684883,0.04573524675899321,0.3085389721846053,-0.2628037254256121,0.14508381979666324,0.3404634028818964,-0.19537958308523318
118,Kalomo,2020,1.350677446,0.37119304042531265,0.34083283007986687,0.03036021034544578,0.33726146373666,0.3085389721846053,0.028722491552054696,0.5768768359862664,0.3404634028818964,0.23641343310436996
119,Kalomo,2021,1.500641475,0.39805142999896126,0.34083283007986687,0.05721859991909439,0.3689341033685447,0.3085389721846053,0.06039513118393941,0.21982251384327314,0.3404634028818964,-0.12064088903862327
120,Kalulushi,2016,2.8639307,0.587029328696487,0.5872312179870185,-0.0002018892905314429,0.585332534604924,0.5776361634028127,0.007696371202111307,0.5727537610574825,0.5596510368482113,0.013102724209271277
121,Kalulushi,2017,2.7733805,0.576730600779685,0.5872312179870185,-0.010500617207333529,0.5523185864053004,0.5776361634028127,-0.025317576997512248,0.5236325649212994,0.5596510368482113,-0.03601847192691188
122,Kalulushi,2018,2.2452049,0.5112421230562635,0.5872312179870185,-0.07598909493075501,0.5987056727778046,0.5776361634028127,0.021069509374991968,0.6961423080735207,0.5596510368482113,0.13649127122530946
123,Kalulushi,2019,2.677851402,0.5655941782475917,0.5872312179870185,-0.021637039739426767,0.559918767702957,0.5776361634028127,-0.017717395699855643,0.588620574195692,0.5596510368482113,0.028969537347480756
124,Kalulushi,2020,3.472055334,0.650507168559536,0.5872312179870185,0.06327595057251756,0.5504864814081721,0.5776361634028127,-0.027149681994640518,0.5443916418328532,0.5596510368482113,-0.015259395015358113
125,Kalulushi,2021,3.288287643,0.6322839085825476,0.5872312179870185,0.04505269059552908,0.6190549375177177,0.5776361634028127,0.04141877411490502,0.43236537100841993,0.5596510368482113,-0.12728566583979134
126,Kaoma,2016,1.9320437,0.46717043886384707,0.37572820718244565,0.09144223168140142,0.4530661522911404,0.39139091917546326,0.06167523311567713,0.3694542358994123,0.41920565693063633,-0.04975142103122404
127,Kaoma,2017,1.5404202,0.40490555734748723,0.37572820718244565,0.029177350165041582,0.3879996204856753,0.39139091917546326,-0.003391298689787936,0.4260865810442454,0.41920565693063633,0.006880924113609077
128,Kaoma,2018,1.6516874,0.42352232499030024,0.37572820718244565,0.047794117807854586,0.40423211430592476,0.39139091917546326,0.012841195130461502,0.3099407375836469,0.41920565693063633,-0.10926491934698945
129,Kaoma,2019,0.523864018,0.18294621446611378,0.37572820718244565,-0.19278199271633187,0.29407910902806034,0.39139091917546326,-0.09731181014740292,0.4608040759465117,0.41920565693063633,0.041598419015875354
130,Kaoma,2020,1.422214607,0.3842126187851104,0.37572820718244565,0.008484411602664776,0.3879630322293647,0.39139091917546326,-0.0034278869460985795,0.5685917797227689,0.41920565693063633,0.14938612279213254
131,Kaoma,2021,1.463837657,0.391612088641815,0.37572820718244565,0.015883881459369364,0.4210054867126143,0.39139091917546326,0.029614567537151026,0.38035653138723274,0.41920565693063633,-0.038849125543403584
132,Kapiri Mposhi,2016,2.7569056,0.5748302826561024,0.5097796418742618,0.06505064078184053,0.5594468578669634,0.47620848667920734,0.08323837118775601,0.5125802232601737,0.5086098942615968,0.003970328998576966
133,Kapiri Mposhi,2017,2.5628033,0.5517918459034445,0.5097796418742618,0.04201220402918271,0.5560905433225737,0.47620848667920734,0.07988205664336634,0.6406870935507751,0.5086098942615968,0.13207719928917838
134,Kapiri Mposhi,2018,2.0535808,0.4848094162362129,0.5097796418742618,-0.02497022563804896,0.4628157094497263,0.47620848667920734,-0.013392777229481068,0.48493039287120887,0.5086098942615968,-0.02367950139038788
135,Kapiri Mposhi,2019,1.906152481,0.463318397270879,0.5097796418742618,-0.046461244603382856,0.3313998542239676,0.47620848667920734,-0.14480863245523973,0.365022995614668,0.5086098942615968,-0.14358689864692875
136,Kapiri Mposhi,2020,2.556598354,0.5510348231586701,0.5097796418742618,0.041255181284408304,0.4852810223133084,0.47620848667920734,0.009072535634101042,0.5244558833807055,0.5086098942615968,0.015845989119108728
137,Kapiri Mposhi,2021,1.709524523,0.432893086020262,0.5097796418742618,-0.07688655585399984,0.4622169328987048,0.47620848667920734,-0.013991553780502541,0.5239827768920495,0.5086098942615968,0.015372882630452778
138,Kaputa,2016,2.5495331,0.5501712303989879,0.4494510201113194,0.10072021028766848,0.5540433655680104,0.4442614897027853,0.10978187586522509,0.4654350644013751,0.49907264761295017,-0.03363758321157506
139,Kaputa,2017,1.3451936,0.37017870033090877,0.4494510201113194,-0.0792723197804106,0.37341650086726075,0.4442614897027853,-0.07084498883552454,0.4667700269816338,0.49907264761295017,-0.03230262063131639
140,Kaputa,2018,1.6032548,0.4155166778358351,0.4494510201113194,-0.03393434227548425,0.41976778463557135,0.4442614897027853,-0.024493705067213933,0.5779888405903967,0.49907264761295017,0.07891619297744651
141,Kaputa,2019,1.959436548,0.47120903288740246,0.4494510201113194,0.02175801277608308,0.41449102909983837,0.4442614897027853,-0.029770460602946913,0.47053142858449243,0.49907264761295017,-0.028541219028457743
142,Kaputa,2020,1.635148926,0.4208051644868347,0.4494510201113194,-0.028645855624484684,0.43607277746108897,0.4442614897027853,-0.008188712241696317,0.5944332414408295,0.49907264761295017,0.09536059382787937
143,Kaputa,2021,1.943237544,0.46882531472794753,0.4494510201113194,0.01937429461662815,0.4677774805849418,0.4442614897027853,0.0235159908821565,0.4192772836789736,0.49907264761295017,-0.07979536393397657
144,Kasama,2016,2.7544179,0.5745426118023219,0.6067724388554195,-0.032229827053097626,0.5810070710176948,0.6041178764457774,-0.023110805428082637,0.6166263793585671,0.5909949981370479,0.0256313812215192
145,Kasama,2017,3.0980456,0.6125767865976782,0.6067724388554195,0.0058043477422586864,0.621518775550767,0.6041178764457774,0.017400899104989542,0.7153348896940426,0.5909949981370479,0.12433989155699465
146,Kasama,2018,2.5771132,0.5535326838888242,0.6067724388554195,-0.05323975496659539,0.561751892350518,0.6041178764457774,-0.04236598409525938,0.5824700879732952,0.5909949981370479,-0.008524910163752675
147,Kasama,2019,2.999286383,0.6019825044344382,0.6067724388554195,-0.004789934420981301,0.5818493053830688,0.6041178764457774,-0.02226857106270863,0.5261160986970148,0.5909949981370479,-0.06487889944003311
148,Kasama,2020,2.970522242,0.5988476331868522,0.6067724388554195,-0.007924805668567347,0.5982646368199093,0.6041178764457774,-0.005853239625868145,0.6283382698634672,0.5909949981370479,0.03734327172641927
149,Kasama,2021,4.002100501,0.6991524132224026,0.6067724388554195,0.09237997436698309,0.6803155775527063,0.6041178764457774,0.07619770110692892,0.4770842632359005,0.5909949981370479,-0.11391073490114745
150,Kasempa,2016,2.8068278,0.580563232159468,0.5606989747678698,0.01986425739159825,0.6391284118436031,0.5888872277337949,0.05024118410980827,0.58307702544324,0.596832072005829,-0.013755046562588968
151,Kasempa,2017,2.1785178,0.5022246478634185,0.5606989747678698,-0.05847432690445131,0.5440906998519336,0.5888872277337949,-0.04479652788186128,0.628985388493204,0.596832072005829,0.03215331648737496
152,Kasempa,2018,2.5343516,0.5483097512670473,0.5606989747678698,-0.0123892235008225,0.5612567972990915,0.5888872277337949,-0.027630430434703368,0.6946509967009565,0.596832072005829,0.09781892469512754
153,Kasempa,2019,2.3768786,0.5285154478732548,0.5606989747678698,-0.03218352689461501,0.513802390855352,0.5888872277337949,-0.07508483687844292,0.4096198276009285,0.596832072005829,-0.18721224440490047
154,Kasempa,2020,3.349064394,0.6383958380520522,0.5606989747678698,0.07769686328418246,0.6083669696806263,0.5888872277337949,0.01947974194683144,0.7133153750863642,0.596832072005829,0.11648330308053523
155,Kasempa,2021,2.682857638,0.5661849313919782,0.5606989747678698,0.005485956624108446,0.6666780968721626,0.5888872277337949,0.07779086913836775,0.551343818710281,0.596832072005829,-0.045488253295547953
156,Katete,2016,1.1580888,0.3340693108550234,0.39111038358172023,-0.05704107272669684,0.333785466651346,0.4001865588926499,-0.06640109224130392,0.17061249842934384,0.34125169360723623,-0.1706391951778924
157,Katete,2017,1.7531818,0.43983488997304543,0.39111038358172023,0.048724506391325195,0.4036317158222818,0.4001865588926499,0.0034451569296318763,0.3016362854483891,0.34125169360723623,-0.03961540815884712
158,Katete,2018,0.94324011,0.2885264660683233,0.39111038358172023,-0.10258391751339696,0.3668604476318122,0.4001865588926499,-0.03332611126083773,0.37647258125133853,0.34125169360723623,0.035220887644102306
159,Katete,2019,1.431845385,0.3859359593441598,0.39111038358172023,-0.005174424237560427,0.36640003465773263,0.4001865588926499,-0.03378652423491729,0.42111246585179835,0.34125169360723623,0.07986077224456212
160,Katete,2020,1.744553442,0.43847169179088274,0.39111038358172023,0.04736130820916251,0.45015271650906014,0.4001865588926499,0.04996615761641021,0.4067326944986979,0.34125169360723623,0.0654810008914617
161,Katete,2021,1.882862862,0.45982398345888675,0.39111038358172023,0.06871359987716652,0.48028897208366705,0.4001865588926499,0.08010241319101713,0.37094363616384946,0.34125169360723623,0.029691942556613227
162,Kawambwa,2016,3.0116425,0.6033222236516874,0.6100438897977175,-0.006721666146030092,0.6072329488076753,0.6084747553304105,-0.0012418065227352004,0.5365300270542214,0.5978072358906118,-0.06127720883639043
163,Kawambwa,2017,3.0571377,0.6082197479890921,0.6100438897977175,-0.0018241418086254457,0.6423001523672948,0.6084747553304105,0.03382539703688425,0.7001008996740047,0.5978072358906118,0.10229366378339289
164,Kawambwa,2018,2.9248028,0.5938178406931593,0.6100438897977175,-0.01622604910455816,0.5876622479559361,0.6084747553304105,-0.020812507374474376,0.5775325271717374,0.5978072358906118,-0.02027470871887438
165,Kawambwa,2019,2.672825728,0.5650003219844115,0.6100438897977175,-0.045043567813305985,0.5739921073491889,0.6084747553304105,-0.03448264798122158,0.6373999281737766,0.5978072358906118,0.039592692283164754
166,Kawambwa,2020,3.426863792,0.6460961595905877,0.6100438897977175,0.03605226979287024,0.5930069915029633,0.6084747553304105,-0.01546776382744719,0.6038203420373308,0.5978072358906118,0.006013106146719016
167,Kawambwa,2021,3.403591704,0.6438070448773673,0.6100438897977175,0.033763155079649776,0.6466540839994048,0.6084747553304105,0.03817932866899432,0.5314596912326,0.5978072358906118,-0.06634754465801185
168,Kazungula,2016,1.0039221,0.3018808348610208,0.3028209827364106,-0.0009401478753898185,0.31517023044481335,0.294461803734363,0.020708426710450367,0.32715785571279704,0.31496843207593334,0.012189423636863705
169,Kazungula,2017,1.8180712,0.4499519615825929,0.3028209827364106,0.14713097884618226,0.446924758661812,0.294461803734363,0.15246295492744905,0.4175138481266416,0.31496843207593334,0.10254541605070827
170,Kazungula,2018,1.1193726,0.3262073153227647,0.3028209827364106,0.023386332586354086,0.3329160142011227,0.294461803734363,0.03845421046675973,0.35467237245570127,0.31496843207593334,0.03970394037976793
171,Kazungula,2019,0.158059087,0.06373071872077288,0.3028209827364106,-0.23909026401563774,0.0,0.294461803734363,-0.294461803734363,0.08432899970542274,0.31496843207593334,-0.2306394323705106
172,Kazungula,2020,0.962372363,0.29278141887081455,0.3028209827364106,-0.010039563865596068,0.2938259894869955,0.294461803734363,-0.0006358142473674722,0.5123560613932746,0.31496843207593334,0.19738762931734127
173,Kazungula,2021,1.411979693,0.3823736470604979,0.3028209827364106,0.07955266432408731,0.3779338296114343,0.294461803734363,0.08347202587707131,0.19378145506176278,0.31496843207593334,-0.12118697701417055
174,Kitwe,2016,2.6834488,0.5662546375322869,0.5490522096343585,0.017202427897928363,0.5558712988091024,0.5520167804319324,0.003854518377169991,0.5555817306781882,0.5349343757390403,0.02064735493914782
175,Kitwe,2017,2.4623575,0.539371908213388,0.5490522096343585,-0.009680301420970538,0.5698536196310647,0.5520167804319324,0.01783683919913237,0.6162139035915558,0.5349343757390403,0.08127952785251547
176,Kitwe,2018,2.3163252,0.5206571110340356,0.5490522096343585,-0.028395098600322966,0.5089940864364917,0.5520167804319324,-0.043022693995440675,0.4930213276427376,0.5349343757390403,-0.04191304809630275
177,Kitwe,2019,2.045596049,0.4836723004038249,0.5490522096343585,-0.0653799092305336,0.5032076173833082,0.5520167804319324,-0.04880916304862415,0.5432630661485003,0.5349343757390403,0.008328690409459938
178,Kitwe,2020,2.771742812,0.5765420713565761,0.5490522096343585,0.027489861722217568,0.5702830860447404,0.5520167804319324,0.018266305612808065,0.635539526188476,0.5349343757390403,0.10060515044943563
179,Kitwe,2021,3.053360484,0.6078152292660395,0.5490522096343585,0.05876301963168096,0.6038909742868868,0.5520167804319324,0.0518741938549544,0.3659867001847843,0.5349343757390403,-0.16894767555425605
180,Livingstone,2016,0.27420977,0.10524093071056619,0.21562349590031885,-0.11038256518975266,0.15077791402826202,0.23005118042218972,-0.0792732663939277,0.21470013435980262,0.2586937086305498,-0.04399357427074718
181,Livingstone,2017,0.82717425,0.261779966183908,0.21562349590031885,0.04615647028358913,0.2824108156644077,0.23005118042218972,0.052359635242217956,0.22644448102099396,0.2586937086305498,-0.03224922760955584
182,Livingstone,2018,0.59852803,0.2037202559768645,0.21562349590031885,-0.01190323992345435,0.21591364921759146,0.23005118042218972,-0.014137531204598264,0.33707602892746524,0.2586937086305498,0.07838232029691544
183,Livingstone,2019,0.006963636,0.003013787366236342,0.21562349590031885,-0.2126097085340825,0.025730162765635667,0.23005118042218972,-0.20432101765655405,0.11293754298277875,0.2586937086305498,-0.14575616564777105
184,Livingstone,2020,0.595150105,0.20280155680128958,0.21562349590031885,-0.012821939099029261,0.26671836452957476,0.23005118042218972,0.03666718410738504,0.6179256987472729,0.2586937086305498,0.3592319901167231
185,Livingstone,2021,2.289913492,0.5171844783630486,0.21562349590031885,0.3015609824627298,0.4387561763276667,0.23005118042218972,0.208704995905477,0.043078365744985525,0.2586937086305498,-0.21561534288556428
186,Luangwa,2016,0.060554486,0.025532985310183578,0.10422164201227975,-0.07868865670209617,0.3053259080661386,0.29722348718855046,0.008102420877588112,0.12264714466775961,0.22586206619916346,-0.10321492153140385
187,Luangwa,2017,0.34171584,0.12766054698992405,0.10422164201227975,0.023438904977644295,0.22813169438266265,0.29722348718855046,-0.06909179280588781,0.4183782825997654,0.22586206619916346,0.19251621640060193
188,Luangwa,2018,0.12127549,0.04971232899797991,0.10422164201227975,-0.05450931301429984,0.43780627899167024,0.29722348718855046,0.14058279180311978,0.42184203931405206,0.22586206619916346,0.1959799731148886
189,Luangwa,2019,0.274746464,0.1054238159582656,0.10422164201227975,0.001202173945985846,0.1204735428036256,0.29722348718855046,-0.17674994438492486,0.18631098732343415,0.22586206619916346,-0.03955107887572931
190,Luangwa,2020,0.337679879,0.12635219458441463,0.10422164201227975,0.02213055257213488,0.21543253616708594,0.29722348718855046,-0.08179095102146453,0.011698128301485755,0.22586206619916346,-0.2141639378976777
191,Luangwa,2021,0.551129224,0.1906479802329108,0.10422164201227975,0.08642633822063105,0.47617096272011994,0.29722348718855046,0.17894747553156948,0.19429581498848378,0.22586206619916346,-0.031566251210679686
192,Luanshya,2016,2.1931288,0.5042164368611163,0.5539629757625558,-0.04974653890143954,0.5121708303757996,0.5550285341828872,-0.042857703807087644,0.6033791619394654,0.4990888375681804,0.10429032437128499
193,Luanshya,2017,2.5069788,0.5449331405405146,0.5539629757625558,-0.00902983522204126,0.5488158332014554,0.5550285341828872,-0.006212700981431785,0.5939555202891575,0.4990888375681804,0.09486668272097715
194,Luanshya,2018,2.585597,0.5545614758253036,0.5539629757625558,0.0005985000627477532,0.5467530743014258,0.5550285341828872,-0.008275459881461389,0.5103121401110545,0.4990888375681804,0.011223302542874125
195,Luanshya,2019,2.570548852,0.5527349794382039,0.5539629757625558,-0.0012279963243518877,0.5492054244574575,0.5550285341828872,-0.005823109725429765,0.40435431721575765,0.4990888375681804,-0.09473452035242275
196,Luanshya,2020,3.005726445,0.6026812875727582,0.5539629757625558,0.048718311810202364,0.5981362893835882,0.5550285341828872,0.04310775520070098,0.4708855917227698,0.4990888375681804,-0.02820324584541062
197,Luanshya,2021,2.669868767,0.5646505343374386,0.5539629757625558,0.010687558574882794,0.5750897533775968,0.5550285341828872,0.0200612191947096,0.4116462941308774,0.4990888375681804,-0.08744254343730301
198,Lufwanyama,2016,2.6585491,0.5633088879100627,0.5016325614418832,0.061676326468179554,0.5455197054157751,0.5173828200787617,0.028136885337013418,0.525740312947787,0.5114642835468415,0.014276029400945522
199,Lufwanyama,2017,2.3298743,0.5224278395583495,0.5016325614418832,0.02079527811646631,0.5447651989817586,0.5173828200787617,0.027382378902996884,0.5612061572979661,0.5114642835468415,0.0497418737511246
200,Lufwanyama,2018,1.6090132,0.41647627636839213,0.5016325614418832,-0.08515628507349104,0.4609711302439553,0.5173828200787617,-0.05641168983480638,0.50891674128197,0.5114642835468415,-0.0025475422648715274
201,Lufwanyama,2019,2.027458058,0.4810781351989595,0.5016325614418832,-0.020554426242923696,0.5019753314466614,0.5173828200787617,-0.015407488632100286,0.5540208484973467,0.5114642835468415,0.042556564950505194
202,Lufwanyama,2020,2.184468422,0.5030369466683292,0.5016325614418832,0.0014043852264460366,0.504836992062962,0.5173828200787617,-0.012545828015799732,0.5525316546925245,0.5114642835468415,0.04106737114568304
203,Lufwanyama,2021,2.337853589,0.5234672829472061,0.5016325614418832,0.02183472150532295,0.5462285623214577,0.5173828200787617,0.028845742242695982,0.36636998656345454,0.5114642835468415,-0.14509429698338694
204,Lukulu,2016,1.1199417,0.3263239176662785,0.2639492863691644,0.06237463129711407,0.3224050225201458,0.291385066472758,0.031019956047387776,0.2624403018015422,0.3204950105260084,-0.058054708724466164
205,Lukulu,2017,1.0965286,0.3215007912506589,0.2639492863691644,0.057551504881494464,0.3369421581133261,0.291385066472758,0.04555709164056809,0.387893693614074,0.3204950105260084,0.06739868308806563
206,Lukulu,2018,0.90582669,0.28008340469745163,0.2639492863691644,0.016134118328287206,0.28589962511849154,0.291385066472758,-0.005485441354266485,0.2979829352106339,0.3204950105260084,-0.02251207531537447
207,Lukulu,2019,0.174245186,0.0697587884014467,0.2639492863691644,-0.19419049796771773,0.17462839309230138,0.291385066472758,-0.11675667338045664,0.3552007454178102,0.3204950105260084,0.03470573489180184
208,Lukulu,2020,0.919776888,0.28325075894273705,0.2639492863691644,0.01930147257357262,0.3259567556012538,0.291385066472758,0.034571689128495786,0.503630036681214,0.3204950105260084,0.1831350261552056
209,Lukulu,2021,1.008066344,0.30277805725641405,0.2639492863691644,0.03882877088724962,0.30247844439102933,0.291385066472758,0.011093377918271308,0.11582235043077593,0.3204950105260084,-0.20467266009523244
210,Lundazi,2016,2.2656066,0.5139638651098334,0.5448272575608745,-0.030863392451041083,0.5254010029497472,0.5281001397205823,-0.002699136770835109,0.6100404693718837,0.5201649653683772,0.08987550400350652
211,Lundazi,2017,3.2662203,0.6300432778841731,0.5448272575608745,0.08521602032329867,0.5766117702402456,0.5281001397205823,0.04851163051966323,0.41840380635144214,0.5201649653683772,-0.10176115901693505
212,Lundazi,2018,2.3515441,0.5252449382637289,0.5448272575608745,-0.0195823192971456,0.44535344328723364,0.5281001397205823,-0.0827466964333487,0.40796163969267824,0.5201649653683772,-0.11220332567569896
213,Lundazi,2019,2.270357589,0.5145952420911102,0.5448272575608745,-0.030232015469764284,0.5233009531658549,0.5281001397205823,-0.0047991865547274415,0.5961801027538154,0.5201649653683772,0.07601513738543819
214,Lundazi,2020,2.54234711,0.549291114892332,0.5448272575608745,0.004463857331457488,0.5455652026906166,0.5281001397205823,0.01746506297003425,0.5698329242002685,0.5201649653683772,0.049667958831891346
215,Lundazi,2021,2.43419623,0.5358251071240695,0.5448272575608745,-0.009002150436804968,0.5523684659897964,0.5281001397205823,0.024268326269214047,0.5185708498401751,0.5201649653683772,-0.0015941155282021002
216,Lusaka,2016,5.5629134,0.8170966736230256,0.5313383373582851,0.28575833626474056,0.7851240002333439,0.5660809502391188,0.2190430499942252,0.47965046726864236,0.4761922094008253,0.0034582578678170606
217,Lusaka,2017,2.068691,0.48695315961099356,0.5313383373582851,-0.044385177747291504,0.5786848394361497,0.5660809502391188,0.012603889197030926,0.47246805709226253,0.4761922094008253,-0.003724152308562767
218,Lusaka,2018,2.0369415,0.4824364262706237,0.5313383373582851,-0.04890191108766134,0.526309243994192,0.5660809502391188,-0.03977170624492676,0.4729276283160692,0.4761922094008253,-0.0032645810847560797
219,Lusaka,2019,1.223315244,0.3470010457053091,0.5313383373582851,-0.18433729165297597,0.43602951556045777,0.5660809502391188,-0.13005143467866098,0.48608180143628754,0.4761922094008253,0.009889592035462247
220,Lusaka,2020,2.961276678,0.5978351770501521,0.5313383373582851,0.06649683969186704,0.5902643717609661,0.5660809502391188,0.02418342152184738,0.5117015118539777,0.4761922094008253,0.035509302453152425
221,Lusaka,2021,1.862249854,0.4567075418896065,0.5313383373582851,-0.07463079546867857,0.48007373044960266,0.5660809502391188,-0.08600721978951609,0.4343237904377124,0.4761922094008253,-0.041868418963112886
222,Luwingu,2016,3.2380598,0.6271670804131878,0.6357979732186024,-0.008630892805414625,0.6452271044035464,0.6330748701808308,0.012152234222715608,0.7327084759493816,0.6610327561722885,0.07167571977709308
223,Luwingu,2017,3.5504701,0.6580562650724538,0.6357979732186024,0.02225829185385142,0.6332609078578393,0.6330748701808308,0.00018603767700853258,0.7199630771210597,0.6610327561722885,0.05893032094877115
224,Luwingu,2018,3.4166591,0.6450938795159429,0.6357979732186024,0.00929590629734045,0.658529378592317,0.6330748701808308,0.02545450841148622,0.6625598314334369,0.6610327561722885,0.0015270752611483696
225,Luwingu,2019,2.951705969,0.596784622962308,0.6357979732186024,-0.03901335025629438,0.553499082148348,0.6330748701808308,-0.07957578803248277,0.5164872549311993,0.6610327561722885,-0.14454550124108922
226,Luwingu,2020,2.827344259,0.582897527565458,0.6357979732186024,-0.052900445653144446,0.6163550192042236,0.6330748701808308,-0.01671985097660711,0.7252969778544223,0.6610327561722885,0.06426422168213375
227,Luwingu,2021,4.067438233,0.7047884637822642,0.6357979732186024,0.0689904905636618,0.6915777288787103,0.6330748701808308,0.05850285869787952,0.6091809197442317,0.6610327561722885,-0.0518518364280568
228,Mambwe,2016,1.2420337,0.3506421361867174,0.3627932496431974,-0.012151113456480012,0.38680790408328214,0.38391877397111623,0.002889130112165905,0.3936625776812222,0.3667244088618435,0.026938168819378716
229,Mambwe,2017,1.7288141,0.43597395043934906,0.3627932496431974,0.07318070079615163,0.4175307576977102,0.38391877397111623,0.033611983726593964,0.2798116788576867,0.3667244088618435,-0.08691273000415678
230,Mambwe,2018,0.77372056,0.24888520015790322,0.3627932496431974,-0.1139080494852942,0.2811603182449408,0.38391877397111623,-0.10275845572617542,0.3571751409209885,0.3667244088618435,-0.009549267940854977
231,Mambwe,2019,1.186189569,0.3396878178154626,0.3627932496431974,-0.023105431827734835,0.35156923080096236,0.38391877397111623,-0.03234954317015387,0.39980879743797726,0.3667244088618435,0.03308438857613377
232,Mambwe,2020,1.253598771,0.3528765971353031,0.3627932496431974,-0.009916652507894308,0.39618840848005826,0.38391877397111623,0.012269634508942029,0.42157394235289397,0.3667244088618435,0.054849533491050484
233,Mambwe,2021,1.809918969,0.44869379612444904,0.3627932496431974,0.08590054648125162,0.47025602451974374,0.38391877397111623,0.08633725054862751,0.3483143159202921,0.3667244088618435,-0.01841009294155138
234,Mansa,2016,2.9418659,0.5957018457474227,0.5929347260432284,0.0027671197041942985,0.5830697491743302,0.5915958713391966,-0.008526122164866368,0.4660058246683694,0.5621967470048422,-0.09619092233647286
235,Mansa,2017,2.5799701,0.5538793994206241,0.5929347260432284,-0.03905532662260425,0.6270412114166097,0.5915958713391966,0.03544534007741318,0.6842235807599552,0.5621967470048422,0.12202683375511292
236,Mansa,2018,2.8280931,0.5829824913630594,0.5929347260432284,-0.009952234680169036,0.5521620500577608,0.5915958713391966,-0.0394338212814358,0.5809639071532808,0.5621967470048422,0.0187671601484386
237,Mansa,2019,2.991155311,0.6010986281593378,0.5929347260432284,0.0081639021161094,0.5706678278522734,0.5915958713391966,-0.02092804348692312,0.49645059893569693,0.5621967470048422,-0.0657461480691453
238,Mansa,2020,2.644337593,0.5616186010084232,0.5929347260432284,-0.03131612503480519,0.5691750098515248,0.5915958713391966,-0.02242086148767175,0.6369758494902644,0.5621967470048422,0.07477910248542219
239,Mansa,2021,3.595443073,0.6623273905605032,0.5929347260432284,0.06939266451727477,0.6474593796826805,0.5915958713391966,0.05586350834348397,0.508560721021487,0.5621967470048422,-0.05363602598335526
240,Masaiti,2016,2.2371283,0.51015991252516,0.5231670765216762,-0.013007163996516136,0.5192489423819779,0.5301774273995506,-0.010928485017572709,0.5062799979947936,0.5394309833613861,-0.033150985366592445
241,Masaiti,2017,2.0453959,0.4836437587124165,0.5231670765216762,-0.03952331780925966,0.5204183853870118,0.5301774273995506,-0.009759042012538854,0.601361912000453,0.5394309833613861,0.06193092863906691
242,Masaiti,2018,1.9416952,0.46859767185321255,0.5231670765216762,-0.054569404668463606,0.5100684778861433,0.5301774273995506,-0.02010894951340736,0.5725084397853102,0.5394309833613861,0.03307745642392412
243,Masaiti,2019,2.614534564,0.5580523820454175,0.5231670765216762,0.03488530552374136,0.49645827781398566,0.5301774273995506,-0.03371914958556499,0.4388860799548216,0.5394309833613861,-0.10054490340656447
244,Masaiti,2020,2.63640156,0.5606718354032715,0.5231670765216762,0.037504758881595324,0.5669899421133682,0.5301774273995506,0.036812514713817523,0.572345065393262,0.5394309833613861,0.03291408203187596
245,Masaiti,2021,2.61307435,0.5578768985905789,0.5231670765216762,0.03470982206890272,0.5678805388148167,0.5301774273995506,0.037703111415266055,0.5452044050396758,0.5394309833613861,0.0057734216782897585
246,Mazabuka,2016,2.1691551,0.5009434942946941,0.3929421056843552,0.10800138861033887,0.47589694888239364,0.3878351141310968,0.08806183475129686,0.41673354593526124,0.4292328026569134,-0.012499256721652141
247,Mazabuka,2017,2.8237674,0.5824914662481889,0.3929421056843552,0.1895493605638337,0.4877468694174935,0.3878351141310968,0.09991175528639673,0.5366278878747218,0.4292328026569134,0.10739508521780844
248,Mazabuka,2018,1.2457986,0.35137080676493515,0.3929421056843552,-0.041571298919420074,0.36031704984254126,0.3878351141310968,-0.02751806428855552,0.3711474553412892,0.4292328026569134,-0.0580853473156242
249,Mazabuka,2019,0.409797307,0.14915667664173204,0.3929421056843552,-0.24378542904262318,0.18105980201692246,0.3878351141310968,-0.20677531211417433,0.31917285415510055,0.4292328026569134,-0.11005994850181283
250,Mazabuka,2020,1.363319468,0.37352243251329675,0.3929421056843552,-0.01941967317105847,0.40747828949538506,0.3878351141310968,0.01964317536428828,0.5717599435993769,0.4292328026569134,0.1425271409424635
251,Mazabuka,2021,1.512856901,0.40016775764328444,0.3929421056843552,0.007225651958929213,0.414511725131845,0.3878351141310968,0.026676611000748196,0.35995512903573046,0.4292328026569134,-0.06927767362118292
252,Mbala,2016,2.0190649,0.4798724490313532,0.5246318073034395,-0.044759358272086325,0.48568331203253595,0.5001901102407055,-0.014506798208169525,0.5449935796389062,0.5130499218642425,0.03194365777466368
253,Mbala,2017,2.7086232,0.5692127107959579,0.5246318073034395,0.04458090349251842,0.5809637403054265,0.5001901102407055,0.08077363006472105,0.5416255301163397,0.5130499218642425,0.028575608252097262
254,Mbala,2018,2.4919531,0.543068402116011,0.5246318073034395,0.01843659481257154,0.4122198321102739,0.5001901102407055,-0.08797027813043157,0.41480974503853735,0.5130499218642425,-0.09824017682570513
255,Mbala,2019,1.830338242,0.45183833936043655,0.5246318073034395,-0.07279346794300295,0.41539975801999635,0.5001901102407055,-0.08479035222070913,0.4701807831568796,0.5130499218642425,-0.042869138707362864
256,Mbala,2020,2.368858277,0.5274827412240736,0.5246318073034395,0.002850933920634069,0.5324731467213046,0.5001901102407055,0.03228303648059916,0.5857351339557667,0.5130499218642425,0.07268521209152423
257,Mbala,2021,2.769781695,0.5763162012928047,0.5246318073034395,0.051684393989365196,0.5744008722546953,0.5001901102407055,0.0742107620139898,0.5209547592790251,0.5130499218642425,0.00790483741478265
258,Milenge,2016,2.5866716,0.5546916139670194,0.5824256493691223,-0.027734035402102952,0.5638046591176992,0.5624432748759529,0.0013613842417462552,0.5260442403092133,0.5783984281514596,-0.052354187842246325
259,Milenge,2017,3.0636063,0.6089116249599209,0.5824256493691223,0.02648597559079857,0.596413242722964,0.5624432748759529,0.03396996784701112,0.6799523496251092,0.5783984281514596,0.10155392147364961
260,Milenge,2018,2.9080381,0.5919587890639061,0.5824256493691223,0.009533139694783754,0.564469548019246,0.5624432748759529,0.002026273143293067,0.5753327116427418,0.5783984281514596,-0.0030657165087177862
261,Milenge,2019,3.104939969,0.6133068103415313,0.5824256493691223,0.030881160972409005,0.5519702035612474,0.5624432748759529,-0.01047307131470554,0.4781092834517438,0.5783984281514596,-0.10028914469971578
262,Milenge,2020,2.047804806,0.483987149546957,0.5824256493691223,-0.09843849982216535,0.5064201400370207,0.5624432748759529,-0.056023134838932176,0.6813996576697902,0.5783984281514596,0.10300122951833057
263,Milenge,2021,3.382257655,0.6416979083353991,0.5824256493691223,0.05927225896627675,0.5915818557975401,0.5624432748759529,0.029138580921587165,0.5295523262101594,0.5783984281514596,-0.048846101941300235
264,Mkushi,2016,3.7212489,0.6740568966496697,0.6047037370883913,0.06935315956127841,0.6295204864443629,0.587198596206671,0.04232189023769184,0.5054033427505283,0.5746665653268535,-0.06926322257632511
265,Mkushi,2017,3.2671978,0.6301427744406392,0.6047037370883913,0.02543903735224784,0.6023993385395822,0.587198596206671,0.015200742332911132,0.5254830704026733,0.5746665653268535,-0.04918349492418017
266,Mkushi,2018,2.620023,0.5587113298539811,0.6047037370883913,-0.045992407234410226,0.5605530668332267,0.587198596206671,-0.026645529373444332,0.6361558489666519,0.5746665653268535,0.06148928363979844
267,Mkushi,2019,2.462586715,0.5394006584261306,0.6047037370883913,-0.0653030786622607,0.5200276755429003,0.587198596206671,-0.06717092066377073,0.4841878729366086,0.5746665653268535,-0.09047869239024486
268,Mkushi,2020,2.819022947,0.5819522678851105,0.6047037370883913,-0.02275146920328086,0.5711329583581384,0.587198596206671,-0.016065637848532655,0.658856492299877,0.5746665653268535,0.08418992697302352
269,Mkushi,2021,3.405127625,0.6439584952748169,0.6047037370883913,0.03925475818642554,0.639558051521816,0.587198596206671,0.052359455315144965,0.6379127646047819,0.5746665653268535,0.0632461992779284
270,Mongu,2016,0.92335141,0.28405864018287613,0.19277112233152652,0.09128751785134961,0.2667062344214824,0.20591657282558926,0.060789661595893135,0.17876056014393227,0.2861824442909677,-0.1074218841470354
271,Mongu,2017,0.54088295,0.18776964968544435,0.19277112233152652,-0.005001472646082167,0.2048012991027235,0.20591657282558926,-0.0011152737228657672,0.20971928373645077,0.2861824442909677,-0.0764631605545169
272,Mongu,2018,0.40754744,0.14846304123778306,0.19277112233152652,-0.04430808109374346,0.1549785621774925,0.20591657282558926,-0.05093801064809675,0.266391027554719,0.2861824442909677,-0.01979141673624868
273,Mongu,2019,0.263574759,0.10160094191140748,0.19277112233152652,-0.09117018042011904,0.10892686949145619,0.20591657282558926,-0.09698970333413306,0.3857919719599113,0.2861824442909677,0.0996095276689436
274,Mongu,2020,0.500614504,0.17626913975290687,0.19277112233152652,-0.01650198257861965,0.20808568933945898,0.20591657282558926,0.0021691165138697233,0.28306024394949914,0.2861824442909677,-0.0031222003414685395
275,Mongu,2021,0.813281878,0.2584653212187412,0.19277112233152652,0.0656941988872147,0.29200078242092187,0.20591657282558926,0.08608420959533261,0.39337157840129344,0.2861824442909677,0.10718913411032577
276,Monze,2016,1.4287233,0.3853780392480223,0.36953971156454185,0.015838327683480424,0.38377574053620966,0.37377107641875407,0.010004664117455597,0.32782087642504787,0.43040223216998735,-0.10258135574493948
277,Monze,2017,2.169112,0.5009375879193789,0.36953971156454185,0.13139787635483707,0.5049705114014761,0.37377107641875407,0.13119943498272202,0.5783292348382387,0.43040223216998735,0.14792700266825137
278,Monze,2018,1.0467269,0.3110598975058887,0.36953971156454185,-0.05847981405865316,0.33744473297656613,0.37377107641875407,-0.036326343442187936,0.47909239598559117,0.43040223216998735,0.048690163815603815
279,Monze,2019,0.171938503,0.068904822852309,0.36953971156454185,-0.3006348887122329,0.09076763322678,0.37377107641875407,-0.28300344319197407,0.29510751831967935,0.43040223216998735,-0.135294713850308
280,Monze,2020,1.865765568,0.4572406603501533,0.36953971156454185,0.08770094878561147,0.4516137226627276,0.37377107641875407,0.07784264624397352,0.5605405548949779,0.43040223216998735,0.13013832272499054
281,Monze,2021,2.116859756,0.4937172615114989,0.36953971156454185,0.12417754994695707,0.4740541177087647,0.37377107641875407,0.10028304129001064,0.341522812556389,0.43040223216998735,-0.08887941961359835
282,Mpika,2016,3.4073069,0.6441732933816642,0.63246439657152,0.011708896810144198,0.6409491595998671,0.5999941823141487,0.0409549772857184,0.5158186234429954,0.5828965174486412,-0.06707789400564579
283,Mpika,2017,3.596173,0.662396367172764,0.63246439657152,0.029931970601243973,0.6160626306857737,0.5999941823141487,0.01606844837162502,0.5502559630784543,0.5828965174486412,-0.03264055437018698
284,Mpika,2018,3.1503203,0.6180816145807039,0.63246439657152,-0.014382781990816107,0.5326228649612483,0.5999941823141487,-0.06737131735290036,0.6044924436622143,0.5828965174486412,0.02159592621357309
285,Mpika,2019,3.173700736,0.6205213059265484,0.63246439657152,-0.011943090644971566,0.5920809908583746,0.5999941823141487,-0.007913191455774071,0.6094388337837753,0.5828965174486412,0.026542316335134042
286,Mpika,2020,3.039081408,0.6062826064972694,0.63246439657152,-0.026181790074250588,0.5804872690963422,0.5999941823141487,-0.01950691321780651,0.641149931177039,0.5828965174486412,0.05825341372839776
287,Mpika,2021,3.398769366,0.64333119187017,0.63246439657152,0.010866795298649978,0.6377621786832864,0.5999941823141487,0.037767996369137746,0.5762233095473691,0.5828965174486412,-0.006673207901272127
288,Mpongwe,2016,3.1354961,0.6165276155980943,0.5846736040143333,0.031854011583761,0.6104179090101381,0.5873395276066845,0.02307838140345364,0.5183550088219864,0.5772834849530223,-0.05892847613103591
289,Mpongwe,2017,3.6366611,0.6662053538689187,0.5846736040143333,0.08153174985458533,0.6604178946772116,0.5873395276066845,0.07307836707052706,0.614228902696443,0.5772834849530223,0.03694541774342075
290,Mpongwe,2018,2.5246844,0.5471202363700767,0.5846736040143333,-0.03755336764425665,0.5762677228631126,0.5873395276066845,-0.011071804743571945,0.6762810686791838,0.5772834849530223,0.09899758372616152
291,Mpongwe,2019,2.689074217,0.5669173924752009,0.5846736040143333,-0.017756211539132427,0.5569700413385228,0.5873395276066845,-0.030369486268161716,0.5535173771712633,0.5772834849530223,-0.023766107781759027
292,Mpongwe,2020,2.721200351,0.5706830532495207,0.5846736040143333,-0.013990550764812593,0.5724917830465713,0.5873395276066845,-0.014847744560113174,0.6735426705981938,0.5772834849530223,0.09625918564517155
293,Mpongwe,2021,2.472066004,0.5405879725241891,0.5846736040143333,-0.04408563149014422,0.5474718147045504,0.5873395276066845,-0.03986771290213409,0.4277758817510637,0.5772834849530223,-0.1495076032019586
294,Mpulungu,2016,2.8369057,0.5839811256322741,0.5471502329837247,0.03683089264854944,0.6013652224536259,0.5259514363140835,0.07541378613954242,0.7410268043557875,0.5632803650333033,0.17774643932248424
295,Mpulungu,2017,2.719739,0.5705124681516868,0.5471502329837247,0.023362235167962098,0.5431622885886982,0.5259514363140835,0.01721085227461472,0.5352587435162404,0.5632803650333033,-0.02802162151706289
296,Mpulungu,2018,2.3531175,0.5254487722500318,0.5471502329837247,-0.021701460733692834,0.4815257865137383,0.5259514363140835,-0.04442564980034519,0.4547279361801898,0.5632803650333033,-0.10855242885311345
297,Mpulungu,2019,1.586150906,0.41265386305440477,0.5471502329837247,-0.1344963699293199,0.4705163903755577,0.5259514363140835,-0.05543504593852577,0.5326972259857597,0.5632803650333033,-0.030583139047543506
298,Mpulungu,2020,2.208692695,0.5063281255540557,0.5471502329837247,-0.04082210742966896,0.5054959961658366,0.5259514363140835,-0.02045544014824685,0.6897697771953784,0.5632803650333033,0.1264894121620751
299,Mpulungu,2021,3.830332683,0.6839770432598948,0.5471502329837247,0.13682681027617016,0.5536429337870443,0.5259514363140835,0.027691497472960847,0.4262017029664639,0.5632803650333033,-0.13707866206683933
300,Mufulira,2016,3.4425128,0.6476286877910948,0.6106598941262992,0.03696879366479566,0.6450831152175583,0.5989028979281977,0.046180217289360614,0.6131167766139156,0.5985782023121853,0.014538574301730334
301,Mufulira,2017,2.8244431,0.5825682038803933,0.6106598941262992,-0.028091690245905854,0.5875767415474122,0.5989028979281977,-0.01132615638078549,0.7848006970533059,0.5985782023121853,0.18622249474112063
302,Mufulira,2018,3.0143201,0.6036119999703278,0.6106598941262992,-0.0070478941559714015,0.5883814543280861,0.5989028979281977,-0.010521443600111646,0.5262157474118483,0.5985782023121853,-0.07236245490033699
303,Mufulira,2019,2.659152484,0.5633805077593431,0.6106598941262992,-0.047279386366956055,0.5290347566035738,0.5989028979281977,-0.06986814132462393,0.5045158586385471,0.5985782023121853,-0.0940623436736382
304,Mufulira,2020,3.192749764,0.6224989431674679,0.6106598941262992,0.011839049041168725,0.6088067976578507,0.5989028979281977,0.009903899729652998,0.593812862295405,0.5985782023121853,-0.004765340016780306
305,Mufulira,2021,3.408298783,0.644271022189168,0.6106598941262992,0.03361112806286881,0.6345345222147047,0.5989028979281977,0.03563162428650701,0.5690072718600897,0.5985782023121853,-0.02957093045209558
306,Mufumbwe,2016,2.8199039,0.5820524371984381,0.5201085753352331,0.061943861863204996,0.5987876618349353,0.4972821418637456,0.10150551997118967,0.6039065852529772,0.4893357159128687,0.11457086934010857
307,Mufumbwe,2017,2.1012104,0.4915312317191899,0.5201085753352331,-0.02857734361604325,0.507162792009748,0.4972821418637456,0.009880650146002423,0.5527831472334315,0.4893357159128687,0.0634474313205628
308,Mufumbwe,2018,2.4339726,0.5357968255609844,0.5201085753352331,0.015688250225751266,0.48821286159840815,0.4972821418637456,-0.009069280265337432,0.48262202955088773,0.4893357159128687,-0.006713686361980942
309,Mufumbwe,2019,2.066056062,0.48658009154727033,0.5201085753352331,-0.033528483787962804,0.4726080998234228,0.4972821418637456,-0.024674042040322808,0.43243024653186146,0.4893357159128687,-0.05690546938100721
310,Mufumbwe,2020,2.59355582,0.5555243952981505,0.5201085753352331,0.035415819962917316,0.4995000447909301,0.4972821418637456,0.0022179029271844897,0.6141337611776374,0.4893357159128687,0.12479804526476873
311,Mufumbwe,2021,1.945550485,0.4691664706873657,0.5201085753352331,-0.050942104647867414,0.4174213911250292,0.4972821418637456,-0.0798607507387164,0.25013852573041684,0.4893357159128687,-0.23919719018245184
312,Mumbwa,2016,2.162931,0.5000897177942845,0.3785229840395894,0.12156673375469507,0.5142804861386562,0.4138838676181679,0.10039661852048826,0.4674359399253855,0.417864914341475,0.04957102558391052
313,Mumbwa,2017,1.8183885,0.4500008581050867,0.3785229840395894,0.07147787406549733,0.45362666042430144,0.4138838676181679,0.03974279280613352,0.403752488937034,0.417864914341475,-0.014112425404440965
314,Mumbwa,2018,1.5806259,0.41172505168013485,0.3785229840395894,0.03320206764054545,0.4287890869711911,0.4138838676181679,0.014905219353023191,0.4553243035632533,0.417864914341475,0.03745938922177833
315,Mumbwa,2019,0.502478514,0.176808270147018,0.3785229840395894,-0.2017147138925714,0.2905212799991602,0.4138838676181679,-0.1233625876190077,0.36883974046184953,0.417864914341475,-0.04902517387962546
316,Mumbwa,2020,1.07829057,0.3177062670544359,0.3785229840395894,-0.06081671698515351,0.36909851931482723,0.4138838676181679,-0.04478534830334069,0.546367298336371,0.417864914341475,0.128502383994896
317,Mumbwa,2021,1.599008737,0.41480773945657656,0.3785229840395894,0.03628475541698717,0.42698717286087107,0.4138838676181679,0.013103305242703145,0.26546971482495635,0.417864914341475,-0.15239519951651864
318,Mungwi,2016,3.4897926,0.6522262798104704,0.6116878051625724,0.04053847464789806,0.6019415393671358,0.6069270248480553,-0.004985485480919483,0.5496470499208091,0.6005435591232459,-0.05089650920243671
319,Mungwi,2017,3.0053055,0.6026356469880974,0.6116878051625724,-0.009052158174475022,0.6328376221580565,0.6069270248480553,0.025910597310001227,0.7482430489792171,0.6005435591232459,0.14769948985597126
320,Mungwi,2018,3.3023338,0.6337041024424721,0.6116878051625724,0.022016297279899733,0.6111551350292748,0.6069270248480553,0.004228110181219491,0.58128629551272,0.6005435591232459,-0.01925726361052582
321,Mungwi,2019,2.7420998,0.5731153657431802,0.6116878051625724,-0.038572439419392146,0.6145791875687602,0.6069270248480553,0.0076521627207049026,0.6125236175530105,0.6005435591232459,0.011980058429764684
322,Mungwi,2020,2.935287574,0.5949764742396699,0.6116878051625724,-0.016711330922902445,0.5693453075654803,0.6069270248480553,-0.03758171728257498,0.6308157067517147,0.6005435591232459,0.03027214762846886
323,Mungwi,2021,3.106472906,0.6134689617515442,0.6116878051625724,0.0017811565889718217,0.6117033573996241,0.6069270248480553,0.00477633255156884,0.4807456360220032,0.6005435591232459,-0.11979792310124265
324,Mwense,2016,2.8140585,0.5813873499665023,0.5347125254774863,0.046674824489016054,0.5686351863885297,0.5434240302408292,0.02521115614770053,0.4920434904627178,0.5960891105713925,-0.10404562010867469
325,Mwense,2017,2.5432405,0.549400631384287,0.5347125254774863,0.014688105906800697,0.5657686625460179,0.5434240302408292,0.022344632305188683,0.6619015875519908,0.5960891105713925,0.06581247698059833
326,Mwense,2018,2.4502552,0.5378512190885808,0.5347125254774863,0.003138693611094534,0.5629222715584113,0.5434240302408292,0.019498241317582155,0.7811047976454272,0.5960891105713925,0.1850156870740347
327,Mwense,2019,2.481880648,0.5418138802783324,0.5347125254774863,0.007101354800846171,0.5300643897311063,0.5434240302408292,-0.013359640509722936,0.534969049113035,0.5960891105713925,-0.061120061458357466
328,Mwense,2020,1.776599432,0.44351323048127134,0.5347125254774863,-0.09119929499621493,0.47382951577567906,0.5434240302408292,-0.06959451446515014,0.6737475815012932,0.5960891105713925,0.07765847092990075
329,Mwense,2021,2.583511823,0.554308841665944,0.5347125254774863,0.019596316188457696,0.5593241554452304,0.5434240302408292,0.015900125204401205,0.43276815715389116,0.5960891105713925,-0.1633209534175013
330,Mwinilunga,2016,3.6162107,0.6642856233190315,0.6450237150591337,0.01926190825989782,0.6260556474160883,0.6227124783855288,0.003343169030559534,0.6002853981495133,0.5932392855587171,0.0070461125907962385
331,Mwinilunga,2017,3.261337,0.6295458809390245,0.6450237150591337,-0.015477834120109168,0.6290282895116566,0.6227124783855288,0.006315811126127779,0.6536903597719089,0.5932392855587171,0.06045107421319185
332,Mwinilunga,2018,3.3210003,0.6355842964635884,0.6450237150591337,-0.009439418595545312,0.6220652864969416,0.6227124783855288,-0.0006471918885871952,0.6258790417423216,0.5932392855587171,0.032639756183604485
333,Mwinilunga,2019,3.893043857,0.6895791084163316,0.6450237150591337,0.04455539335719794,0.6370050513897061,0.6227124783855288,0.0142925730041773,0.5657715605005005,0.5932392855587171,-0.027467725058216597
334,Mwinilunga,2020,2.93295659,0.5947191529117801,0.6450237150591337,-0.05030456214735357,0.562427831084179,0.6227124783855288,-0.06028464730134975,0.516788111350642,0.5932392855587171,-0.07645117420807512
335,Mwinilunga,2021,3.533443717,0.6564282283050462,0.6450237150591337,0.011404513245912518,0.659692764414601,0.6227124783855288,0.03698028602907222,0.5970212418374162,0.5932392855587171,0.00378195627869915
336,Namwala,2016,1.3391956,0.3690665383756129,0.2761334076272252,0.09293313074838766,0.3402203454523031,0.28347102907553784,0.05674931637676528,0.35991148291934894,0.3225528310261595,0.03735865189318943
337,Namwala,2017,1.0458239,0.3108682478757741,0.2761334076272252,0.03473484024854889,0.3506944326952001,0.28347102907553784,0.06722340361966228,0.5096450810911622,0.3225528310261595,0.18709225006500274
338,Namwala,2018,0.52168161,0.1823237920632568,0.2761334076272252,-0.09380961556396841,0.22043049533167733,0.28347102907553784,-0.06304053374386051,0.2904236739275392,0.3225528310261595,-0.0321291570986203
339,Namwala,2019,0.210628354,0.08301084126126516,0.2761334076272252,-0.19312256636596004,0.06884050302759437,0.28347102907553784,-0.21463052604794347,0.11051383850380786,0.3225528310261595,-0.21203899252235164
340,Namwala,2020,1.649762248,0.423206908271218,0.2761334076272252,0.14707350064399277,0.3917794431997248,0.28347102907553784,0.10830841412418696,0.5047719457556213,0.3225528310261595,0.18221911472946184
341,Namwala,2021,0.942334919,0.2883241179162242,0.2761334076272252,0.012190710288998985,0.32886095474672716,0.28347102907553784,0.045389925671189324,0.16005096395947738,0.3225528310261595,-0.16250186706668213
342,Nchelenge,2016,2.5836995,0.5543315861007947,0.5060873714089197,0.04824421469187501,0.5496006117693653,0.5226265119681347,0.026974099801230556,0.44923118740574186,0.5361446386430327,-0.08691345123729088
343,Nchelenge,2017,2.2126985,0.5068699705156602,0.5060873714089197,0.0007825991067405003,0.5112665573666417,0.5226265119681347,-0.011359954601492972,0.616925543294459,0.5361446386430327,0.08078090465142629
344,Nchelenge,2018,2.1147962,0.49342963619232744,0.5060873714089197,-0.012657735216592247,0.562944309699501,0.5226265119681347,0.040317797731366345,0.4722788788486368,0.5361446386430327,-0.06386575979439596
345,Nchelenge,2019,1.604963554,0.41580165147146897,0.5060873714089197,-0.09028571993745071,0.4438505102011097,0.5226265119681347,-0.07877600176702498,0.599099223380097,0.5361446386430327,0.06295458473706428
346,Nchelenge,2020,2.441062908,0.5366926122743839,0.5060873714089197,0.030605240865464234,0.5431205116513701,0.5226265119681347,0.020493999683235398,0.6965492709287626,0.5361446386430327,0.16040463228572988
347,Nchelenge,2021,2.38375392,0.5293987718988828,0.5060873714089197,0.023311400489963163,0.5249765711208206,0.5226265119681347,0.002350059152685935,0.3827837280004992,0.5361446386430327,-0.15336091064253354
348,Ndola,2016,3.6122153,0.6639095721307984,0.5790694774839507,0.08484009464684772,0.5199675779710645,0.5444287731153556,-0.024461195144291126,0.5299478190706401,0.5186506994358769,0.011297119634763209
349,Ndola,2017,2.3715832,0.5278338811578651,0.5790694774839507,-0.05123559632608554,0.5451748935876289,0.5444287731153556,0.0007461204722732928,0.6082890479508699,0.5186506994358769,0.08963834851499297
350,Ndola,2018,3.0773473,0.6103777053323797,0.5790694774839507,0.031308227848429016,0.5600601372008212,0.5444287731153556,0.015631364085465504,0.4297217582220132,0.5186506994358769,-0.08892894121386374
351,Ndola,2019,2.588667874,0.5549332668694575,0.5790694774839507,-0.024136210614493114,0.49439089082999066,0.5444287731153556,-0.05003788228536499,0.5187457769970963,0.5186506994358769,9.507756121940325e-05
352,Ndola,2020,2.303509499,0.5189755599281577,0.5790694774839507,-0.060093917555792964,0.5419485309106209,0.5444287731153556,-0.0024802422047347505,0.5578855536209693,0.5186506994358769,0.039234854185092316
353,Ndola,2021,2.966312051,0.5983868794850455,0.5790694774839507,0.019317402001094885,0.6050306081920077,0.5444287731153556,0.060601835076652066,0.4673142407536728,0.5186506994358769,-0.051336458682204156
354,Nyimba,2016,1.6702282,0.42654837813079527,0.41929517718937737,0.007253200941417903,0.3126493974093435,0.3874115388578472,-0.07476214144850368,0.2581410188254246,0.35313589357624303,-0.09499487475081841
355,Nyimba,2017,1.8011197,0.4473316678877352,0.41929517718937737,0.02803649069835784,0.44478750147149965,0.3874115388578472,0.057375962613652465,0.4298605726701857,0.35313589357624303,0.07672467909394265
356,Nyimba,2018,1.7358836,0.43709761609155084,0.41929517718937737,0.01780243890217348,0.4097624075303441,0.3874115388578472,0.022350868672496915,0.3516347375108809,0.35313589357624303,-0.001501156065362108
357,Nyimba,2019,1.231844629,0.3486639576864157,0.41929517718937737,-0.07063121950296164,0.35924116640855175,0.3874115388578472,-0.028170372449295433,0.42105826666792745,0.35313589357624303,0.06792237309168442
358,Nyimba,2020,1.979363062,0.4741234291014803,0.41929517718937737,0.05482825191210294,0.40192525550720726,0.3874115388578472,0.014513716649360076,0.367157399099774,0.35313589357624303,0.014021505523530986
359,Nyimba,2021,1.409938802,0.38200601423828706,0.41929517718937737,-0.037289162951090304,0.3961035048201368,0.3874115388578472,0.008691965962289605,0.2909633666832657,0.35313589357624303,-0.06217252689297731
360,Petauke,2016,1.5849327,0.41244924050574017,0.41060678613101304,0.0018424543747271316,0.4340501911172412,0.4204501627915495,0.013600028325691682,0.4369186328603061,0.36695883605667373,0.06995979680363235
361,Petauke,2017,1.6370506,0.42111846316087875,0.41060678613101304,0.010511677029865718,0.41430418716250467,0.4204501627915495,-0.006145975629044842,0.24803054071545866,0.36695883605667373,-0.11892829534121507
362,Petauke,2018,1.3331778,0.3679478355004061,0.41060678613101304,-0.04265895063060693,0.4679390179877182,0.4204501627915495,0.04748885519616869,0.4260954531251539,0.36695883605667373,0.05913661706848017
363,Petauke,2019,1.434668962,0.3864399192466667,0.41060678613101304,-0.024166866884346327,0.34798461482821336,0.4204501627915495,-0.07246554796333615,0.33653490861813196,0.36695883605667373,-0.030423927438541776
364,Petauke,2020,1.557734902,0.40785552975766715,0.41060678613101304,-0.0027512563733458895,0.4066732663110525,0.4204501627915495,-0.013776896480497014,0.5171886499412883,0.36695883605667373,0.1502298138846146
365,Petauke,2021,1.93649813,0.4678297286147192,0.41060678613101304,0.057222942483706185,0.4517496993425669,0.4204501627915495,0.031299536551017415,0.23698483107970342,0.36695883605667373,-0.12997400497697031
366,Samfya,2016,3.2976162,0.633227628078473,0.6025861818240784,0.030641446254394578,0.6365946536771822,0.5988437106107479,0.03775094306643423,0.7518554589268147,0.577835804778308,0.17401965414850673
367,Samfya,2017,3.1133325,0.6141938169924458,0.6025861818240784,0.01160763516836738,0.6126489582455351,0.5988437106107479,0.013805247634787188,0.6357588429142005,0.577835804778308,0.0579230381358925
368,Samfya,2018,3.1026773,0.6130673584631697,0.6025861818240784,0.010481176639091316,0.5997692548812875,0.5988437106107479,0.0009255442705395911,0.5531355944609203,0.577835804778308,-0.024700210317387672
369,Samfya,2019,2.432941189,0.5356663634282107,0.6025861818240784,-0.06691981839586769,0.5418732505151317,0.5988437106107479,-0.05697046009561624,0.527771236492243,0.577835804778308,-0.05006456828606498
370,Samfya,2020,2.574809717,0.5532529297577298,0.6025861818240784,-0.04933325206634864,0.5539540635441552,0.5988437106107479,-0.04488964706659271,0.6070003102240746,0.577835804778308,0.029164505445766653
371,Samfya,2021,3.635632449,0.6661089942244411,0.6025861818240784,0.06352281240036273,0.6482220828011956,0.5988437106107479,0.04937837219044772,0.3914933856515944,0.577835804778308,-0.18634241912671357
372,Senanga,2016,0.60891116,0.20653206411955607,0.15631078861512457,0.050221275504431506,0.21031984907200413,0.1609975311430537,0.04932231792895042,0.3044113653678864,0.2719723984860989,0.03243896688178749
373,Senanga,2017,0.59547389,0.2028897013394903,0.15631078861512457,0.046578912724365734,0.20202885342884452,0.1609975311430537,0.04103132228579082,0.21744407953210973,0.2719723984860989,-0.05452831895398916
374,Senanga,2018,0.50678778,0.17805208943135686,0.15631078861512457,0.021741300816232295,0.17627988371816,0.1609975311430537,0.015282352575106295,0.37404073365677476,0.2719723984860989,0.10206833517067587
375,Senanga,2019,0.025613177,0.010983591993019825,0.15631078861512457,-0.14532719662210475,0.013664804248447238,0.1609975311430537,-0.14733272689460647,0.10996406414949406,0.2719723984860989,-0.16200833433660483
376,Senanga,2020,0.398830575,0.1457651163514371,0.15631078861512457,-0.010545672263687467,0.1552447641222135,0.1609975311430537,-0.00575276702084021,0.44449878144578286,0.2719723984860989,0.17252638295968398
377,Senanga,2021,0.561860237,0.19364216845588733,0.15631078861512457,0.03733137984076276,0.20844703226865285,0.1609975311430537,0.04744950112559915,0.18147536676454568,0.2719723984860989,-0.09049703172155321
378,Serenje,2016,2.7614255,0.5753524644645734,0.576217194454765,-0.0008647299901916039,0.5897979254537138,0.6084171302801668,-0.018619204826452962,0.48810269150400604,0.5852487036624735,-0.09714601215846747
379,Serenje,2017,2.434624,0.535879200300057,0.576217194454765,-0.04033799415470807,0.6256188176987155,0.6084171302801668,0.017201687418548772,0.6480683856984865,0.5852487036624735,0.06281968203601296
380,Serenje,2018,2.6266379,0.5595041958113927,0.576217194454765,-0.01671299864337239,0.6390721767810219,0.6084171302801668,0.030655046500855154,0.6811907807661772,0.5852487036624735,0.09594207710370373
381,Serenje,2019,2.635613021,0.5605776501856834,0.576217194454765,-0.01563954426908165,0.5885502286072872,0.6084171302801668,-0.019866901672879522,0.5768603091902301,0.5852487036624735,-0.008388394472243377
382,Serenje,2020,3.170047869,0.6201410403750119,0.576217194454765,0.043923845920246896,0.5948764136241231,0.6084171302801668,-0.013540716656043617,0.543766036785462,0.5852487036624735,-0.04148266687701152
383,Serenje,2021,3.035047166,0.6058486155918721,0.576217194454765,0.02963142113710704,0.6125872195161387,0.6084171302801668,0.004170089235971952,0.5735040180304788,0.5852487036624735,-0.011744685631994711
384,Sesheke,2016,0.51904219,0.18156983616017838,0.1812451770391208,0.00032465912105758554,0.29389897420088074,0.21782273814398356,0.07607623605689717,0.2384612306464524,0.21695472072846522,0.021506509917987165
385,Sesheke,2017,0.52576435,0.18348746324046636,0.1812451770391208,0.0022422862013455613,0.24027961378919407,0.21782273814398356,0.02245687564521051,0.3047094305539909,0.21695472072846522,0.08775470982552569
386,Sesheke,2018,0.49847808,0.17565039439232677,0.1812451770391208,-0.005594782646794028,0.1969331299864145,0.21782273814398356,-0.020889608157569073,0.18041185872405902,0.21695472072846522,-0.03654286200440621
387,Sesheke,2019,0.103660177,0.04283537233137089,0.1812451770391208,-0.1384098047077499,0.04926247683952911,0.21782273814398356,-0.16856026130445445,0.10777187914550818,0.21695472072846522,-0.10918284158295705
388,Sesheke,2020,1.074714692,0.31695838239300633,0.1812451770391208,0.13571320535388554,0.306277837227923,0.21782273814398356,0.08845509908393945,0.40779365983277077,0.21695472072846522,0.19083893910430555
389,Sesheke,2021,0.538047024,0.18696961371737603,0.1812451770391208,0.005724436678255229,0.22028439681995995,0.21782273814398356,0.0024616586759763914,0.06258026546801015,0.21695472072846522,-0.15437445526045507
390,Shangombo,2016,0.45512441,0.16290012615125865,0.16978010756237746,-0.006879981411118813,0.25405583312217606,0.1795650004564399,0.07449083266573617,0.19659995378256717,0.19914157506076416,-0.002541621278196987
391,Shangombo,2017,0.62909776,0.21194714652744268,0.16978010756237746,0.04216703896506521,0.19487065069615794,0.1795650004564399,0.015305650239718055,0.18139666069757548,0.19914157506076416,-0.017744914363188674
392,Shangombo,2018,0.40492296,0.14765251003169116,0.16978010756237746,-0.0221275975306863,0.14776102777274208,0.1795650004564399,-0.031803972683697807,0.205933792340654,0.19914157506076416,0.006792217279889851
393,Shangombo,2019,0.026656584,0.01142519664961473,0.16978010756237746,-0.15835491091276274,0.00295305344922675,0.1795650004564399,-0.17661194700721314,-0.057501289547651824,0.19914157506076416,-0.256642864608416
394,Shangombo,2020,0.741212572,0.24085179421389008,0.16978010756237746,0.07107168665151262,0.2320880817330507,0.1795650004564399,0.05252308127661082,0.4342414888792889,0.19914157506076416,0.23509991381852471
395,Shangombo,2021,0.753492335,0.24390387180036738,0.16978010756237746,0.07412376423798991,0.24566135596528577,0.1795650004564399,0.06609635550884588,0.23417884421215138,0.19914157506076416,0.03503726915138722
396,Siavonga,2016,1.1862265,0.33969515423050567,0.22795020506457106,0.11174494916593461,0.3345991303084904,0.24620038626549254,0.08839874404299788,0.3281528779332735,0.2942222523816696,0.03393062555160392
397,Siavonga,2017,1.0029693,0.3016742928069204,0.22795020506457106,0.07372408774234931,0.3286157320681986,0.24620038626549254,0.08241534580270607,0.40199481216582156,0.2942222523816696,0.10777255978415196
398,Siavonga,2018,0.5062077,0.1778848634611572,0.22795020506457106,-0.05006534160341386,0.23594761101411463,0.24620038626549254,-0.01025277525137791,0.32860688205461674,0.2942222523816696,0.03438462967294714
399,Siavonga,2019,0.039459524,0.016807582801019624,0.22795020506457106,-0.21114262226355143,0.0,0.24620038626549254,-0.24620038626549254,-0.028395042766728662,0.2942222523816696,-0.32261729514839826
400,Siavonga,2020,0.488199724,0.17266121965773146,0.22795020506457106,-0.0552889854068396,0.18911093895859926,0.24620038626549254,-0.057089447306893276,0.5164909481463404,0.2942222523816696,0.22226869576467084
401,Siavonga,2021,1.285483643,0.3589781174300921,0.22795020506457106,0.13102791236552105,0.3889289052435522,0.24620038626549254,0.1427285189780597,0.2184830367566938,0.2942222523816696,-0.07573921562497579
402,Sinazongwe,2016,1.2209828,0.34654519524635186,0.2222992494722086,0.12424594577414325,0.3710463574184977,0.23889258264258006,0.1321537747759176,0.3478569199026832,0.28671046734865646,0.06114645255402673
403,Sinazongwe,2017,1.041549,0.30995980805241846,0.2222992494722086,0.08766055858020985,0.31784504121934143,0.23889258264258006,0.07895245857676136,0.36598715544879057,0.28671046734865646,0.07927668810013411
404,Sinazongwe,2018,0.66803795,0.22220592716988508,0.2222992494722086,-9.332230232353411e-05,0.23104989311880655,0.23889258264258006,-0.00784268952377351,0.29933578767324104,0.28671046734865646,0.012625320324584577
405,Sinazongwe,2019,0.03837861,0.016355733332789592,0.2222992494722086,-0.20594351613941903,0.021748479775599017,0.23889258264258006,-0.21714410286698105,-0.008483083432013927,0.28671046734865646,-0.2951935507806704
406,Sinazongwe,2020,0.589120216,0.20115675256961446,0.2222992494722086,-0.02114249690259415,0.2201023565762995,0.23889258264258006,-0.018790226066280558,0.4966162961733412,0.28671046734865646,0.20990582882468473
407,Sinazongwe,2021,0.728112774,0.2375720804621923,0.2222992494722086,0.015272830989983693,0.27156336774693635,0.23889258264258006,0.03267078510435628,0.2189497283258968,0.28671046734865646,-0.06776073902275967
408,Solwezi,2016,1.4981424,0.39761719055195816,0.4371495494489819,-0.03953235889702372,0.6363550403945186,0.5529379896814627,0.08341705071305594,0.5217069448045168,0.491946656711615,0.02976028809290182
409,Solwezi,2017,1.1963223,0.3416960711336172,0.4371495494489819,-0.09545347831536466,0.597081342506997,0.5529379896814627,0.04414335282553428,0.6265939464208545,0.491946656711615,0.1346472897092395
410,Solwezi,2018,1.8318688,0.45207312869431016,0.4371495494489819,0.014923579245328278,0.48340873872535706,0.5529379896814627,-0.06952925095610563,0.48080294339073054,0.491946656711615,-0.011143713320884485
411,Solwezi,2019,1.984767841,0.4749105568075371,0.4371495494489819,0.0377610073585552,0.49465076027184685,0.5529379896814627,-0.05828722940961584,0.4354279516427191,0.491946656711615,-0.05651870506889595
412,Solwezi,2020,1.91589576,0.4647719943832569,0.4371495494489819,0.027622444934275014,0.5003177568843998,0.5529379896814627,-0.05262023279706285,0.5121212311796783,0.491946656711615,0.02017457446806331
413,Solwezi,2021,2.103332825,0.49182835512321194,0.4371495494489819,0.05467880567423006,0.6058142993056569,0.5529379896814627,0.05287630962419421,0.3750269228311909,0.491946656711615,-0.11691973388042415
414,Zambezi,2016,1.7252927,0.43541315291295085,0.43659521436362114,-0.001182061450670291,0.4484756873537407,0.4306439247548062,0.017831762598934542,0.5324837703227784,0.51300934530651,0.019474425016268393
415,Zambezi,2017,1.4904556,0.39627880350791955,0.43659521436362114,-0.04031641085570159,0.417738197098393,0.4306439247548062,-0.01290572765641318,0.5115130661454871,0.51300934530651,-0.0014962791610229065
416,Zambezi,2018,1.6222731,0.41867791986612324,0.43659521436362114,-0.017917294497497904,0.42877433671186316,0.4306439247548062,-0.0018695880429430156,0.4863176453926985,0.51300934530651,-0.026691699913811484
417,Zambezi,2019,1.184922761,0.33943608887422355,0.43659521436362114,-0.09715912548939759,0.38884823071798247,0.4306439247548062,-0.041795694036823705,0.4831366717414981,0.51300934530651,-0.029872673565011887
418,Zambezi,2020,1.689628352,0.4296922741189877,0.43659521436362114,-0.006902940244633449,0.4355756721431602,0.4306439247548062,0.004931747388354002,0.5895860736478209,0.51300934530651,0.0765767283413109
419,Zambezi,2021,2.981741365,0.6000730469015222,0.43659521436362114,0.16347783253790105,0.4644514245036976,0.4306439247548062,0.03380749974889141,0.47501884458877736,0.51300934530651,-0.037990500717732634
